complaint_id,customer_id,complaint_date,complaint_type,severity,department,status,resolution_days,customer_satisfaction
CMP000001,3668-QPYBK,2022-01-13,Wrong Charges,High,Technical,Open,,
CMP000002,3668-QPYBK,2021-07-21,Billing Complaint,Medium,Billing,Open,,
CMP000003,3668-QPYBK,2024-10-20,Low Download Speed,High,Technical,Open,,
CMP000004,9237-HQITU,2020-02-18,Call Drop,High,Billing,Resolved,11.0,3.0
CMP000005,9237-HQITU,2025-08-21,Streaming Issue,High,Sales,Open,,
CMP000006,9237-HQITU,2022-11-22,Poor Network,Low,Sales,Resolved,1.0,2.0
CMP000007,9305-CDSKC,2020-08-28,Poor Customer Support,Medium,Billing,Resolved,8.0,3.0
CMP000008,9305-CDSKC,2024-08-15,Low Download Speed,High,Technical,In Progress,,
CMP000009,7892-POOKP,2022-09-18,Frequent Disconnections,Low,Customer Care,In Progress,,
CMP000010,7892-POOKP,2023-06-07,Call Drop,Medium,Network,Resolved,2.0,2.0
CMP000011,0280-XJGEX,2021-08-09,Wrong Charges,High,Customer Care,Open,,
CMP000012,0280-XJGEX,2024-08-25,Slow Internet,Medium,Network,In Progress,,
CMP000013,0280-XJGEX,2025-08-01,Streaming Issue,Medium,Customer Care,Resolved,15.0,2.0
CMP000014,4190-MFLUW,2024-09-24,Slow Internet,Medium,Network,Resolved,13.0,3.0
CMP000015,8779-QRDMV,2022-01-22,Payment Issue,Low,Network,Resolved,11.0,3.0
CMP000016,8779-QRDMV,2022-07-14,Low Download Speed,High,Billing,Resolved,4.0,1.0
CMP000017,8779-QRDMV,2024-03-03,Call Drop,High,Network,Open,,
CMP000018,1066-JKSGK,2022-11-09,Billing Complaint,Medium,Network,In Progress,,
CMP000019,6467-CHFZW,2021-01-03,Frequent Disconnections,High,Sales,Open,,
CMP000020,6467-CHFZW,2022-10-22,Billing Complaint,Low,Billing,Closed,9.0,3.0
CMP000021,6467-CHFZW,2022-07-13,Wrong Charges,Medium,Sales,Open,,
CMP000022,8665-UTDHZ,2020-09-19,Streaming Issue,High,Technical,In Progress,,
CMP000023,8773-HHUOZ,2023-11-01,Poor Customer Support,Low,Customer Care,Resolved,12.0,1.0
CMP000024,6047-YHPVI,2020-07-25,Call Drop,Low,Sales,Resolved,14.0,3.0
CMP000025,6047-YHPVI,2020-01-14,Service Outage,Medium,Sales,Closed,12.0,3.0
CMP000026,6047-YHPVI,2025-11-23,Billing Complaint,Medium,Billing,Resolved,6.0,2.0
CMP000027,5380-WJKOV,2025-12-07,Call Drop,Medium,Network,Resolved,12.0,1.0
CMP000028,8168-UQWWF,2021-04-04,Wrong Charges,Medium,Customer Care,In Progress,,
CMP000029,8168-UQWWF,2023-01-12,Wrong Charges,High,Network,Resolved,9.0,1.0
CMP000030,7760-OYPDY,2023-05-02,Billing Complaint,Medium,Network,In Progress,,
CMP000031,7760-OYPDY,2020-02-12,Poor Network,Low,Network,Resolved,7.0,2.0
CMP000032,9420-LOJKX,2021-10-05,Call Drop,High,Sales,Open,,
CMP000033,9420-LOJKX,2023-11-05,Poor Network,High,Network,Open,,
CMP000034,9420-LOJKX,2024-11-11,Slow Internet,Medium,Customer Care,Resolved,3.0,3.0
CMP000035,7495-OOKFY,2021-02-03,Wrong Charges,Medium,Billing,Closed,14.0,3.0
CMP000036,7495-OOKFY,2023-01-15,Installation Delay,Medium,Network,Closed,13.0,2.0
CMP000037,1658-BYGOY,2025-02-22,Installation Delay,High,Customer Care,Resolved,9.0,2.0
CMP000038,1658-BYGOY,2025-01-14,Streaming Issue,Medium,Billing,Closed,3.0,1.0
CMP000039,5698-BQJOH,2025-11-26,Wrong Charges,High,Billing,Resolved,6.0,3.0
CMP000040,5698-BQJOH,2024-02-07,Frequent Disconnections,Medium,Network,In Progress,,
CMP000041,5919-TMRGD,2020-07-09,Slow Internet,High,Technical,Closed,6.0,3.0
CMP000042,9191-MYQKX,2023-08-15,Service Outage,Low,Customer Care,Closed,14.0,1.0
CMP000043,9191-MYQKX,2025-01-18,Service Outage,High,Network,Closed,9.0,2.0
CMP000044,8637-XJIVR,2025-05-03,Call Drop,Medium,Technical,Open,,
CMP000045,0278-YXOOG,2022-11-24,Customer Support,Low,Network,Resolved,10.0,3.0
CMP000046,0278-YXOOG,2022-03-11,Customer Support,Medium,Technical,Resolved,6.0,3.0
CMP000047,4598-XLKNJ,2020-05-21,Payment Issue,High,Billing,In Progress,,
CMP000048,3192-NQECA,2023-10-24,Poor Network,Low,Technical,Closed,7.0,3.0
CMP000049,3192-NQECA,2025-08-13,Frequent Disconnections,High,Network,Resolved,6.0,2.0
CMP000050,3192-NQECA,2024-07-24,Wrong Charges,Medium,Sales,Resolved,10.0,1.0
CMP000051,0486-HECZI,2021-09-03,Poor Customer Support,High,Network,Resolved,2.0,3.0
CMP000052,0486-HECZI,2020-09-27,Service Outage,Medium,Technical,Resolved,14.0,3.0
CMP000053,4846-WHAFZ,2022-09-15,Streaming Issue,Low,Billing,Open,,
CMP000054,5299-RULOA,2022-12-04,Frequent Disconnections,Medium,Network,Closed,14.0,2.0
CMP000055,5299-RULOA,2022-08-22,Streaming Issue,High,Sales,Open,,
CMP000056,5299-RULOA,2024-10-05,Streaming Issue,High,Network,Closed,14.0,3.0
CMP000057,0404-SWRVG,2022-04-11,Payment Issue,Medium,Billing,Closed,15.0,2.0
CMP000058,0404-SWRVG,2024-07-26,Service Outage,Low,Sales,Resolved,3.0,2.0
CMP000059,4412-YLTKF,2022-01-21,Installation Delay,Medium,Sales,Resolved,13.0,2.0
CMP000060,4412-YLTKF,2024-06-23,Poor Network,High,Network,Resolved,3.0,1.0
CMP000061,6207-WIOLX,2024-10-21,Streaming Issue,High,Sales,Closed,10.0,3.0
CMP000062,3091-FYHKI,2024-11-05,Installation Delay,Medium,Network,Resolved,14.0,1.0
CMP000063,3091-FYHKI,2022-10-11,Billing Complaint,High,Billing,Resolved,11.0,2.0
CMP000064,2372-HWUHI,2024-04-01,Poor Network,High,Network,Closed,7.0,2.0
CMP000065,2372-HWUHI,2024-01-12,Service Outage,High,Technical,Open,,
CMP000066,0390-DCFDQ,2024-05-02,Slow Internet,Low,Billing,Resolved,5.0,1.0
CMP000067,0390-DCFDQ,2025-03-01,Poor Customer Support,Medium,Sales,In Progress,,
CMP000068,4080-OGPJL,2025-04-28,Billing Complaint,Medium,Billing,Resolved,12.0,1.0
CMP000069,2135-RXIHG,2021-10-08,Billing Complaint,Medium,Customer Care,In Progress,,
CMP000070,2135-RXIHG,2021-09-23,Payment Issue,Low,Technical,Resolved,4.0,1.0
CMP000071,2135-RXIHG,2024-12-24,Billing Complaint,High,Customer Care,Closed,7.0,2.0
CMP000072,3874-EQOEP,2023-02-17,Slow Internet,Low,Sales,Resolved,15.0,1.0
CMP000073,3874-EQOEP,2022-09-02,Poor Customer Support,High,Sales,Closed,14.0,3.0
CMP000074,0867-MKZVY,2020-01-11,Wrong Charges,Medium,Technical,Resolved,3.0,1.0
CMP000075,3376-BMGFE,2023-08-01,Wrong Charges,High,Network,Closed,1.0,3.0
CMP000076,3445-HXXGF,2021-11-08,Low Download Speed,High,Customer Care,Closed,4.0,3.0
CMP000077,3445-HXXGF,2024-04-18,Call Drop,High,Sales,In Progress,,
CMP000078,3445-HXXGF,2025-09-17,Wrong Charges,High,Sales,Resolved,3.0,3.0
CMP000079,1875-QIVME,2023-01-04,Payment Issue,Medium,Customer Care,Resolved,4.0,2.0
CMP000080,1875-QIVME,2025-03-03,Low Download Speed,High,Technical,Resolved,4.0,1.0
CMP000081,0691-JVSYA,2023-05-04,Low Download Speed,High,Technical,In Progress,,
CMP000082,2656-FMOKZ,2022-04-16,Slow Internet,High,Technical,In Progress,,
CMP000083,2656-FMOKZ,2023-08-10,Billing Complaint,Medium,Customer Care,Closed,12.0,1.0
CMP000084,2070-FNEXE,2020-12-11,Service Outage,High,Customer Care,Open,,
CMP000085,6317-YPKDH,2023-08-26,Call Drop,Low,Billing,Closed,10.0,3.0
CMP000086,6317-YPKDH,2023-09-25,Frequent Disconnections,Medium,Network,Resolved,5.0,1.0
CMP000087,9367-WXLCH,2025-06-02,Frequent Disconnections,Medium,Billing,Closed,6.0,1.0
CMP000088,9367-WXLCH,2021-11-23,Poor Network,Medium,Customer Care,In Progress,,
CMP000089,9367-WXLCH,2023-03-01,Wrong Charges,Low,Customer Care,In Progress,,
CMP000090,1918-ZBFQJ,2020-10-07,Streaming Issue,High,Customer Care,Resolved,15.0,2.0
CMP000091,1024-GUALD,2020-04-26,Streaming Issue,Low,Technical,Resolved,10.0,1.0
CMP000092,1024-GUALD,2025-12-17,Billing Complaint,Low,Network,Resolved,7.0,1.0
CMP000093,1024-GUALD,2024-12-11,Poor Network,High,Billing,Resolved,15.0,1.0
CMP000094,2472-OVKUP,2025-07-19,Poor Customer Support,Low,Network,Open,,
CMP000095,2472-OVKUP,2025-09-22,Payment Issue,Medium,Technical,Resolved,12.0,1.0
CMP000096,1285-OKIPP,2022-02-20,Billing Complaint,Medium,Network,Resolved,14.0,3.0
CMP000097,1285-OKIPP,2020-02-03,Poor Customer Support,Medium,Billing,In Progress,,
CMP000098,1285-OKIPP,2024-02-25,Installation Delay,Low,Network,Open,,
CMP000099,7825-ECJRF,2024-10-16,Service Outage,Medium,Technical,In Progress,,
CMP000100,7841-TZDMQ,2020-10-21,Payment Issue,Medium,Billing,In Progress,,
CMP000101,7841-TZDMQ,2025-05-21,Billing Complaint,Medium,Network,Resolved,15.0,2.0
CMP000102,7841-TZDMQ,2024-03-18,Streaming Issue,High,Customer Care,Open,,
CMP000103,9408-SSNVZ,2024-03-05,Billing Complaint,High,Network,Closed,6.0,2.0
CMP000104,9408-SSNVZ,2021-09-21,Streaming Issue,High,Billing,Resolved,9.0,3.0
CMP000105,0742-MOABM,2025-06-06,Frequent Disconnections,Low,Billing,Closed,13.0,3.0
CMP000106,0742-MOABM,2022-12-02,Low Download Speed,High,Technical,Resolved,10.0,1.0
CMP000107,0742-MOABM,2022-09-24,Streaming Issue,High,Sales,In Progress,,
CMP000108,2232-DMLXU,2022-02-08,Slow Internet,Medium,Customer Care,Resolved,6.0,1.0
CMP000109,2232-DMLXU,2025-09-21,Installation Delay,High,Technical,Resolved,8.0,2.0
CMP000110,8937-RDTHP,2024-07-11,Call Drop,Medium,Billing,In Progress,,
CMP000111,8937-RDTHP,2022-05-17,Service Outage,Medium,Network,Resolved,4.0,1.0
CMP000112,1251-KRREG,2022-10-14,Wrong Charges,High,Sales,In Progress,,
CMP000113,0094-OIFMO,2022-12-15,Frequent Disconnections,Low,Sales,Resolved,4.0,2.0
CMP000114,0094-OIFMO,2023-11-10,Poor Network,Medium,Technical,Closed,14.0,3.0
CMP000115,9947-OTFQU,2021-08-27,Billing Complaint,High,Technical,Resolved,3.0,3.0
CMP000116,0322-YINQP,2023-09-15,Slow Internet,Medium,Customer Care,Resolved,3.0,2.0
CMP000117,4629-NRXKX,2023-03-08,Payment Issue,High,Network,In Progress,,
CMP000118,4629-NRXKX,2024-11-14,Slow Internet,Medium,Billing,Open,,
CMP000119,9514-JDSKI,2021-07-23,Poor Network,High,Network,Resolved,2.0,2.0
CMP000120,4959-JOSRX,2022-09-18,Call Drop,Low,Network,Resolved,3.0,2.0
CMP000121,4959-JOSRX,2021-01-18,Poor Network,Medium,Sales,Resolved,5.0,1.0
CMP000122,4959-JOSRX,2022-02-11,Installation Delay,Medium,Technical,Closed,5.0,2.0
CMP000123,7273-TEFQD,2022-04-01,Call Drop,Medium,Sales,In Progress,,
CMP000124,7273-TEFQD,2023-06-13,Payment Issue,Medium,Technical,Closed,12.0,2.0
CMP000125,3606-TWKGI,2020-01-17,Poor Network,Medium,Billing,In Progress,,
CMP000126,3606-TWKGI,2025-02-09,Billing Complaint,Medium,Sales,In Progress,,
CMP000127,6323-AYBRX,2023-04-14,Billing Complaint,Medium,Sales,In Progress,,
CMP000128,6323-AYBRX,2021-05-24,Customer Support,Low,Customer Care,Resolved,4.0,3.0
CMP000129,6323-AYBRX,2022-02-04,Payment Issue,Medium,Sales,Resolved,9.0,3.0
CMP000130,4385-GZQXV,2022-12-04,Payment Issue,Low,Customer Care,Closed,12.0,3.0
CMP000131,4385-GZQXV,2023-09-15,Poor Network,Medium,Sales,Resolved,6.0,3.0
CMP000132,6366-ZGQGL,2023-11-15,Billing Complaint,High,Technical,Open,,
CMP000133,6366-ZGQGL,2021-09-17,Poor Customer Support,Medium,Sales,Resolved,14.0,3.0
CMP000134,5940-AHUHD,2023-08-26,Poor Customer Support,High,Billing,Resolved,13.0,3.0
CMP000135,6432-TWQLB,2020-04-06,Installation Delay,Medium,Sales,Resolved,4.0,2.0
CMP000136,6432-TWQLB,2021-08-02,Slow Internet,Medium,Technical,Resolved,10.0,2.0
CMP000137,6432-TWQLB,2022-02-08,Installation Delay,Medium,Technical,Resolved,10.0,1.0
CMP000138,4484-GLZOU,2023-05-17,Wrong Charges,High,Technical,Closed,5.0,2.0
CMP000139,4484-GLZOU,2021-08-22,Poor Customer Support,Low,Network,Resolved,2.0,2.0
CMP000140,9512-UIBFX,2024-02-02,Service Outage,High,Sales,Closed,4.0,1.0
CMP000141,5583-SXDAG,2020-08-03,Installation Delay,High,Billing,Open,,
CMP000142,5583-SXDAG,2023-06-09,Poor Customer Support,Medium,Billing,Open,,
CMP000143,5583-SXDAG,2021-07-07,Call Drop,Medium,Technical,Resolved,10.0,3.0
CMP000144,3488-PGMQJ,2020-12-01,Call Drop,Low,Customer Care,Closed,7.0,1.0
CMP000145,3488-PGMQJ,2024-08-22,Frequent Disconnections,Medium,Billing,Resolved,11.0,2.0
CMP000146,3580-REOAC,2021-01-14,Poor Customer Support,Medium,Customer Care,Open,,
CMP000147,7534-BFESC,2021-07-10,Poor Network,High,Sales,Resolved,15.0,2.0
CMP000148,7534-BFESC,2025-10-20,Slow Internet,Low,Billing,Resolved,7.0,1.0
CMP000149,6390-DSAZX,2025-06-28,Streaming Issue,High,Network,In Progress,,
CMP000150,6390-DSAZX,2021-10-08,Frequent Disconnections,Medium,Technical,Resolved,8.0,2.0
CMP000151,8098-LLAZX,2024-05-15,Slow Internet,Medium,Customer Care,Open,,
CMP000152,8098-LLAZX,2020-12-07,Service Outage,High,Technical,Closed,12.0,3.0
CMP000153,0265-EDXBD,2020-06-03,Poor Network,High,Network,Closed,3.0,2.0
CMP000154,0265-EDXBD,2022-06-25,Poor Network,Low,Customer Care,Closed,11.0,2.0
CMP000155,7563-BIUPC,2020-04-25,Billing Complaint,High,Sales,Open,,
CMP000156,7563-BIUPC,2025-10-01,Installation Delay,High,Network,Resolved,11.0,1.0
CMP000157,2321-OMBXY,2022-03-28,Frequent Disconnections,Low,Network,In Progress,,
CMP000158,2321-OMBXY,2020-12-07,Frequent Disconnections,High,Technical,In Progress,,
CMP000159,2321-OMBXY,2020-05-25,Poor Customer Support,High,Technical,In Progress,,
CMP000160,2840-XANRC,2020-07-11,Billing Complaint,High,Billing,Open,,
CMP000161,2840-XANRC,2021-09-09,Poor Customer Support,Medium,Technical,Resolved,14.0,1.0
CMP000162,5020-ZSTTY,2020-10-11,Low Download Speed,Low,Sales,In Progress,,
CMP000163,5020-ZSTTY,2022-09-03,Call Drop,Medium,Customer Care,In Progress,,
CMP000164,5804-LEPIM,2020-06-06,Installation Delay,High,Technical,Open,,
CMP000165,5804-LEPIM,2022-08-17,Low Download Speed,Medium,Network,In Progress,,
CMP000166,0122-OAHPZ,2020-07-06,Streaming Issue,Medium,Customer Care,Resolved,6.0,1.0
CMP000167,0122-OAHPZ,2024-02-04,Call Drop,Medium,Sales,Open,,
CMP000168,0122-OAHPZ,2021-02-04,Low Download Speed,Medium,Customer Care,Closed,4.0,1.0
CMP000169,2868-SNELZ,2021-04-03,Slow Internet,High,Sales,Open,,
CMP000170,2868-SNELZ,2022-10-04,Streaming Issue,High,Technical,Resolved,15.0,1.0
CMP000171,4322-RCYMT,2021-01-23,Streaming Issue,High,Sales,Closed,9.0,3.0
CMP000172,4322-RCYMT,2022-02-28,Frequent Disconnections,Medium,Customer Care,Closed,1.0,2.0
CMP000173,4322-RCYMT,2020-07-21,Installation Delay,Low,Billing,Open,,
CMP000174,6680-NENYN,2025-02-25,Installation Delay,Low,Sales,Closed,11.0,1.0
CMP000175,6680-NENYN,2022-05-06,Installation Delay,High,Sales,Closed,3.0,1.0
CMP000176,1343-EHPYB,2022-04-23,Poor Network,High,Customer Care,Open,,
CMP000177,1343-EHPYB,2020-02-15,Poor Customer Support,Low,Technical,Resolved,8.0,1.0
CMP000178,1343-EHPYB,2024-05-26,Wrong Charges,High,Billing,Open,,
CMP000179,2034-GDRCN,2025-05-01,Call Drop,High,Sales,Resolved,10.0,2.0
CMP000180,2034-GDRCN,2020-04-09,Billing Complaint,Medium,Technical,Closed,7.0,1.0
CMP000181,0219-YTZUE,2025-11-11,Billing Complaint,Low,Network,Resolved,8.0,2.0
CMP000182,0219-YTZUE,2022-12-20,Poor Customer Support,Medium,Network,Resolved,8.0,3.0
CMP000183,0219-YTZUE,2024-06-16,Installation Delay,Medium,Network,Open,,
CMP000184,0623-IIHUG,2020-11-13,Streaming Issue,Medium,Sales,Closed,14.0,3.0
CMP000185,4572-DVCGN,2023-06-06,Call Drop,Medium,Technical,Open,,
CMP000186,9057-MSWCO,2022-07-07,Frequent Disconnections,High,Sales,Resolved,14.0,3.0
CMP000187,1010-DIAUQ,2023-06-03,Billing Complaint,Medium,Billing,Open,,
CMP000188,1010-DIAUQ,2025-03-22,Wrong Charges,High,Network,Resolved,5.0,3.0
CMP000189,1010-DIAUQ,2023-03-22,Payment Issue,Low,Sales,Resolved,12.0,1.0
CMP000190,0259-GBZSH,2025-01-18,Billing Complaint,Medium,Network,Resolved,2.0,3.0
CMP000191,0259-GBZSH,2024-01-01,Payment Issue,Medium,Customer Care,Open,,
CMP000192,9601-BRXPO,2025-12-09,Streaming Issue,High,Network,In Progress,,
CMP000193,9601-BRXPO,2022-07-15,Slow Internet,Medium,Network,Open,,
CMP000194,9601-BRXPO,2022-03-20,Poor Customer Support,Low,Customer Care,Closed,5.0,3.0
CMP000195,6905-NIQIN,2023-01-20,Streaming Issue,Medium,Customer Care,In Progress,,
CMP000196,5167-ZFFMM,2020-01-13,Call Drop,High,Billing,Resolved,7.0,3.0
CMP000197,4895-TMWIR,2022-06-20,Payment Issue,Medium,Technical,Resolved,12.0,1.0
CMP000198,4895-TMWIR,2020-09-14,Billing Complaint,Medium,Network,Closed,13.0,1.0
CMP000199,0533-BNWKF,2022-01-14,Low Download Speed,High,Sales,Resolved,2.0,2.0
CMP000200,0533-BNWKF,2024-07-01,Installation Delay,Medium,Billing,In Progress,,
CMP000201,6599-CEBNN,2023-05-21,Poor Network,High,Network,In Progress,,
CMP000202,6599-CEBNN,2025-11-19,Low Download Speed,High,Customer Care,Resolved,3.0,1.0
CMP000203,6599-CEBNN,2024-01-22,Streaming Issue,High,Technical,Open,,
CMP000204,0979-PHULV,2023-09-22,Low Download Speed,High,Technical,Resolved,13.0,1.0
CMP000205,4800-VHZKI,2024-07-14,Payment Issue,High,Billing,Resolved,13.0,3.0
CMP000206,4800-VHZKI,2025-02-22,Payment Issue,High,Billing,In Progress,,
CMP000207,7989-CHGTL,2022-12-24,Customer Support,High,Customer Care,Open,,
CMP000208,0334-GDDSO,2021-07-01,Service Outage,Medium,Network,Closed,12.0,1.0
CMP000209,0578-SKVMF,2021-09-22,Slow Internet,High,Technical,In Progress,,
CMP000210,0578-SKVMF,2023-07-12,Low Download Speed,Medium,Technical,Resolved,4.0,1.0
CMP000211,5564-NEMQO,2024-03-06,Low Download Speed,High,Sales,Resolved,13.0,1.0
CMP000212,5564-NEMQO,2020-05-17,Low Download Speed,Medium,Billing,Open,,
CMP000213,5564-NEMQO,2023-07-08,Wrong Charges,High,Customer Care,In Progress,,
CMP000214,9063-ZGTUY,2022-01-11,Payment Issue,High,Customer Care,Resolved,5.0,1.0
CMP000215,9063-ZGTUY,2020-03-10,Payment Issue,High,Sales,In Progress,,
CMP000216,9063-ZGTUY,2022-12-07,Billing Complaint,Medium,Technical,Resolved,2.0,2.0
CMP000217,2957-LOLHO,2020-11-11,Wrong Charges,Medium,Technical,Closed,15.0,2.0
CMP000218,2957-LOLHO,2024-11-16,Installation Delay,High,Sales,Closed,7.0,2.0
CMP000219,7752-XUSCI,2024-12-05,Streaming Issue,High,Billing,Resolved,3.0,3.0
CMP000220,7752-XUSCI,2020-08-08,Service Outage,High,Billing,Resolved,6.0,3.0
CMP000221,7752-XUSCI,2021-10-22,Slow Internet,Low,Network,Closed,4.0,3.0
CMP000222,4110-PFEUZ,2020-03-20,Frequent Disconnections,High,Network,Resolved,5.0,1.0
CMP000223,0256-LTHVJ,2024-01-03,Low Download Speed,Low,Billing,Open,,
CMP000224,0256-LTHVJ,2024-06-03,Wrong Charges,Medium,Technical,Resolved,13.0,3.0
CMP000225,0256-LTHVJ,2025-06-02,Streaming Issue,High,Technical,In Progress,,
CMP000226,0880-TKATG,2023-04-05,Poor Customer Support,High,Technical,Resolved,13.0,1.0
CMP000227,0880-TKATG,2024-08-19,Streaming Issue,High,Technical,Open,,
CMP000228,0880-TKATG,2025-02-05,Payment Issue,High,Billing,Open,,
CMP000229,3811-VBYBZ,2022-05-24,Call Drop,Medium,Technical,Resolved,3.0,1.0
CMP000230,3811-VBYBZ,2023-05-18,Frequent Disconnections,Low,Network,Open,,
CMP000231,4640-UHDOS,2020-03-25,Poor Network,High,Network,Resolved,6.0,2.0
CMP000232,4640-UHDOS,2020-06-27,Streaming Issue,Low,Technical,Closed,10.0,1.0
CMP000233,4640-UHDOS,2025-03-02,Billing Complaint,Low,Network,In Progress,,
CMP000234,3583-EKAPL,2023-01-06,Call Drop,High,Sales,Open,,
CMP000235,3583-EKAPL,2023-12-20,Call Drop,Medium,Network,Closed,12.0,1.0
CMP000236,9399-APLBT,2022-10-06,Service Outage,High,Network,Closed,7.0,3.0
CMP000237,9399-APLBT,2025-05-07,Call Drop,High,Customer Care,Open,,
CMP000238,2359-KMGLI,2024-06-06,Payment Issue,High,Network,In Progress,,
CMP000239,2359-KMGLI,2020-10-17,Installation Delay,Medium,Customer Care,In Progress,,
CMP000240,2359-KMGLI,2024-10-10,Service Outage,Low,Technical,In Progress,,
CMP000241,0306-JAELE,2020-02-13,Wrong Charges,Medium,Sales,Closed,11.0,1.0
CMP000242,6227-HWPWX,2020-06-27,Frequent Disconnections,High,Sales,Resolved,1.0,2.0
CMP000243,0447-BEMNG,2022-03-21,Poor Network,High,Sales,Resolved,6.0,3.0
CMP000244,5949-XIKAE,2022-08-10,Payment Issue,Medium,Technical,Resolved,8.0,2.0
CMP000245,5949-XIKAE,2022-06-25,Call Drop,Low,Network,Resolved,11.0,2.0
CMP000246,8372-JUXUI,2022-02-20,Streaming Issue,Low,Billing,Resolved,6.0,3.0
CMP000247,0388-EOPEX,2021-06-22,Slow Internet,Low,Technical,Closed,3.0,1.0
CMP000248,0388-EOPEX,2025-10-03,Poor Customer Support,Medium,Billing,Resolved,1.0,2.0
CMP000249,8205-OTCHB,2020-01-09,Frequent Disconnections,Medium,Billing,Resolved,14.0,2.0
CMP000250,8205-OTCHB,2022-12-06,Slow Internet,High,Customer Care,In Progress,,
CMP000251,8205-OTCHB,2024-02-03,Service Outage,High,Technical,Resolved,12.0,3.0
CMP000252,6235-VDHOM,2025-06-09,Poor Network,Low,Sales,In Progress,,
CMP000253,6235-VDHOM,2025-08-15,Billing Complaint,Low,Customer Care,Resolved,2.0,1.0
CMP000254,7783-YKGDV,2023-09-09,Poor Network,Low,Sales,Closed,15.0,2.0
CMP000255,7783-YKGDV,2021-10-13,Frequent Disconnections,Medium,Network,Open,,
CMP000256,5609-CEBID,2025-04-21,Slow Internet,Medium,Sales,Resolved,7.0,2.0
CMP000257,5609-CEBID,2023-09-25,Call Drop,Medium,Customer Care,Closed,7.0,3.0
CMP000258,5609-CEBID,2020-03-03,Streaming Issue,Low,Network,In Progress,,
CMP000259,7218-HKQFK,2025-09-02,Service Outage,High,Customer Care,Closed,11.0,2.0
CMP000260,4636-QRJKY,2025-11-14,Poor Network,Medium,Technical,Open,,
CMP000261,5956-VKDTT,2022-04-10,Installation Delay,Medium,Sales,Resolved,2.0,1.0
CMP000262,5956-VKDTT,2022-05-26,Billing Complaint,High,Customer Care,Open,,
CMP000263,5956-VKDTT,2020-08-11,Poor Network,Medium,Sales,Open,,
CMP000264,9412-GHEEC,2024-08-18,Installation Delay,High,Technical,In Progress,,
CMP000265,9412-GHEEC,2025-06-18,Low Download Speed,High,Technical,Resolved,8.0,3.0
CMP000266,0257-ZESQC,2025-06-27,Wrong Charges,High,Technical,Resolved,4.0,3.0
CMP000267,6825-UYPFK,2025-06-02,Installation Delay,High,Customer Care,Resolved,10.0,3.0
CMP000268,8397-MVTAZ,2022-10-01,Streaming Issue,High,Customer Care,In Progress,,
CMP000269,8397-MVTAZ,2022-03-20,Call Drop,Low,Network,Resolved,4.0,2.0
CMP000270,9282-IZGQK,2025-09-18,Frequent Disconnections,High,Technical,Resolved,12.0,2.0
CMP000271,9282-IZGQK,2021-05-23,Poor Network,Medium,Technical,Closed,12.0,3.0
CMP000272,1342-JPNKI,2024-07-19,Payment Issue,Low,Customer Care,In Progress,,
CMP000273,1342-JPNKI,2025-07-27,Wrong Charges,Medium,Customer Care,Resolved,9.0,3.0
CMP000274,1342-JPNKI,2023-01-28,Low Download Speed,High,Sales,Open,,
CMP000275,2817-NTQDO,2020-04-27,Wrong Charges,Medium,Technical,Open,,
CMP000276,2817-NTQDO,2021-08-21,Low Download Speed,Low,Customer Care,Resolved,15.0,2.0
CMP000277,6986-IJDHX,2021-06-07,Streaming Issue,High,Network,Resolved,4.0,1.0
CMP000278,6986-IJDHX,2022-02-08,Service Outage,High,Billing,Resolved,12.0,2.0
CMP000279,6986-IJDHX,2024-11-08,Call Drop,Medium,Sales,Closed,11.0,2.0
CMP000280,5301-GAUUY,2023-09-15,Low Download Speed,Low,Technical,In Progress,,
CMP000281,5301-GAUUY,2023-05-16,Wrong Charges,Medium,Sales,Closed,1.0,2.0
CMP000282,0939-YAPAF,2024-10-15,Low Download Speed,High,Customer Care,Resolved,9.0,2.0
CMP000283,0939-YAPAF,2022-02-24,Poor Network,High,Billing,Resolved,13.0,2.0
CMP000284,0939-YAPAF,2025-02-13,Streaming Issue,Medium,Sales,Closed,4.0,1.0
CMP000285,4710-FDUIZ,2021-03-16,Installation Delay,Low,Billing,Resolved,6.0,2.0
CMP000286,4710-FDUIZ,2020-06-11,Call Drop,High,Customer Care,Resolved,10.0,1.0
CMP000287,4710-FDUIZ,2025-11-26,Installation Delay,Medium,Network,Resolved,12.0,1.0
CMP000288,1218-VKFPE,2023-06-10,Payment Issue,Low,Sales,Resolved,12.0,1.0
CMP000289,1218-VKFPE,2021-01-20,Billing Complaint,High,Customer Care,Resolved,2.0,3.0
CMP000290,3627-FHKBK,2023-05-16,Low Download Speed,Low,Technical,Resolved,3.0,2.0
CMP000291,2865-TCHJW,2024-12-01,Slow Internet,High,Sales,In Progress,,
CMP000292,2865-TCHJW,2020-02-03,Billing Complaint,High,Technical,Resolved,8.0,3.0
CMP000293,2865-TCHJW,2020-02-17,Frequent Disconnections,High,Customer Care,Open,,
CMP000294,5192-EBGOV,2025-04-09,Streaming Issue,Medium,Technical,Resolved,11.0,1.0
CMP000295,5192-EBGOV,2023-06-20,Streaming Issue,Medium,Network,Closed,10.0,2.0
CMP000296,5192-EBGOV,2025-01-12,Installation Delay,Medium,Technical,In Progress,,
CMP000297,0719-SYFRB,2023-06-06,Poor Network,High,Technical,Closed,6.0,3.0
CMP000298,0719-SYFRB,2021-07-13,Installation Delay,Medium,Billing,Closed,5.0,2.0
CMP000299,0719-SYFRB,2025-01-02,Call Drop,High,Customer Care,Open,,
CMP000300,3419-SNJJD,2024-10-10,Poor Customer Support,Medium,Network,Resolved,8.0,3.0
CMP000301,6543-CPZMK,2025-05-15,Call Drop,High,Network,In Progress,,
CMP000302,4765-OXPPD,2023-07-11,Low Download Speed,High,Technical,Resolved,8.0,3.0
CMP000303,4765-OXPPD,2021-02-18,Low Download Speed,Medium,Technical,Closed,3.0,2.0
CMP000304,1009-IRMNA,2024-04-09,Billing Complaint,Medium,Technical,Closed,1.0,3.0
CMP000305,1009-IRMNA,2022-06-12,Payment Issue,Medium,Network,Resolved,14.0,3.0
CMP000306,4554-YGZIH,2024-05-06,Frequent Disconnections,Medium,Network,Closed,9.0,1.0
CMP000307,4554-YGZIH,2023-09-12,Frequent Disconnections,Low,Sales,Resolved,6.0,3.0
CMP000308,4554-YGZIH,2021-09-06,Frequent Disconnections,High,Network,Resolved,13.0,1.0
CMP000309,5099-BAILX,2025-09-22,Service Outage,High,Network,Open,,
CMP000310,5099-BAILX,2022-05-12,Poor Network,Medium,Billing,Closed,1.0,3.0
CMP000311,5099-BAILX,2024-10-11,Wrong Charges,Medium,Customer Care,In Progress,,
CMP000312,7207-RMRDB,2025-10-11,Low Download Speed,High,Billing,Open,,
CMP000313,4913-EHYUI,2022-12-08,Low Download Speed,High,Sales,Closed,3.0,2.0
CMP000314,4913-EHYUI,2020-01-10,Frequent Disconnections,Medium,Customer Care,Closed,12.0,3.0
CMP000315,4913-EHYUI,2022-06-19,Service Outage,Medium,Technical,Closed,8.0,1.0
CMP000316,0195-IESCP,2021-09-06,Call Drop,Medium,Network,Resolved,10.0,2.0
CMP000317,4580-TMHJU,2020-09-02,Call Drop,Medium,Billing,Closed,2.0,2.0
CMP000318,4580-TMHJU,2024-12-11,Frequent Disconnections,Medium,Billing,In Progress,,
CMP000319,0970-ETWGE,2020-05-07,Low Download Speed,High,Network,Resolved,1.0,2.0
CMP000320,0970-ETWGE,2020-04-04,Wrong Charges,Low,Technical,Resolved,14.0,3.0
CMP000321,0970-ETWGE,2020-02-11,Call Drop,Medium,Billing,Closed,14.0,3.0
CMP000322,1626-ERCMM,2025-01-14,Service Outage,High,Billing,Open,,
CMP000323,0887-HJGAR,2021-06-18,Service Outage,High,Technical,In Progress,,
CMP000324,0887-HJGAR,2024-06-15,Frequent Disconnections,High,Network,In Progress,,
CMP000325,5644-PDMZC,2022-01-09,Poor Network,Medium,Sales,Resolved,14.0,2.0
CMP000326,9576-ANLXO,2020-03-16,Poor Customer Support,Medium,Network,Closed,11.0,3.0
CMP000327,9576-ANLXO,2020-02-12,Wrong Charges,Medium,Technical,Resolved,10.0,2.0
CMP000328,9576-ANLXO,2022-11-11,Streaming Issue,High,Technical,Closed,12.0,1.0
CMP000329,2024-BASKD,2023-09-15,Service Outage,Low,Network,Open,,
CMP000330,4160-AMJTL,2025-09-17,Customer Support,High,Network,Closed,13.0,1.0
CMP000331,4160-AMJTL,2023-02-13,Payment Issue,High,Customer Care,Open,,
CMP000332,4160-AMJTL,2023-06-17,Billing Complaint,High,Billing,Closed,13.0,3.0
CMP000333,4464-JCOLN,2023-02-12,Payment Issue,Medium,Sales,Resolved,7.0,3.0
CMP000334,5650-VDUDS,2025-10-13,Wrong Charges,Medium,Technical,Resolved,11.0,2.0
CMP000335,7538-GWHML,2024-01-03,Low Download Speed,Medium,Billing,In Progress,,
CMP000336,7538-GWHML,2023-08-26,Payment Issue,High,Sales,Resolved,8.0,1.0
CMP000337,7538-GWHML,2021-09-24,Billing Complaint,High,Customer Care,In Progress,,
CMP000338,3859-CVCET,2022-06-05,Payment Issue,Medium,Customer Care,Closed,2.0,3.0
CMP000339,3859-CVCET,2023-01-21,Slow Internet,Low,Sales,Closed,11.0,1.0
CMP000340,3859-CVCET,2022-09-03,Call Drop,Low,Technical,Closed,4.0,2.0
CMP000341,3276-HDUEG,2022-11-17,Frequent Disconnections,Low,Billing,In Progress,,
CMP000342,0823-HSCDJ,2020-12-08,Wrong Charges,High,Network,Resolved,12.0,2.0
CMP000343,0823-HSCDJ,2020-07-14,Low Download Speed,Medium,Network,Closed,15.0,1.0
CMP000344,0823-HSCDJ,2024-05-14,Slow Internet,Medium,Customer Care,Resolved,9.0,1.0
CMP000345,0822-GAVAP,2023-10-07,Wrong Charges,High,Technical,Open,,
CMP000346,1448-PWKYE,2025-09-18,Streaming Issue,High,Sales,Closed,9.0,1.0
CMP000347,0067-DKWBL,2023-07-23,Installation Delay,High,Billing,Open,,
CMP000348,0067-DKWBL,2024-11-21,Slow Internet,High,Sales,Resolved,2.0,2.0
CMP000349,2276-YDAVZ,2024-10-02,Low Download Speed,Medium,Network,Resolved,4.0,3.0
CMP000350,2276-YDAVZ,2024-04-22,Frequent Disconnections,Medium,Technical,Resolved,7.0,3.0
CMP000351,5896-NPFWW,2024-06-28,Frequent Disconnections,High,Billing,Closed,12.0,3.0
CMP000352,5896-NPFWW,2023-03-17,Payment Issue,High,Technical,Resolved,3.0,1.0
CMP000353,5896-NPFWW,2021-10-12,Installation Delay,High,Network,Resolved,15.0,2.0
CMP000354,7133-VBDCG,2021-02-03,Slow Internet,High,Sales,Open,,
CMP000355,1029-QFBEN,2024-05-14,Payment Issue,Medium,Customer Care,Resolved,3.0,1.0
CMP000356,1029-QFBEN,2021-06-14,Customer Support,High,Customer Care,Resolved,13.0,3.0
CMP000357,4952-YSOGZ,2022-07-05,Billing Complaint,Medium,Sales,Open,,
CMP000358,4952-YSOGZ,2025-11-06,Call Drop,High,Sales,In Progress,,
CMP000359,1589-AGTLK,2022-05-13,Streaming Issue,High,Network,Closed,3.0,2.0
CMP000360,1589-AGTLK,2021-10-26,Payment Issue,Medium,Customer Care,In Progress,,
CMP000361,1589-AGTLK,2020-01-14,Payment Issue,High,Sales,Resolved,3.0,3.0
CMP000362,5244-IRFIH,2021-10-22,Billing Complaint,High,Billing,Resolved,10.0,1.0
CMP000363,5244-IRFIH,2023-06-18,Service Outage,High,Sales,Resolved,7.0,2.0
CMP000364,2684-EIWEO,2022-09-04,Slow Internet,Medium,Customer Care,Resolved,3.0,3.0
CMP000365,6439-GTPCA,2024-01-12,Streaming Issue,Medium,Customer Care,Closed,14.0,2.0
CMP000366,5138-WVKYJ,2025-05-10,Wrong Charges,Low,Customer Care,Resolved,9.0,2.0
CMP000367,5138-WVKYJ,2023-02-01,Low Download Speed,Medium,Network,In Progress,,
CMP000368,6683-VLCTZ,2025-02-09,Low Download Speed,Low,Network,Closed,12.0,3.0
CMP000369,6683-VLCTZ,2021-01-12,Low Download Speed,Low,Customer Care,Resolved,1.0,2.0
CMP000370,6683-VLCTZ,2021-04-15,Payment Issue,High,Sales,Resolved,12.0,2.0
CMP000371,2189-WWOEW,2022-10-01,Installation Delay,High,Network,Closed,15.0,2.0
CMP000372,1894-IGFSG,2021-05-09,Streaming Issue,Medium,Network,In Progress,,
CMP000373,1894-IGFSG,2025-12-15,Service Outage,High,Network,Open,,
CMP000374,1894-IGFSG,2023-04-28,Frequent Disconnections,High,Technical,Resolved,12.0,1.0
CMP000375,7379-POKDZ,2023-08-26,Payment Issue,Medium,Billing,Open,,
CMP000376,7379-POKDZ,2023-05-09,Streaming Issue,Medium,Network,Open,,
CMP000377,7379-POKDZ,2023-02-27,Service Outage,Medium,Technical,Closed,2.0,1.0
CMP000378,0236-HFWSV,2024-12-14,Installation Delay,Medium,Billing,Closed,10.0,3.0
CMP000379,0236-HFWSV,2021-09-27,Low Download Speed,Medium,Billing,Resolved,8.0,1.0
CMP000380,0236-HFWSV,2024-01-24,Slow Internet,High,Network,Closed,7.0,1.0
CMP000381,3900-AQPHZ,2021-08-18,Billing Complaint,Medium,Billing,Open,,
CMP000382,3900-AQPHZ,2022-11-19,Customer Support,High,Customer Care,In Progress,,
CMP000383,3900-AQPHZ,2020-10-27,Customer Support,Low,Network,Resolved,3.0,3.0
CMP000384,5842-POCOP,2020-04-01,Wrong Charges,High,Network,Closed,9.0,1.0
CMP000385,2037-XJFUP,2023-01-16,Call Drop,Medium,Technical,Open,,
CMP000386,2037-XJFUP,2022-07-27,Installation Delay,High,Sales,In Progress,,
CMP000387,2037-XJFUP,2025-07-25,Frequent Disconnections,Medium,Customer Care,Resolved,1.0,1.0
CMP000388,7314-OXENN,2023-08-24,Installation Delay,High,Sales,Resolved,8.0,2.0
CMP000389,0322-CHQRU,2021-01-18,Slow Internet,Medium,Customer Care,Resolved,14.0,1.0
CMP000390,0322-CHQRU,2023-07-23,Installation Delay,High,Sales,Resolved,1.0,3.0
CMP000391,0322-CHQRU,2025-10-24,Service Outage,Low,Network,Resolved,4.0,2.0
CMP000392,4678-DVQEO,2025-09-24,Poor Network,Medium,Technical,Resolved,15.0,1.0
CMP000393,0691-IFBQW,2020-09-17,Service Outage,High,Technical,Resolved,14.0,1.0
CMP000394,0691-IFBQW,2020-05-26,Billing Complaint,Medium,Billing,Open,,
CMP000395,0691-IFBQW,2024-05-11,Poor Customer Support,Medium,Network,Closed,1.0,2.0
CMP000396,3009-JWMPU,2025-12-04,Low Download Speed,High,Network,In Progress,,
CMP000397,3009-JWMPU,2020-04-13,Installation Delay,High,Billing,Closed,12.0,2.0
CMP000398,1450-GALXR,2020-09-20,Poor Customer Support,Medium,Network,Closed,8.0,2.0
CMP000399,1450-GALXR,2023-10-15,Wrong Charges,Medium,Billing,Resolved,15.0,2.0
CMP000400,1450-GALXR,2024-05-10,Wrong Charges,High,Technical,Open,,
CMP000401,3138-BKYAV,2025-09-01,Installation Delay,Medium,Technical,Resolved,8.0,2.0
CMP000402,3138-BKYAV,2022-05-06,Low Download Speed,Medium,Sales,Resolved,12.0,1.0
CMP000403,4289-DTDKW,2024-05-08,Frequent Disconnections,Low,Sales,Resolved,8.0,1.0
CMP000404,4289-DTDKW,2024-06-13,Service Outage,Medium,Customer Care,Closed,2.0,2.0
CMP000405,1820-TQVEV,2023-06-03,Installation Delay,High,Sales,Resolved,4.0,2.0
CMP000406,1820-TQVEV,2023-09-10,Billing Complaint,Low,Technical,Open,,
CMP000407,1820-TQVEV,2022-07-03,Slow Internet,High,Billing,Resolved,8.0,3.0
CMP000408,2239-JALAW,2021-01-06,Frequent Disconnections,Medium,Sales,Resolved,5.0,2.0
CMP000409,2239-JALAW,2020-07-05,Call Drop,Low,Billing,Open,,
CMP000410,2239-JALAW,2024-07-11,Call Drop,High,Billing,Closed,5.0,2.0
CMP000411,4853-RULSV,2023-03-09,Service Outage,Medium,Billing,Closed,9.0,1.0
CMP000412,4853-RULSV,2023-07-17,Poor Customer Support,Medium,Technical,Resolved,9.0,3.0
CMP000413,6275-YDUVO,2022-11-07,Billing Complaint,Low,Technical,Resolved,4.0,3.0
CMP000414,6275-YDUVO,2024-08-02,Low Download Speed,Medium,Billing,Open,,
CMP000415,6275-YDUVO,2023-02-09,Low Download Speed,Medium,Billing,Resolved,8.0,2.0
CMP000416,0115-TFERT,2021-06-16,Slow Internet,Low,Billing,Resolved,5.0,3.0
CMP000417,0115-TFERT,2021-06-14,Low Download Speed,High,Customer Care,Open,,
CMP000418,2311-QYMUQ,2021-04-19,Payment Issue,Medium,Billing,Closed,7.0,2.0
CMP000419,2311-QYMUQ,2022-03-02,Streaming Issue,Low,Customer Care,Resolved,12.0,3.0
CMP000420,3643-AHCFP,2020-07-11,Wrong Charges,High,Technical,Resolved,11.0,1.0
CMP000421,3643-AHCFP,2025-08-23,Low Download Speed,Medium,Network,Closed,14.0,3.0
CMP000422,3104-OWCGK,2020-05-25,Poor Network,High,Billing,Resolved,15.0,3.0
CMP000423,3104-OWCGK,2020-08-14,Poor Network,High,Technical,In Progress,,
CMP000424,3104-OWCGK,2020-06-22,Installation Delay,High,Billing,In Progress,,
CMP000425,9101-BWFSS,2024-07-26,Slow Internet,Medium,Billing,In Progress,,
CMP000426,9101-BWFSS,2025-01-11,Frequent Disconnections,Medium,Technical,Open,,
CMP000427,9231-ZJYAM,2023-03-09,Service Outage,Medium,Sales,Resolved,12.0,1.0
CMP000428,9231-ZJYAM,2022-06-03,Slow Internet,High,Billing,Resolved,9.0,1.0
CMP000429,6982-SSHFK,2021-06-15,Slow Internet,Low,Network,In Progress,,
CMP000430,6982-SSHFK,2023-04-19,Call Drop,High,Network,Resolved,13.0,3.0
CMP000431,6982-SSHFK,2023-05-24,Installation Delay,High,Technical,Resolved,14.0,3.0
CMP000432,0727-BMPLR,2025-02-22,Slow Internet,Low,Customer Care,In Progress,,
CMP000433,1038-ZAGBI,2020-11-15,Customer Support,Medium,Sales,Open,,
CMP000434,1038-ZAGBI,2022-06-21,Payment Issue,Medium,Billing,Closed,1.0,2.0
CMP000435,3027-ZTDHO,2024-06-19,Slow Internet,High,Network,Resolved,13.0,3.0
CMP000436,3027-ZTDHO,2021-06-26,Payment Issue,Medium,Customer Care,Resolved,7.0,3.0
CMP000437,3027-ZTDHO,2023-04-25,Streaming Issue,Low,Technical,Closed,11.0,3.0
CMP000438,2382-BCKQJ,2022-11-06,Slow Internet,Medium,Customer Care,In Progress,,
CMP000439,2382-BCKQJ,2025-11-15,Low Download Speed,Medium,Billing,In Progress,,
CMP000440,2382-BCKQJ,2024-07-08,Low Download Speed,Low,Sales,Closed,6.0,2.0
CMP000441,2207-NHRJK,2021-09-28,Frequent Disconnections,Medium,Customer Care,Open,,
CMP000442,2207-NHRJK,2021-10-10,Call Drop,High,Technical,In Progress,,
CMP000443,0947-MUGVO,2023-06-09,Call Drop,High,Sales,In Progress,,
CMP000444,0947-MUGVO,2020-02-20,Installation Delay,High,Technical,Resolved,8.0,1.0
CMP000445,0947-MUGVO,2023-11-06,Wrong Charges,High,Technical,Resolved,7.0,3.0
CMP000446,9944-HKVVB,2025-07-03,Poor Customer Support,High,Technical,Resolved,10.0,1.0
CMP000447,9944-HKVVB,2023-05-27,Low Download Speed,Low,Billing,Resolved,13.0,1.0
CMP000448,4124-MMETB,2024-02-27,Streaming Issue,Medium,Network,In Progress,,
CMP000449,4124-MMETB,2023-04-06,Wrong Charges,Medium,Sales,Resolved,3.0,3.0
CMP000450,3671-SHRSP,2023-06-15,Payment Issue,Low,Billing,Closed,4.0,1.0
CMP000451,3313-QKNKB,2024-03-14,Slow Internet,Low,Sales,Closed,4.0,1.0
CMP000452,5073-WXOYN,2021-01-11,Poor Network,Low,Network,Resolved,12.0,1.0
CMP000453,0207-MDKNV,2025-03-07,Streaming Issue,High,Network,Resolved,6.0,2.0
CMP000454,0207-MDKNV,2021-08-10,Call Drop,High,Sales,In Progress,,
CMP000455,9851-KIELU,2021-06-16,Slow Internet,Medium,Network,Resolved,5.0,1.0
CMP000456,3908-BLSYF,2022-05-28,Streaming Issue,Medium,Technical,Closed,15.0,1.0
CMP000457,3908-BLSYF,2022-09-01,Streaming Issue,High,Customer Care,Resolved,14.0,2.0
CMP000458,7549-MYGPK,2021-01-16,Installation Delay,Medium,Customer Care,Resolved,1.0,1.0
CMP000459,7549-MYGPK,2024-09-08,Service Outage,Medium,Sales,Resolved,9.0,3.0
CMP000460,3804-RVTGV,2021-11-01,Installation Delay,High,Technical,Resolved,4.0,1.0
CMP000461,9227-LUNBG,2024-07-28,Installation Delay,High,Sales,Resolved,9.0,2.0
CMP000462,9227-LUNBG,2022-11-05,Low Download Speed,Medium,Sales,Resolved,5.0,1.0
CMP000463,9227-LUNBG,2020-07-01,Call Drop,High,Sales,Resolved,1.0,2.0
CMP000464,4315-MURBD,2020-01-14,Streaming Issue,Medium,Customer Care,In Progress,,
CMP000465,9734-YWGEX,2020-10-25,Payment Issue,High,Sales,Resolved,8.0,3.0
CMP000466,9734-YWGEX,2022-04-14,Frequent Disconnections,High,Billing,Closed,14.0,1.0
CMP000467,2719-BDAQO,2020-12-10,Streaming Issue,Medium,Technical,Resolved,13.0,2.0
CMP000468,2719-BDAQO,2021-09-09,Wrong Charges,Medium,Technical,Resolved,11.0,1.0
CMP000469,0781-LKXBR,2025-11-12,Wrong Charges,Medium,Sales,Resolved,13.0,3.0
CMP000470,1907-UBQFC,2024-09-18,Payment Issue,High,Technical,Resolved,10.0,2.0
CMP000471,1907-UBQFC,2020-02-27,Low Download Speed,Medium,Technical,Resolved,7.0,3.0
CMP000472,6513-EECDB,2021-07-14,Frequent Disconnections,Medium,Network,Resolved,10.0,3.0
CMP000473,6513-EECDB,2024-01-23,Service Outage,Medium,Billing,In Progress,,
CMP000474,6513-EECDB,2025-10-06,Low Download Speed,Medium,Billing,Resolved,4.0,2.0
CMP000475,7074-IEVOJ,2024-01-19,Streaming Issue,Medium,Sales,In Progress,,
CMP000476,7074-IEVOJ,2021-09-17,Slow Internet,High,Customer Care,In Progress,,
CMP000477,7074-IEVOJ,2024-05-09,Frequent Disconnections,High,Customer Care,In Progress,,
CMP000478,9625-QSTYE,2020-08-05,Poor Network,High,Customer Care,Resolved,9.0,3.0
CMP000479,9625-QSTYE,2020-02-25,Frequent Disconnections,High,Customer Care,Resolved,14.0,3.0
CMP000480,9625-QSTYE,2020-10-25,Streaming Issue,Medium,Billing,Resolved,15.0,2.0
CMP000481,4750-ZRXIU,2020-11-19,Billing Complaint,High,Customer Care,Closed,12.0,1.0
CMP000482,4750-ZRXIU,2025-04-15,Streaming Issue,Medium,Technical,Resolved,13.0,3.0
CMP000483,4750-ZRXIU,2020-10-13,Poor Customer Support,Low,Billing,In Progress,,
CMP000484,6400-BWQKW,2023-11-25,Payment Issue,Medium,Customer Care,Resolved,3.0,3.0
CMP000485,6400-BWQKW,2024-10-21,Low Download Speed,Medium,Billing,Resolved,13.0,2.0
CMP000486,6400-BWQKW,2023-04-15,Call Drop,Medium,Technical,In Progress,,
CMP000487,6680-WKXRZ,2025-02-25,Installation Delay,Medium,Network,Resolved,10.0,2.0
CMP000488,6680-WKXRZ,2025-03-28,Wrong Charges,Medium,Network,Resolved,10.0,1.0
CMP000489,7028-DVOIQ,2025-01-16,Poor Customer Support,High,Customer Care,Open,,
CMP000490,4208-UFFGW,2022-10-22,Call Drop,High,Network,In Progress,,
CMP000491,4208-UFFGW,2020-09-27,Frequent Disconnections,High,Billing,Resolved,14.0,3.0
CMP000492,9448-REEVD,2022-06-06,Billing Complaint,High,Sales,Resolved,1.0,2.0
CMP000493,9448-REEVD,2025-12-13,Payment Issue,Low,Network,Resolved,8.0,3.0
CMP000494,9448-REEVD,2023-11-06,Low Download Speed,High,Customer Care,Resolved,1.0,1.0
CMP000495,9117-SHLZX,2022-12-10,Call Drop,Low,Customer Care,Resolved,6.0,1.0
CMP000496,9117-SHLZX,2024-02-02,Billing Complaint,High,Billing,In Progress,,
CMP000497,9889-TMAHG,2023-12-17,Billing Complaint,Medium,Customer Care,In Progress,,
CMP000498,9889-TMAHG,2023-08-18,Installation Delay,Medium,Network,Closed,10.0,1.0
CMP000499,4541-RMRLG,2025-05-27,Customer Support,Medium,Customer Care,Closed,8.0,3.0
CMP000500,3158-MOERK,2021-12-15,Wrong Charges,Medium,Billing,Resolved,14.0,2.0
CMP000501,3158-MOERK,2024-01-24,Wrong Charges,Medium,Technical,Resolved,11.0,3.0
CMP000502,3158-MOERK,2023-02-21,Installation Delay,High,Sales,Closed,10.0,1.0
CMP000503,7294-TMAOP,2025-02-22,Poor Network,Low,Customer Care,Resolved,1.0,2.0
CMP000504,8919-FYFQZ,2025-08-16,Poor Network,High,Billing,Closed,1.0,3.0
CMP000505,2834-JRTUA,2024-12-17,Streaming Issue,High,Billing,In Progress,,
CMP000506,2834-JRTUA,2024-01-06,Poor Customer Support,High,Billing,In Progress,,
CMP000507,2834-JRTUA,2024-08-10,Payment Issue,Medium,Billing,Resolved,3.0,2.0
CMP000508,5875-YPQFJ,2020-09-11,Service Outage,High,Customer Care,In Progress,,
CMP000509,5875-YPQFJ,2022-12-26,Service Outage,High,Network,Resolved,2.0,3.0
CMP000510,6646-QVXLR,2020-01-21,Low Download Speed,Medium,Technical,Closed,4.0,2.0
CMP000511,8603-IJWDN,2023-11-09,Slow Internet,Medium,Billing,Closed,1.0,3.0
CMP000512,9369-XFEHK,2020-03-21,Streaming Issue,High,Billing,Resolved,7.0,3.0
CMP000513,9369-XFEHK,2020-12-21,Frequent Disconnections,Low,Billing,Resolved,15.0,1.0
CMP000514,3842-IYKUE,2020-05-23,Poor Network,Low,Sales,In Progress,,
CMP000515,3842-IYKUE,2020-04-14,Poor Network,High,Customer Care,Resolved,2.0,2.0
CMP000516,6641-XRPSU,2022-04-04,Poor Network,High,Network,Closed,10.0,1.0
CMP000517,6641-XRPSU,2023-11-07,Low Download Speed,Medium,Billing,Open,,
CMP000518,1374-DMZUI,2024-11-23,Low Download Speed,Medium,Customer Care,Resolved,5.0,2.0
CMP000519,1374-DMZUI,2021-11-14,Poor Customer Support,High,Billing,In Progress,,
CMP000520,8357-EQXFO,2020-10-17,Poor Network,Medium,Sales,In Progress,,
CMP000521,1989-PRJHP,2021-09-24,Frequent Disconnections,Low,Billing,Open,,
CMP000522,9524-EGPJC,2025-03-13,Poor Network,Medium,Technical,In Progress,,
CMP000523,6993-OHLXR,2020-05-16,Poor Network,High,Billing,In Progress,,
CMP000524,6993-OHLXR,2024-12-01,Wrong Charges,High,Customer Care,Closed,7.0,3.0
CMP000525,8818-XYFCQ,2022-11-14,Call Drop,High,Network,Resolved,13.0,3.0
CMP000526,8818-XYFCQ,2020-05-03,Call Drop,Medium,Technical,Open,,
CMP000527,4695-VADHF,2024-04-11,Call Drop,High,Technical,Resolved,15.0,3.0
CMP000528,3863-IUBJR,2024-05-04,Slow Internet,Medium,Network,Resolved,7.0,2.0
CMP000529,4822-RVYBB,2024-02-15,Installation Delay,Medium,Sales,Open,,
CMP000530,8436-BJUMM,2024-10-04,Poor Network,Low,Customer Care,Resolved,11.0,3.0
CMP000531,8436-BJUMM,2025-12-10,Payment Issue,High,Sales,Closed,15.0,3.0
CMP000532,4184-TJFAN,2020-02-15,Wrong Charges,High,Sales,Closed,12.0,3.0
CMP000533,4184-TJFAN,2024-02-21,Payment Issue,High,Sales,Resolved,1.0,1.0
CMP000534,4145-UQXUQ,2021-08-07,Poor Customer Support,Medium,Customer Care,Closed,2.0,3.0
CMP000535,4145-UQXUQ,2023-04-18,Slow Internet,High,Billing,Closed,15.0,2.0
CMP000536,4145-UQXUQ,2023-02-23,Payment Issue,High,Billing,Closed,8.0,3.0
CMP000537,9948-YPTDG,2022-09-23,Frequent Disconnections,High,Billing,Resolved,1.0,3.0
CMP000538,9948-YPTDG,2025-07-14,Slow Internet,High,Network,Open,,
CMP000539,9948-YPTDG,2022-11-17,Billing Complaint,High,Sales,Open,,
CMP000540,1236-WFCDV,2022-11-05,Slow Internet,Low,Network,Open,,
CMP000541,1236-WFCDV,2021-06-01,Billing Complaint,High,Sales,Open,,
CMP000542,4883-QICIH,2022-08-26,Frequent Disconnections,High,Billing,Resolved,2.0,1.0
CMP000543,8329-IBCTI,2025-12-23,Customer Support,High,Customer Care,Open,,
CMP000544,8329-IBCTI,2021-11-12,Customer Support,Medium,Network,Resolved,5.0,3.0
CMP000545,8329-IBCTI,2023-12-16,Customer Support,Medium,Billing,Resolved,2.0,3.0
CMP000546,1271-SJBGZ,2022-06-19,Billing Complaint,High,Billing,Closed,13.0,2.0
CMP000547,1271-SJBGZ,2023-05-15,Poor Network,Medium,Network,Closed,3.0,3.0
CMP000548,5669-SRAIP,2024-02-16,Frequent Disconnections,High,Customer Care,Resolved,2.0,1.0
CMP000549,5669-SRAIP,2024-01-09,Service Outage,High,Sales,In Progress,,
CMP000550,5981-ITEMU,2021-02-26,Call Drop,High,Billing,In Progress,,
CMP000551,5981-ITEMU,2024-06-22,Billing Complaint,Low,Customer Care,Open,,
CMP000552,5981-ITEMU,2022-04-11,Slow Internet,Medium,Billing,Resolved,8.0,2.0
CMP000553,6941-PMGEP,2025-01-17,Poor Customer Support,Medium,Sales,Resolved,8.0,2.0
CMP000554,6941-PMGEP,2024-06-05,Payment Issue,Low,Customer Care,Resolved,15.0,1.0
CMP000555,6941-PMGEP,2023-04-16,Frequent Disconnections,Medium,Network,Closed,10.0,3.0
CMP000556,1624-WOIWJ,2023-01-21,Wrong Charges,Medium,Billing,Resolved,3.0,1.0
CMP000557,1624-WOIWJ,2023-04-12,Low Download Speed,Medium,Sales,Closed,14.0,1.0
CMP000558,2074-GKOWZ,2022-06-13,Payment Issue,Medium,Network,Resolved,9.0,3.0
CMP000559,2074-GKOWZ,2021-01-16,Service Outage,High,Technical,In Progress,,
CMP000560,0376-YMCJC,2021-06-22,Service Outage,High,Billing,Resolved,9.0,2.0
CMP000561,0376-YMCJC,2024-06-05,Wrong Charges,High,Technical,Closed,1.0,1.0
CMP000562,0376-YMCJC,2023-10-09,Slow Internet,Medium,Sales,In Progress,,
CMP000563,0634-SZPQA,2022-04-18,Wrong Charges,High,Technical,In Progress,,
CMP000564,0634-SZPQA,2020-08-12,Streaming Issue,High,Billing,Resolved,10.0,3.0
CMP000565,0634-SZPQA,2023-04-07,Billing Complaint,Low,Network,Open,,
CMP000566,5536-RTPWK,2021-12-24,Streaming Issue,High,Customer Care,In Progress,,
CMP000567,5536-RTPWK,2022-12-07,Poor Network,Low,Customer Care,Resolved,4.0,3.0
CMP000568,6166-ILMNY,2024-02-02,Poor Customer Support,High,Technical,Resolved,13.0,2.0
CMP000569,6166-ILMNY,2025-10-23,Low Download Speed,Medium,Network,Resolved,10.0,3.0
CMP000570,6166-ILMNY,2023-09-20,Streaming Issue,High,Billing,Resolved,9.0,3.0
CMP000571,3097-NNSPB,2023-12-15,Frequent Disconnections,Medium,Technical,Open,,
CMP000572,0655-RBDUG,2023-03-17,Installation Delay,Low,Billing,In Progress,,
CMP000573,0655-RBDUG,2023-06-11,Billing Complaint,Low,Network,Closed,2.0,3.0
CMP000574,4361-BKAXE,2021-05-03,Slow Internet,High,Technical,Resolved,10.0,3.0
CMP000575,4361-BKAXE,2020-05-10,Service Outage,Medium,Network,Resolved,11.0,2.0
CMP000576,4361-BKAXE,2022-04-01,Service Outage,High,Customer Care,Open,,
CMP000577,9878-TNQGW,2022-11-22,Payment Issue,High,Customer Care,Resolved,6.0,1.0
CMP000578,9878-TNQGW,2024-04-02,Billing Complaint,High,Sales,Open,,
CMP000579,4441-NIHPT,2024-07-22,Low Download Speed,High,Technical,Resolved,4.0,3.0
CMP000580,8999-BOHSE,2022-07-06,Frequent Disconnections,High,Billing,Open,,
CMP000581,8999-BOHSE,2023-04-26,Billing Complaint,High,Sales,Open,,
CMP000582,7029-RPUAV,2024-03-20,Frequent Disconnections,High,Sales,Closed,13.0,3.0
CMP000583,7029-RPUAV,2025-10-08,Frequent Disconnections,Low,Technical,Resolved,15.0,3.0
CMP000584,7029-RPUAV,2023-10-03,Billing Complaint,High,Network,Open,,
CMP000585,4607-CHPCA,2021-06-03,Installation Delay,Low,Technical,Open,,
CMP000586,4607-CHPCA,2020-11-13,Frequent Disconnections,Low,Billing,Resolved,13.0,2.0
CMP000587,8824-RWFXJ,2020-10-01,Service Outage,High,Billing,Open,,
CMP000588,8824-RWFXJ,2020-04-05,Wrong Charges,Low,Billing,In Progress,,
CMP000589,9763-PDTKK,2025-12-03,Billing Complaint,High,Sales,Resolved,2.0,2.0
CMP000590,7627-JKIAZ,2021-03-01,Payment Issue,Medium,Sales,In Progress,,
CMP000591,7627-JKIAZ,2020-01-01,Installation Delay,Medium,Technical,Open,,
CMP000592,7627-JKIAZ,2020-03-07,Poor Network,High,Billing,Open,,
CMP000593,4081-DYXAV,2022-12-13,Streaming Issue,Low,Sales,Open,,
CMP000594,4081-DYXAV,2022-11-13,Call Drop,High,Billing,Resolved,11.0,1.0
CMP000595,8111-SLLHI,2025-11-12,Call Drop,Medium,Customer Care,Resolved,10.0,3.0
CMP000596,8111-SLLHI,2024-12-23,Wrong Charges,High,Billing,Resolved,4.0,3.0
CMP000597,0927-LCSMG,2022-02-21,Billing Complaint,Medium,Customer Care,Resolved,8.0,1.0
CMP000598,0927-LCSMG,2024-07-12,Service Outage,High,Customer Care,Resolved,10.0,1.0
CMP000599,8257-RZAHR,2025-03-28,Installation Delay,Medium,Technical,Resolved,1.0,3.0
CMP000600,8257-RZAHR,2023-12-08,Installation Delay,Medium,Technical,Resolved,5.0,1.0
CMP000601,8257-RZAHR,2020-08-09,Wrong Charges,Medium,Billing,Closed,8.0,2.0
CMP000602,5293-WXJAK,2025-07-22,Call Drop,Medium,Sales,In Progress,,
CMP000603,0841-NULXI,2021-10-26,Frequent Disconnections,Medium,Network,Closed,14.0,3.0
CMP000604,7851-WZEKY,2025-12-27,Service Outage,High,Network,Resolved,4.0,2.0
CMP000605,7851-WZEKY,2023-12-04,Billing Complaint,High,Sales,Resolved,14.0,1.0
CMP000606,7851-WZEKY,2024-11-19,Wrong Charges,Medium,Billing,Resolved,8.0,2.0
CMP000607,8844-TONUD,2023-01-04,Billing Complaint,Medium,Customer Care,Resolved,12.0,3.0
CMP000608,4086-YQSNZ,2022-04-09,Streaming Issue,Medium,Sales,Resolved,7.0,2.0
CMP000609,4086-YQSNZ,2020-03-26,Installation Delay,High,Sales,In Progress,,
CMP000610,5868-CZJDR,2022-04-04,Poor Customer Support,High,Billing,Resolved,10.0,3.0
CMP000611,0135-NMXAP,2023-06-22,Streaming Issue,High,Sales,Resolved,11.0,1.0
CMP000612,6270-OMFIW,2024-10-14,Installation Delay,Medium,Customer Care,In Progress,,
CMP000613,6270-OMFIW,2020-01-22,Payment Issue,High,Customer Care,Open,,
CMP000614,0107-WESLM,2021-11-08,Payment Issue,Medium,Customer Care,Resolved,14.0,1.0
CMP000615,0107-WESLM,2022-08-19,Customer Support,Medium,Sales,Resolved,10.0,2.0
CMP000616,0107-WESLM,2022-10-05,Billing Complaint,Medium,Billing,In Progress,,
CMP000617,3992-YWPKO,2021-09-27,Service Outage,Medium,Technical,Open,,
CMP000618,0125-LZQXK,2025-03-17,Billing Complaint,High,Customer Care,In Progress,,
CMP000619,0125-LZQXK,2025-11-19,Slow Internet,Medium,Network,Open,,
CMP000620,8399-YNDCH,2021-11-14,Billing Complaint,Medium,Network,In Progress,,
CMP000621,8399-YNDCH,2021-01-10,Low Download Speed,High,Network,Resolved,5.0,2.0
CMP000622,5673-FSSMF,2025-06-03,Billing Complaint,High,Network,In Progress,,
CMP000623,5673-FSSMF,2023-07-28,Wrong Charges,High,Customer Care,Open,,
CMP000624,1579-KLYDT,2025-06-07,Call Drop,High,Network,Open,,
CMP000625,3927-NLNRY,2024-05-08,Poor Customer Support,Low,Sales,In Progress,,
CMP000626,3927-NLNRY,2020-12-04,Payment Issue,High,Network,In Progress,,
CMP000627,6358-LYNGM,2022-04-18,Frequent Disconnections,High,Technical,Closed,9.0,3.0
CMP000628,6358-LYNGM,2025-11-26,Payment Issue,Medium,Technical,Open,,
CMP000629,6358-LYNGM,2025-02-11,Payment Issue,High,Customer Care,Resolved,5.0,2.0
CMP000630,5494-HECPR,2024-07-26,Poor Customer Support,High,Network,Resolved,15.0,1.0
CMP000631,5494-HECPR,2023-08-08,Frequent Disconnections,Low,Customer Care,In Progress,,
CMP000632,9824-BEMCV,2022-11-11,Installation Delay,High,Sales,Closed,3.0,2.0
CMP000633,9824-BEMCV,2023-07-22,Service Outage,Medium,Sales,Resolved,2.0,3.0
CMP000634,9824-BEMCV,2020-11-06,Frequent Disconnections,Low,Sales,Resolved,8.0,1.0
CMP000635,1373-ORVIZ,2022-02-22,Poor Network,High,Customer Care,In Progress,,
CMP000636,1373-ORVIZ,2023-12-22,Slow Internet,High,Billing,Resolved,3.0,2.0
CMP000637,1373-ORVIZ,2020-05-11,Frequent Disconnections,Medium,Technical,Resolved,5.0,1.0
CMP000638,9866-QEVEE,2024-03-19,Low Download Speed,High,Sales,Open,,
CMP000639,9866-QEVEE,2025-12-11,Low Download Speed,Medium,Network,Resolved,3.0,3.0
CMP000640,9897-KXHCM,2024-07-07,Poor Network,High,Network,In Progress,,
CMP000641,9897-KXHCM,2021-07-15,Streaming Issue,High,Technical,Resolved,3.0,3.0
CMP000642,7979-CORPM,2025-04-11,Slow Internet,Medium,Sales,Resolved,3.0,2.0
CMP000643,1618-CFHME,2023-11-20,Payment Issue,High,Customer Care,Open,,
CMP000644,3165-HDOEW,2020-08-08,Slow Internet,High,Billing,In Progress,,
CMP000645,3165-HDOEW,2025-04-07,Wrong Charges,High,Billing,Resolved,5.0,2.0
CMP000646,3165-HDOEW,2023-09-25,Service Outage,High,Customer Care,Closed,6.0,2.0
CMP000647,6581-NQCBA,2022-09-06,Installation Delay,High,Technical,Closed,6.0,2.0
CMP000648,1689-MRZQR,2024-05-25,Wrong Charges,High,Billing,In Progress,,
CMP000649,1689-MRZQR,2023-02-14,Low Download Speed,Low,Technical,Open,,
CMP000650,1689-MRZQR,2020-10-28,Wrong Charges,High,Network,Resolved,5.0,3.0
CMP000651,5835-BEQEU,2024-04-22,Poor Network,High,Billing,In Progress,,
CMP000652,5565-FILXA,2020-09-25,Billing Complaint,High,Customer Care,In Progress,,
CMP000653,5565-FILXA,2025-04-02,Frequent Disconnections,High,Technical,In Progress,,
CMP000654,5552-ZNFSJ,2021-09-15,Wrong Charges,High,Billing,Closed,10.0,3.0
CMP000655,5552-ZNFSJ,2024-09-07,Frequent Disconnections,Medium,Network,Closed,10.0,3.0
CMP000656,5552-ZNFSJ,2025-05-14,Streaming Issue,High,Network,Resolved,14.0,1.0
CMP000657,2223-KAGMX,2021-02-05,Billing Complaint,High,Customer Care,In Progress,,
CMP000658,7321-PKUYW,2021-09-15,Poor Customer Support,Medium,Network,Resolved,13.0,1.0
CMP000659,7321-PKUYW,2024-01-07,Poor Network,Low,Technical,Open,,
CMP000660,2833-SLKDQ,2024-05-22,Wrong Charges,Medium,Customer Care,Closed,5.0,1.0
CMP000661,2833-SLKDQ,2025-03-16,Poor Customer Support,Medium,Billing,Resolved,9.0,1.0
CMP000662,2833-SLKDQ,2024-06-24,Slow Internet,Medium,Billing,In Progress,,
CMP000663,7595-EUIVN,2021-07-26,Installation Delay,Medium,Customer Care,Resolved,1.0,2.0
CMP000664,2026-TGDHM,2024-03-15,Payment Issue,Medium,Customer Care,Resolved,7.0,2.0
CMP000665,2026-TGDHM,2024-01-17,Poor Network,Medium,Technical,Resolved,6.0,2.0
CMP000666,4030-VPZBD,2024-01-09,Call Drop,High,Billing,Resolved,10.0,1.0
CMP000667,4030-VPZBD,2021-11-06,Service Outage,High,Billing,Resolved,12.0,2.0
CMP000668,4030-VPZBD,2024-05-20,Service Outage,High,Billing,Resolved,8.0,3.0
CMP000669,4187-CINZD,2023-02-24,Poor Network,Medium,Technical,Open,,
CMP000670,4187-CINZD,2020-07-22,Frequent Disconnections,Low,Technical,Resolved,11.0,1.0
CMP000671,6818-WOBHJ,2023-03-02,Wrong Charges,High,Customer Care,Resolved,15.0,3.0
CMP000672,2408-TZMJL,2022-05-10,Payment Issue,High,Customer Care,In Progress,,
CMP000673,2408-TZMJL,2025-07-25,Wrong Charges,Low,Customer Care,Resolved,12.0,1.0
CMP000674,2408-TZMJL,2020-02-13,Streaming Issue,Low,Technical,Open,,
CMP000675,9134-CEQMF,2022-01-07,Slow Internet,High,Sales,In Progress,,
CMP000676,9134-CEQMF,2022-09-27,Installation Delay,Medium,Network,Closed,12.0,3.0
CMP000677,9134-CEQMF,2020-12-22,Poor Customer Support,High,Network,Resolved,13.0,2.0
CMP000678,7993-PYKOF,2025-10-24,Installation Delay,High,Customer Care,In Progress,,
CMP000679,7993-PYKOF,2021-09-25,Poor Network,High,Sales,Resolved,1.0,1.0
CMP000680,5027-XWQHA,2025-07-06,Service Outage,High,Technical,Resolved,3.0,1.0
CMP000681,4566-QVRRW,2020-12-17,Poor Network,High,Customer Care,In Progress,,
CMP000682,4566-QVRRW,2021-02-06,Call Drop,High,Billing,Closed,14.0,3.0
CMP000683,8519-IMDHU,2021-09-08,Installation Delay,Medium,Technical,Closed,12.0,2.0
CMP000684,8519-IMDHU,2020-02-08,Slow Internet,Low,Billing,Closed,13.0,2.0
CMP000685,8519-IMDHU,2020-10-08,Payment Issue,High,Technical,Resolved,13.0,2.0
CMP000686,0201-OAMXR,2024-07-25,Billing Complaint,High,Customer Care,In Progress,,
CMP000687,3372-KWFBM,2023-05-13,Poor Network,High,Billing,Resolved,12.0,2.0
CMP000688,7831-QGOXH,2025-07-08,Frequent Disconnections,High,Network,Open,,
CMP000689,7831-QGOXH,2024-03-02,Low Download Speed,Medium,Customer Care,In Progress,,
CMP000690,6393-WRYZE,2024-05-08,Frequent Disconnections,High,Network,Resolved,7.0,2.0
CMP000691,6393-WRYZE,2024-06-25,Poor Customer Support,High,Customer Care,In Progress,,
CMP000692,6599-RCLCJ,2020-12-04,Installation Delay,Medium,Sales,Open,,
CMP000693,6599-RCLCJ,2022-08-12,Frequent Disconnections,High,Sales,Resolved,2.0,3.0
CMP000694,6599-RCLCJ,2022-02-14,Slow Internet,Low,Sales,Resolved,15.0,2.0
CMP000695,9831-BPFRI,2023-11-04,Service Outage,High,Technical,Closed,11.0,3.0
CMP000696,9831-BPFRI,2024-10-28,Frequent Disconnections,Medium,Sales,Closed,5.0,3.0
CMP000697,9831-BPFRI,2020-11-26,Billing Complaint,Medium,Technical,In Progress,,
CMP000698,1725-MIMXW,2023-03-22,Billing Complaint,Low,Network,Resolved,3.0,2.0
CMP000699,1725-MIMXW,2023-08-16,Payment Issue,Medium,Network,Resolved,6.0,3.0
CMP000700,0031-PVLZI,2022-07-23,Billing Complaint,High,Sales,Open,,
CMP000701,0031-PVLZI,2020-12-04,Billing Complaint,Low,Technical,In Progress,,
CMP000702,0031-PVLZI,2020-01-01,Payment Issue,High,Sales,Closed,14.0,1.0
CMP000703,7206-GZCDC,2020-04-10,Call Drop,Medium,Customer Care,In Progress,,
CMP000704,7206-GZCDC,2020-01-19,Poor Customer Support,Medium,Technical,In Progress,,
CMP000705,4791-QRGMF,2023-04-20,Call Drop,High,Sales,In Progress,,
CMP000706,1768-ZAIFU,2025-02-25,Wrong Charges,Medium,Billing,Closed,6.0,2.0
CMP000707,1768-ZAIFU,2020-08-12,Call Drop,High,Network,Resolved,3.0,3.0
CMP000708,4671-LXRDQ,2021-09-04,Poor Network,Medium,Customer Care,In Progress,,
CMP000709,4671-LXRDQ,2025-09-13,Wrong Charges,High,Billing,Resolved,2.0,1.0
CMP000710,4671-LXRDQ,2025-09-01,Service Outage,High,Technical,Resolved,6.0,2.0
CMP000711,1934-SJVJK,2023-05-15,Billing Complaint,High,Technical,Closed,15.0,2.0
CMP000712,1934-SJVJK,2023-07-15,Customer Support,High,Customer Care,Closed,9.0,3.0
CMP000713,1934-SJVJK,2025-12-14,Payment Issue,High,Sales,Resolved,13.0,2.0
CMP000714,3838-OZURD,2025-06-13,Frequent Disconnections,High,Technical,Resolved,7.0,2.0
CMP000715,3838-OZURD,2020-04-17,Wrong Charges,Medium,Technical,Closed,9.0,2.0
CMP000716,3838-OZURD,2021-01-05,Payment Issue,Medium,Sales,In Progress,,
CMP000717,9269-CQOOL,2022-03-05,Billing Complaint,Low,Network,Closed,13.0,1.0
CMP000718,9269-CQOOL,2023-02-07,Billing Complaint,High,Technical,Open,,
CMP000719,9269-CQOOL,2023-05-18,Slow Internet,Low,Customer Care,Closed,7.0,1.0
CMP000720,2845-HSJCY,2021-11-20,Payment Issue,Medium,Billing,Open,,
CMP000721,2845-HSJCY,2023-01-18,Poor Network,High,Sales,Resolved,10.0,1.0
CMP000722,1184-PJVDB,2025-02-02,Poor Customer Support,Medium,Technical,In Progress,,
CMP000723,9415-DPEWS,2020-01-25,Poor Customer Support,High,Billing,Open,,
CMP000724,9415-DPEWS,2023-08-12,Low Download Speed,High,Technical,Resolved,15.0,3.0
CMP000725,7943-RQCHR,2025-04-08,Low Download Speed,High,Sales,In Progress,,
CMP000726,3793-MMFUH,2024-02-03,Poor Network,High,Sales,Resolved,9.0,3.0
CMP000727,3793-MMFUH,2022-06-27,Slow Internet,Medium,Billing,Resolved,10.0,1.0
CMP000728,3249-ZPQRG,2021-05-01,Low Download Speed,High,Sales,Resolved,5.0,1.0
CMP000729,2568-BRGYX,2020-07-22,Slow Internet,Medium,Billing,Closed,5.0,3.0
CMP000730,7721-JXEAW,2025-09-07,Call Drop,Medium,Sales,Open,,
CMP000731,7721-JXEAW,2025-09-28,Payment Issue,High,Customer Care,Closed,1.0,3.0
CMP000732,7249-WBIYX,2025-09-14,Slow Internet,High,Sales,Open,,
CMP000733,6567-HOOPW,2020-08-04,Installation Delay,Low,Sales,Closed,10.0,3.0
CMP000734,3164-AALRN,2022-03-28,Wrong Charges,Medium,Technical,Open,,
CMP000735,3164-AALRN,2022-10-03,Service Outage,High,Technical,Open,,
CMP000736,3334-CTHOL,2022-06-18,Poor Customer Support,High,Sales,In Progress,,
CMP000737,3334-CTHOL,2023-01-01,Poor Customer Support,Medium,Technical,Resolved,9.0,3.0
CMP000738,4704-ERYFC,2022-08-05,Frequent Disconnections,Low,Network,Resolved,10.0,3.0
CMP000739,8621-MNIHH,2025-05-15,Wrong Charges,High,Technical,Open,,
CMP000740,8621-MNIHH,2025-11-12,Billing Complaint,High,Network,Resolved,13.0,1.0
CMP000741,8621-MNIHH,2024-07-20,Billing Complaint,High,Billing,Closed,8.0,3.0
CMP000742,0471-LVHGK,2021-08-06,Low Download Speed,Medium,Billing,Resolved,12.0,2.0
CMP000743,9518-RWHZL,2021-12-11,Wrong Charges,High,Billing,In Progress,,
CMP000744,5419-CONWX,2024-01-16,Poor Customer Support,High,Sales,Resolved,2.0,1.0
CMP000745,6240-EURKS,2025-03-05,Wrong Charges,Medium,Technical,In Progress,,
CMP000746,6960-HVYXR,2020-06-17,Slow Internet,High,Customer Care,Resolved,4.0,3.0
CMP000747,7024-OHCCK,2023-03-10,Installation Delay,Low,Customer Care,Resolved,5.0,3.0
CMP000748,7024-OHCCK,2024-11-11,Poor Customer Support,Medium,Billing,In Progress,,
CMP000749,7861-UVUFT,2024-01-20,Installation Delay,Medium,Network,Open,,
CMP000750,7861-UVUFT,2021-01-18,Poor Customer Support,Medium,Technical,In Progress,,
CMP000751,5357-TZHPP,2024-08-09,Call Drop,High,Billing,In Progress,,
CMP000752,5357-TZHPP,2023-04-13,Frequent Disconnections,High,Network,In Progress,,
CMP000753,0680-DFNNY,2022-07-21,Billing Complaint,Medium,Customer Care,Closed,15.0,1.0
CMP000754,7767-UXAGJ,2021-07-04,Service Outage,Medium,Billing,Resolved,1.0,3.0
CMP000755,7767-UXAGJ,2023-06-13,Wrong Charges,Low,Customer Care,Open,,
CMP000756,7767-UXAGJ,2024-02-01,Call Drop,Medium,Customer Care,In Progress,,
CMP000757,1571-SAVHK,2022-09-28,Frequent Disconnections,Medium,Sales,Resolved,9.0,3.0
CMP000758,9546-CQJSU,2021-02-17,Payment Issue,High,Technical,Resolved,3.0,1.0
CMP000759,9546-CQJSU,2020-12-26,Service Outage,High,Technical,Resolved,11.0,3.0
CMP000760,0506-LVNGN,2025-04-23,Low Download Speed,High,Sales,Closed,4.0,1.0
CMP000761,0506-LVNGN,2020-11-21,Low Download Speed,Low,Sales,Open,,
CMP000762,0506-LVNGN,2023-04-24,Call Drop,Medium,Technical,Closed,11.0,3.0
CMP000763,2951-QOQTK,2022-04-23,Installation Delay,Low,Customer Care,Resolved,10.0,2.0
CMP000764,3473-XIIIT,2021-11-12,Poor Network,High,Network,Resolved,11.0,2.0
CMP000765,7893-IXHRQ,2024-05-23,Payment Issue,Medium,Billing,Closed,9.0,3.0
CMP000766,2952-QAYZF,2022-08-28,Low Download Speed,Medium,Network,Resolved,11.0,1.0
CMP000767,2952-QAYZF,2020-04-14,Poor Customer Support,Low,Customer Care,In Progress,,
CMP000768,4763-PGDPO,2024-03-16,Service Outage,High,Customer Care,Open,,
CMP000769,4763-PGDPO,2024-01-08,Service Outage,High,Customer Care,In Progress,,
CMP000770,5394-SVGJV,2024-12-08,Low Download Speed,Low,Billing,Open,,
CMP000771,5394-SVGJV,2024-03-03,Billing Complaint,High,Customer Care,Resolved,12.0,2.0
CMP000772,5394-SVGJV,2025-05-25,Payment Issue,Medium,Customer Care,Resolved,11.0,1.0
CMP000773,9283-LZQOH,2021-01-06,Installation Delay,High,Technical,Open,,
CMP000774,9283-LZQOH,2023-12-03,Frequent Disconnections,High,Sales,Closed,12.0,2.0
CMP000775,7079-QRCBC,2022-05-26,Poor Customer Support,Medium,Technical,Open,,
CMP000776,7079-QRCBC,2021-11-24,Streaming Issue,High,Sales,In Progress,,
CMP000777,7079-QRCBC,2024-03-28,Slow Internet,Low,Customer Care,Closed,3.0,3.0
CMP000778,5469-CTCWN,2022-09-10,Low Download Speed,Medium,Customer Care,Closed,9.0,1.0
CMP000779,9851-QXEEQ,2022-01-11,Wrong Charges,High,Billing,In Progress,,
CMP000780,9851-QXEEQ,2023-06-04,Poor Network,High,Technical,Closed,1.0,1.0
CMP000781,9809-IMGCQ,2024-01-11,Installation Delay,Medium,Sales,Resolved,2.0,3.0
CMP000782,9809-IMGCQ,2025-02-23,Poor Network,High,Billing,Resolved,9.0,3.0
CMP000783,9809-IMGCQ,2020-01-01,Poor Network,High,Technical,Resolved,8.0,1.0
CMP000784,5208-HFSBT,2020-03-17,Streaming Issue,Medium,Customer Care,Closed,13.0,1.0
CMP000785,5208-HFSBT,2025-02-16,Installation Delay,High,Technical,In Progress,,
CMP000786,3254-YRILK,2025-12-20,Frequent Disconnections,High,Network,In Progress,,
CMP000787,3254-YRILK,2023-05-19,Service Outage,High,Sales,In Progress,,
CMP000788,2667-WYLWJ,2021-12-28,Customer Support,High,Customer Care,Resolved,9.0,3.0
CMP000789,2667-WYLWJ,2024-05-19,Billing Complaint,High,Billing,Closed,1.0,2.0
CMP000790,0529-ONKER,2025-02-22,Frequent Disconnections,High,Sales,Resolved,13.0,2.0
CMP000791,0529-ONKER,2024-07-19,Billing Complaint,Medium,Network,Resolved,12.0,3.0
CMP000792,0529-ONKER,2021-07-23,Call Drop,High,Billing,Resolved,10.0,3.0
CMP000793,5240-IJOQT,2020-09-04,Low Download Speed,Low,Billing,Resolved,9.0,2.0
CMP000794,5240-IJOQT,2021-04-14,Service Outage,Medium,Technical,Resolved,10.0,2.0
CMP000795,5240-IJOQT,2022-12-21,Poor Network,High,Customer Care,Resolved,6.0,1.0
CMP000796,1092-GANHU,2022-02-10,Service Outage,Low,Network,Closed,14.0,1.0
CMP000797,1092-GANHU,2022-01-18,Streaming Issue,High,Billing,Resolved,5.0,1.0
CMP000798,0661-XEYAN,2024-08-09,Low Download Speed,Medium,Customer Care,Closed,13.0,3.0
CMP000799,0661-XEYAN,2021-11-24,Slow Internet,Medium,Sales,Resolved,10.0,3.0
CMP000800,7881-EVUAD,2021-11-05,Call Drop,Medium,Network,Closed,13.0,2.0
CMP000801,5766-XQXMQ,2022-10-09,Poor Customer Support,Medium,Network,Resolved,12.0,3.0
CMP000802,3703-VAVCL,2022-11-12,Slow Internet,High,Network,Resolved,2.0,3.0
CMP000803,3703-VAVCL,2024-08-17,Slow Internet,Medium,Billing,Resolved,15.0,3.0
CMP000804,8519-QJGJD,2025-04-13,Installation Delay,Medium,Network,Resolved,14.0,2.0
CMP000805,8519-QJGJD,2023-07-09,Frequent Disconnections,High,Customer Care,Closed,13.0,3.0
CMP000806,6326-MTTXK,2020-01-04,Poor Customer Support,High,Customer Care,Resolved,2.0,3.0
CMP000807,6326-MTTXK,2022-10-13,Slow Internet,Medium,Billing,Closed,11.0,3.0
CMP000808,6326-MTTXK,2021-10-05,Billing Complaint,High,Technical,In Progress,,
CMP000809,0330-IVZHA,2021-03-11,Poor Network,Low,Network,Resolved,11.0,2.0
CMP000810,2886-KEFUM,2022-09-19,Billing Complaint,High,Customer Care,Resolved,11.0,1.0
CMP000811,4237-RLAQD,2025-12-14,Poor Customer Support,High,Sales,Resolved,6.0,2.0
CMP000812,4237-RLAQD,2022-03-27,Wrong Charges,Medium,Network,Resolved,14.0,2.0
CMP000813,4237-RLAQD,2024-08-26,Billing Complaint,High,Sales,Resolved,9.0,1.0
CMP000814,9651-GTSAQ,2021-05-13,Service Outage,High,Sales,Open,,
CMP000815,9651-GTSAQ,2022-12-18,Slow Internet,Medium,Network,Resolved,4.0,3.0
CMP000816,9651-GTSAQ,2022-11-06,Installation Delay,Medium,Technical,Resolved,2.0,1.0
CMP000817,3186-BAXNB,2022-10-03,Billing Complaint,Medium,Sales,Resolved,5.0,2.0
CMP000818,3186-BAXNB,2022-04-25,Payment Issue,High,Sales,In Progress,,
CMP000819,0637-YLETY,2025-09-21,Installation Delay,Medium,Network,In Progress,,
CMP000820,0637-YLETY,2023-05-16,Service Outage,High,Billing,Open,,
CMP000821,1157-BQCUW,2022-05-03,Service Outage,Low,Billing,In Progress,,
CMP000822,2660-EMUBI,2020-07-16,Billing Complaint,Low,Technical,Closed,2.0,3.0
CMP000823,7675-OZCZG,2020-12-03,Slow Internet,Medium,Sales,Resolved,10.0,2.0
CMP000824,2003-CKLOR,2022-09-24,Frequent Disconnections,Medium,Customer Care,Resolved,7.0,1.0
CMP000825,9254-RBFON,2020-01-27,Installation Delay,High,Network,Resolved,12.0,3.0
CMP000826,9254-RBFON,2025-09-12,Streaming Issue,High,Customer Care,Open,,
CMP000827,1205-WNWPJ,2022-04-08,Call Drop,Medium,Technical,Open,,
CMP000828,9391-EOYLI,2025-03-16,Payment Issue,High,Technical,In Progress,,
CMP000829,8387-MOJJT,2025-08-17,Service Outage,Medium,Technical,Closed,2.0,2.0
CMP000830,8387-MOJJT,2024-06-27,Wrong Charges,High,Technical,Resolved,3.0,3.0
CMP000831,8387-MOJJT,2022-03-13,Poor Customer Support,High,Customer Care,Open,,
CMP000832,2761-OCIAX,2022-06-23,Poor Network,High,Technical,In Progress,,
CMP000833,2761-OCIAX,2024-07-01,Poor Customer Support,High,Technical,In Progress,,
CMP000834,2761-OCIAX,2025-10-10,Low Download Speed,Medium,Technical,Closed,11.0,2.0
CMP000835,3068-OMWZA,2020-10-22,Slow Internet,Low,Technical,In Progress,,
CMP000836,6032-KRXXO,2021-06-03,Slow Internet,High,Billing,Closed,7.0,1.0
CMP000837,6032-KRXXO,2023-01-23,Poor Customer Support,High,Billing,Closed,3.0,2.0
CMP000838,7459-RRWQZ,2024-07-20,Service Outage,High,Network,Resolved,10.0,2.0
CMP000839,7459-RRWQZ,2021-06-26,Payment Issue,High,Customer Care,Open,,
CMP000840,7459-RRWQZ,2021-05-21,Slow Internet,High,Sales,Resolved,14.0,1.0
CMP000841,4154-AQUGT,2022-09-15,Installation Delay,Medium,Network,Resolved,9.0,2.0
CMP000842,3092-IGHWF,2021-10-22,Installation Delay,High,Customer Care,Closed,1.0,1.0
CMP000843,3092-IGHWF,2020-04-16,Installation Delay,High,Customer Care,Resolved,14.0,2.0
CMP000844,3092-IGHWF,2024-03-16,Call Drop,High,Network,Resolved,11.0,3.0
CMP000845,8017-LXHFA,2025-01-14,Call Drop,High,Network,Resolved,10.0,2.0
CMP000846,8017-LXHFA,2024-01-01,Billing Complaint,High,Customer Care,Closed,5.0,1.0
CMP000847,8017-LXHFA,2024-03-06,Streaming Issue,Low,Sales,Open,,
CMP000848,6352-TWCAU,2024-10-20,Wrong Charges,Medium,Billing,In Progress,,
CMP000849,2929-QNSRW,2025-06-05,Poor Customer Support,Medium,Technical,Closed,14.0,3.0
CMP000850,1262-OPMFY,2024-02-27,Wrong Charges,Medium,Customer Care,Resolved,5.0,1.0
CMP000851,1262-OPMFY,2025-03-19,Frequent Disconnections,High,Technical,Resolved,4.0,3.0
CMP000852,1262-OPMFY,2024-06-01,Service Outage,Medium,Network,Closed,9.0,1.0
CMP000853,4248-QPAVC,2023-01-22,Installation Delay,Medium,Technical,Resolved,11.0,2.0
CMP000854,1899-VXWXM,2024-06-15,Call Drop,High,Billing,Closed,6.0,3.0
CMP000855,1899-VXWXM,2025-04-07,Wrong Charges,Medium,Billing,Resolved,15.0,2.0
CMP000856,4690-LLKUA,2022-08-20,Poor Network,Medium,Billing,Resolved,14.0,1.0
CMP000857,3331-HQDTW,2023-08-20,Service Outage,Low,Customer Care,Closed,1.0,3.0
CMP000858,3331-HQDTW,2024-12-22,Payment Issue,High,Network,In Progress,,
CMP000859,9490-DFPMD,2025-04-01,Poor Network,High,Network,Closed,9.0,2.0
CMP000860,5442-XSDCW,2023-12-11,Poor Customer Support,High,Network,Resolved,3.0,2.0
CMP000861,5442-XSDCW,2024-11-13,Poor Customer Support,Low,Sales,Resolved,14.0,1.0
CMP000862,5442-XSDCW,2025-03-23,Installation Delay,Medium,Technical,Closed,5.0,2.0
CMP000863,3049-NDXFL,2022-06-26,Streaming Issue,High,Billing,In Progress,,
CMP000864,3049-NDXFL,2024-02-14,Billing Complaint,Low,Network,Closed,3.0,2.0
CMP000865,3049-NDXFL,2024-05-21,Frequent Disconnections,Medium,Technical,Resolved,11.0,1.0
CMP000866,8580-AECUZ,2025-01-17,Wrong Charges,High,Billing,Resolved,3.0,1.0
CMP000867,8580-AECUZ,2024-10-09,Wrong Charges,High,Sales,In Progress,,
CMP000868,7963-GQRMY,2024-06-12,Call Drop,High,Sales,In Progress,,
CMP000869,7963-GQRMY,2023-08-24,Low Download Speed,High,Sales,Closed,15.0,3.0
CMP000870,7963-GQRMY,2022-11-12,Service Outage,High,Technical,Closed,8.0,1.0
CMP000871,1228-FZFRV,2024-06-13,Low Download Speed,Low,Technical,Resolved,14.0,1.0
CMP000872,1228-FZFRV,2024-08-16,Poor Customer Support,High,Customer Care,Resolved,2.0,1.0
CMP000873,1228-FZFRV,2022-08-20,Slow Internet,High,Network,Resolved,8.0,2.0
CMP000874,2058-DCJBE,2021-07-02,Call Drop,Medium,Customer Care,Resolved,1.0,3.0
CMP000875,2058-DCJBE,2025-04-07,Frequent Disconnections,Medium,Customer Care,Open,,
CMP000876,5364-XYIRR,2025-04-09,Service Outage,Medium,Sales,Closed,3.0,3.0
CMP000877,5364-XYIRR,2025-07-26,Payment Issue,High,Customer Care,Closed,9.0,3.0
CMP000878,4829-AUOAX,2020-01-27,Billing Complaint,Medium,Billing,Resolved,15.0,1.0
CMP000879,5047-LHVLY,2021-04-05,Poor Customer Support,High,Sales,Open,,
CMP000880,5047-LHVLY,2021-07-25,Service Outage,Medium,Technical,Resolved,14.0,2.0
CMP000881,5047-LHVLY,2024-05-08,Billing Complaint,Low,Billing,Resolved,6.0,1.0
CMP000882,9158-VCTQB,2024-08-16,Installation Delay,High,Technical,Resolved,3.0,2.0
CMP000883,9158-VCTQB,2025-11-10,Installation Delay,Low,Technical,Resolved,1.0,1.0
CMP000884,9158-VCTQB,2024-09-14,Service Outage,High,Sales,Resolved,9.0,2.0
CMP000885,6311-UEUME,2020-12-26,Poor Customer Support,High,Sales,In Progress,,
CMP000886,6311-UEUME,2021-04-03,Poor Customer Support,High,Billing,Resolved,12.0,2.0
CMP000887,6311-UEUME,2022-08-25,Wrong Charges,Medium,Network,In Progress,,
CMP000888,6839-ITVZJ,2021-07-23,Payment Issue,High,Customer Care,Resolved,7.0,2.0
CMP000889,0375-HVGXO,2024-10-20,Service Outage,High,Technical,Resolved,6.0,1.0
CMP000890,0375-HVGXO,2020-01-23,Payment Issue,Medium,Technical,Resolved,10.0,1.0
CMP000891,8593-WHYHV,2024-08-17,Call Drop,Low,Sales,Resolved,9.0,2.0
CMP000892,8593-WHYHV,2022-04-17,Poor Customer Support,Low,Technical,Resolved,7.0,2.0
CMP000893,6097-EQISJ,2025-04-15,Low Download Speed,High,Network,Resolved,2.0,1.0
CMP000894,6097-EQISJ,2020-10-12,Streaming Issue,High,Customer Care,Resolved,4.0,1.0
CMP000895,6097-EQISJ,2024-10-10,Wrong Charges,Medium,Customer Care,Open,,
CMP000896,4423-YLHDV,2023-01-05,Payment Issue,Medium,Billing,Resolved,1.0,1.0
CMP000897,4423-YLHDV,2023-08-24,Installation Delay,High,Sales,Closed,12.0,1.0
CMP000898,0107-YHINA,2025-05-14,Frequent Disconnections,High,Network,Closed,6.0,3.0
CMP000899,8640-SDGKB,2021-07-02,Service Outage,Low,Billing,Resolved,9.0,1.0
CMP000900,8640-SDGKB,2022-04-16,Frequent Disconnections,High,Network,Closed,4.0,2.0
CMP000901,4116-TZAQJ,2025-08-01,Streaming Issue,High,Customer Care,Resolved,5.0,3.0
CMP000902,4116-TZAQJ,2024-05-18,Streaming Issue,Low,Technical,Resolved,10.0,2.0
CMP000903,4116-TZAQJ,2025-03-11,Poor Network,High,Customer Care,Open,,
CMP000904,3877-JRJIP,2024-11-24,Slow Internet,High,Sales,Resolved,12.0,3.0
CMP000905,3877-JRJIP,2025-11-16,Slow Internet,High,Sales,Resolved,13.0,2.0
CMP000906,3877-JRJIP,2023-04-24,Billing Complaint,High,Billing,Open,,
CMP000907,8375-DKEBR,2023-12-13,Low Download Speed,High,Customer Care,In Progress,,
CMP000908,8375-DKEBR,2020-11-10,Frequent Disconnections,High,Customer Care,In Progress,,
CMP000909,7511-YMXVQ,2022-06-14,Poor Customer Support,Medium,Billing,Closed,10.0,3.0
CMP000910,7511-YMXVQ,2025-12-02,Wrong Charges,High,Network,In Progress,,
CMP000911,7511-YMXVQ,2024-04-26,Streaming Issue,High,Network,Resolved,14.0,2.0
CMP000912,7551-JOHTI,2022-11-10,Payment Issue,High,Network,Resolved,13.0,2.0
CMP000913,7551-JOHTI,2022-12-26,Billing Complaint,Low,Customer Care,In Progress,,
CMP000914,9804-ICWBG,2020-06-15,Call Drop,High,Customer Care,Closed,7.0,1.0
CMP000915,9804-ICWBG,2023-08-19,Poor Network,High,Customer Care,Resolved,15.0,1.0
CMP000916,5318-IXUZF,2021-06-08,Call Drop,Low,Sales,Resolved,3.0,1.0
CMP000917,5318-IXUZF,2025-02-13,Slow Internet,High,Network,Resolved,13.0,2.0
CMP000918,5318-IXUZF,2023-07-26,Poor Network,High,Customer Care,Resolved,7.0,1.0
CMP000919,3198-VELRD,2024-12-09,Low Download Speed,Low,Network,Open,,
CMP000920,3198-VELRD,2022-11-17,Slow Internet,Medium,Customer Care,Resolved,3.0,1.0
CMP000921,3198-VELRD,2024-10-23,Streaming Issue,Medium,Technical,Closed,2.0,3.0
CMP000922,9436-ZBZCT,2023-11-22,Billing Complaint,Medium,Customer Care,Resolved,11.0,3.0
CMP000923,7279-BUYWN,2023-01-25,Billing Complaint,High,Network,In Progress,,
CMP000924,7279-BUYWN,2022-05-26,Poor Network,Medium,Sales,Resolved,8.0,1.0
CMP000925,7279-BUYWN,2021-02-02,Payment Issue,Medium,Technical,Closed,2.0,1.0
CMP000926,7156-MHUGY,2023-07-03,Payment Issue,Medium,Technical,In Progress,,
CMP000927,7156-MHUGY,2023-02-06,Service Outage,Medium,Technical,Closed,3.0,3.0
CMP000928,7156-MHUGY,2024-07-21,Frequent Disconnections,Medium,Network,Resolved,1.0,3.0
CMP000929,7198-GLXTC,2023-04-24,Billing Complaint,Medium,Customer Care,Resolved,14.0,3.0
CMP000930,7198-GLXTC,2021-10-18,Service Outage,High,Network,Closed,1.0,3.0
CMP000931,0516-VRYBW,2025-08-15,Customer Support,High,Sales,Open,,
CMP000932,0516-VRYBW,2024-11-27,Payment Issue,High,Customer Care,Resolved,3.0,3.0
CMP000933,0516-VRYBW,2021-08-28,Payment Issue,Medium,Network,Resolved,3.0,2.0
CMP000934,8380-PEFPE,2023-08-11,Installation Delay,Medium,Network,Closed,10.0,2.0
CMP000935,8380-PEFPE,2023-09-24,Billing Complaint,High,Network,Resolved,1.0,3.0
CMP000936,8380-PEFPE,2025-09-02,Streaming Issue,High,Customer Care,Resolved,5.0,2.0
CMP000937,5687-DKDTV,2020-01-16,Customer Support,Medium,Sales,Closed,5.0,1.0
CMP000938,5687-DKDTV,2023-02-18,Customer Support,High,Network,In Progress,,
CMP000939,7530-HDYDS,2021-01-03,Poor Network,Low,Network,Resolved,7.0,3.0
CMP000940,7530-HDYDS,2021-12-26,Wrong Charges,Medium,Network,In Progress,,
CMP000941,3096-IZETN,2021-10-11,Poor Network,Medium,Network,In Progress,,
CMP000942,3096-IZETN,2023-08-19,Call Drop,High,Sales,Open,,
CMP000943,3096-IZETN,2023-03-09,Service Outage,High,Customer Care,Closed,8.0,1.0
CMP000944,5922-ABDVO,2024-07-28,Poor Customer Support,High,Network,In Progress,,
CMP000945,9172-ANCRX,2024-11-27,Installation Delay,High,Billing,In Progress,,
CMP000946,9172-ANCRX,2023-09-15,Slow Internet,Medium,Sales,Closed,11.0,2.0
CMP000947,9172-ANCRX,2024-01-26,Frequent Disconnections,High,Technical,Resolved,10.0,1.0
CMP000948,6910-HADCM,2024-09-07,Poor Customer Support,High,Technical,Resolved,10.0,2.0
CMP000949,6910-HADCM,2025-01-12,Installation Delay,Medium,Customer Care,In Progress,,
CMP000950,4816-LXZYW,2021-02-13,Poor Customer Support,Low,Customer Care,Resolved,4.0,2.0
CMP000951,4816-LXZYW,2020-05-18,Frequent Disconnections,High,Technical,Resolved,4.0,1.0
CMP000952,9606-PBKBQ,2021-10-22,Low Download Speed,Low,Sales,Resolved,2.0,2.0
CMP000953,9606-PBKBQ,2021-10-09,Poor Customer Support,High,Sales,Resolved,7.0,3.0
CMP000954,9606-PBKBQ,2025-04-22,Low Download Speed,Low,Sales,Closed,15.0,1.0
CMP000955,3536-IQCTX,2021-04-28,Call Drop,High,Technical,Resolved,7.0,2.0
CMP000956,4911-BANWH,2021-10-24,Service Outage,High,Billing,Resolved,10.0,2.0
CMP000957,4911-BANWH,2023-04-27,Low Download Speed,High,Network,Closed,14.0,1.0
CMP000958,4911-BANWH,2024-06-02,Service Outage,Low,Billing,Open,,
CMP000959,8496-EJAUI,2025-08-24,Poor Network,Low,Customer Care,In Progress,,
CMP000960,8496-EJAUI,2022-02-07,Slow Internet,High,Billing,Closed,6.0,2.0
CMP000961,8496-EJAUI,2025-01-24,Low Download Speed,Medium,Network,Resolved,10.0,1.0
CMP000962,3132-TVFDZ,2020-10-10,Poor Customer Support,Medium,Network,Open,,
CMP000963,3132-TVFDZ,2022-08-18,Poor Network,Low,Sales,Resolved,10.0,3.0
CMP000964,3132-TVFDZ,2025-10-23,Wrong Charges,High,Sales,Closed,14.0,2.0
CMP000965,8080-DDEMJ,2025-12-21,Wrong Charges,Medium,Technical,Open,,
CMP000966,8080-DDEMJ,2022-06-04,Payment Issue,High,Network,In Progress,,
CMP000967,6365-MTGZX,2024-03-03,Poor Customer Support,Low,Billing,Open,,
CMP000968,6365-MTGZX,2023-04-17,Call Drop,High,Customer Care,Closed,1.0,1.0
CMP000969,6365-MTGZX,2021-06-24,Call Drop,High,Billing,Open,,
CMP000970,1349-WXNGG,2023-02-26,Billing Complaint,Low,Technical,In Progress,,
CMP000971,1349-WXNGG,2022-08-28,Billing Complaint,Medium,Customer Care,Closed,5.0,2.0
CMP000972,1349-WXNGG,2025-08-19,Payment Issue,Medium,Customer Care,Closed,7.0,3.0
CMP000973,6990-YNRIO,2021-06-05,Poor Customer Support,Low,Sales,Resolved,13.0,2.0
CMP000974,6990-YNRIO,2025-04-10,Wrong Charges,Medium,Technical,Resolved,10.0,3.0
CMP000975,6990-YNRIO,2023-11-26,Frequent Disconnections,High,Technical,Open,,
CMP000976,0621-TWIEM,2024-09-27,Frequent Disconnections,High,Sales,Resolved,6.0,2.0
CMP000977,0621-TWIEM,2021-07-10,Installation Delay,High,Sales,Resolved,4.0,3.0
CMP000978,0621-TWIEM,2021-03-15,Billing Complaint,High,Network,In Progress,,
CMP000979,2485-ITVKB,2025-10-10,Frequent Disconnections,Medium,Technical,Open,,
CMP000980,2485-ITVKB,2021-06-08,Frequent Disconnections,Low,Sales,Resolved,2.0,2.0
CMP000981,2485-ITVKB,2021-02-04,Frequent Disconnections,High,Sales,Resolved,3.0,1.0
CMP000982,3669-OYSJI,2023-12-11,Streaming Issue,High,Sales,Open,,
CMP000983,1612-EOHDH,2023-09-24,Service Outage,High,Sales,In Progress,,
CMP000984,1612-EOHDH,2024-02-07,Low Download Speed,Low,Customer Care,Resolved,14.0,1.0
CMP000985,6702-OHFWR,2022-01-24,Installation Delay,Medium,Customer Care,Closed,5.0,2.0
CMP000986,6702-OHFWR,2023-07-17,Poor Customer Support,High,Customer Care,Closed,2.0,3.0
CMP000987,6702-OHFWR,2025-03-03,Wrong Charges,Low,Sales,Closed,14.0,3.0
CMP000988,4510-PYUSH,2022-10-27,Payment Issue,High,Technical,Closed,10.0,1.0
CMP000989,4510-PYUSH,2022-05-09,Low Download Speed,High,Customer Care,In Progress,,
CMP000990,4510-PYUSH,2020-10-20,Low Download Speed,Medium,Billing,Resolved,4.0,3.0
CMP000991,7517-SAWMO,2024-07-25,Payment Issue,High,Technical,In Progress,,
CMP000992,7517-SAWMO,2023-08-15,Streaming Issue,High,Customer Care,Closed,2.0,1.0
CMP000993,7517-SAWMO,2022-04-07,Payment Issue,Medium,Technical,Resolved,4.0,3.0
CMP000994,4143-HHPMK,2025-05-16,Poor Network,High,Technical,In Progress,,
CMP000995,7054-LGEQW,2024-01-19,Streaming Issue,Medium,Network,In Progress,,
CMP000996,7054-LGEQW,2020-04-04,Call Drop,High,Technical,Closed,3.0,3.0
CMP000997,7054-LGEQW,2021-02-09,Installation Delay,Medium,Technical,Closed,6.0,3.0
CMP000998,0923-PNFUB,2022-01-18,Poor Customer Support,Low,Technical,In Progress,,
CMP000999,0923-PNFUB,2022-11-04,Streaming Issue,High,Billing,Open,,
CMP001000,0923-PNFUB,2020-05-17,Poor Network,High,Customer Care,Resolved,6.0,1.0
CMP001001,3494-JCHRQ,2022-03-03,Service Outage,High,Billing,Resolved,7.0,1.0
CMP001002,3494-JCHRQ,2022-09-06,Service Outage,Low,Network,Open,,
CMP001003,3494-JCHRQ,2021-01-26,Slow Internet,High,Billing,In Progress,,
CMP001004,6474-FVJLC,2023-02-27,Low Download Speed,High,Network,Resolved,2.0,3.0
CMP001005,6474-FVJLC,2021-10-13,Slow Internet,High,Billing,Resolved,13.0,3.0
CMP001006,6474-FVJLC,2023-05-09,Payment Issue,Low,Sales,Resolved,11.0,3.0
CMP001007,8840-DQLGN,2024-06-01,Poor Customer Support,High,Billing,Resolved,12.0,2.0
CMP001008,8840-DQLGN,2022-03-22,Streaming Issue,High,Network,In Progress,,
CMP001009,8840-DQLGN,2022-10-07,Low Download Speed,High,Network,Resolved,4.0,3.0
CMP001010,4547-LYTDD,2023-08-06,Billing Complaint,Medium,Billing,Resolved,6.0,2.0
CMP001011,4547-LYTDD,2022-10-21,Low Download Speed,Medium,Technical,Open,,
CMP001012,6770-XUAGN,2025-01-02,Customer Support,High,Technical,Closed,8.0,1.0
CMP001013,6770-XUAGN,2023-08-17,Customer Support,Medium,Technical,In Progress,,
CMP001014,4193-ORFCL,2023-05-04,Installation Delay,Medium,Network,Closed,12.0,2.0
CMP001015,7776-QWNFX,2022-05-10,Poor Network,Medium,Billing,In Progress,,
CMP001016,7776-QWNFX,2025-10-27,Call Drop,High,Sales,Resolved,9.0,2.0
CMP001017,6689-TCZHQ,2022-03-04,Payment Issue,High,Billing,In Progress,,
CMP001018,6689-TCZHQ,2021-06-04,Slow Internet,Medium,Billing,Resolved,6.0,2.0
CMP001019,6689-TCZHQ,2025-12-16,Call Drop,High,Sales,In Progress,,
CMP001020,3143-ILDAL,2025-08-04,Frequent Disconnections,Medium,Technical,Closed,11.0,3.0
CMP001021,3143-ILDAL,2025-05-18,Poor Customer Support,High,Customer Care,Resolved,6.0,2.0
CMP001022,4720-VSTSI,2024-08-22,Billing Complaint,High,Technical,In Progress,,
CMP001023,4720-VSTSI,2025-12-27,Poor Customer Support,High,Technical,In Progress,,
CMP001024,4720-VSTSI,2024-07-05,Installation Delay,Medium,Billing,Closed,5.0,1.0
CMP001025,3946-MHCZW,2025-07-07,Poor Network,Medium,Billing,In Progress,,
CMP001026,3946-MHCZW,2020-07-10,Wrong Charges,High,Customer Care,Resolved,7.0,2.0
CMP001027,6651-AZVTJ,2024-02-19,Service Outage,Medium,Customer Care,Resolved,2.0,1.0
CMP001028,4566-GOLUK,2020-03-09,Call Drop,High,Sales,Open,,
CMP001029,4566-GOLUK,2024-12-05,Payment Issue,High,Sales,Closed,10.0,3.0
CMP001030,4566-GOLUK,2021-03-24,Payment Issue,Low,Billing,Resolved,8.0,2.0
CMP001031,2484-DGXPZ,2020-05-26,Billing Complaint,Medium,Sales,Resolved,5.0,3.0
CMP001032,4587-NUKOX,2024-02-03,Streaming Issue,High,Technical,In Progress,,
CMP001033,4587-NUKOX,2020-03-28,Call Drop,Low,Technical,Resolved,2.0,3.0
CMP001034,4587-NUKOX,2022-01-10,Poor Network,Medium,Billing,Closed,8.0,3.0
CMP001035,0420-BWTPW,2020-05-12,Payment Issue,Low,Customer Care,Resolved,6.0,2.0
CMP001036,8183-ONMXC,2025-03-15,Service Outage,Medium,Sales,Resolved,3.0,1.0
CMP001037,8183-ONMXC,2020-06-26,Frequent Disconnections,Medium,Customer Care,In Progress,,
CMP001038,9614-RMGHA,2024-09-15,Payment Issue,High,Sales,Resolved,8.0,3.0
CMP001039,9614-RMGHA,2025-12-18,Poor Network,High,Customer Care,In Progress,,
CMP001040,5054-IEXZT,2025-01-10,Streaming Issue,Medium,Customer Care,Resolved,1.0,3.0
CMP001041,5054-IEXZT,2021-02-12,Wrong Charges,High,Sales,In Progress,,
CMP001042,5834-ASPWA,2025-01-05,Billing Complaint,High,Customer Care,Resolved,13.0,3.0
CMP001043,5834-ASPWA,2022-06-11,Poor Customer Support,Low,Technical,Resolved,15.0,2.0
CMP001044,5834-ASPWA,2021-09-19,Service Outage,Medium,Network,Open,,
CMP001045,3948-XHGNA,2024-01-15,Call Drop,High,Billing,Open,,
CMP001046,0565-IYCGT,2025-06-20,Slow Internet,Medium,Network,Open,,
CMP001047,0565-IYCGT,2023-01-14,Service Outage,Medium,Billing,Resolved,8.0,3.0
CMP001048,0565-IYCGT,2022-11-24,Poor Customer Support,High,Billing,Resolved,15.0,1.0
CMP001049,5445-UTODQ,2025-02-21,Streaming Issue,Medium,Sales,Resolved,1.0,1.0
CMP001050,5445-UTODQ,2023-07-21,Frequent Disconnections,High,Billing,Open,,
CMP001051,5445-UTODQ,2025-12-13,Installation Delay,Low,Technical,Resolved,14.0,1.0
CMP001052,1024-VRZHF,2022-07-01,Poor Customer Support,High,Technical,Resolved,8.0,3.0
CMP001053,1024-VRZHF,2020-03-14,Slow Internet,Low,Technical,Closed,11.0,3.0
CMP001054,1024-VRZHF,2025-02-26,Service Outage,High,Billing,In Progress,,
CMP001055,9497-QCMMS,2022-04-21,Installation Delay,Low,Technical,In Progress,,
CMP001056,0348-SDKOL,2022-09-02,Poor Network,High,Billing,Resolved,10.0,3.0
CMP001057,0348-SDKOL,2023-04-06,Low Download Speed,High,Customer Care,Resolved,8.0,1.0
CMP001058,4373-MAVJG,2025-09-16,Call Drop,High,Customer Care,Closed,12.0,1.0
CMP001059,8901-HJXTF,2021-10-15,Streaming Issue,Medium,Network,Resolved,5.0,1.0
CMP001060,8901-HJXTF,2021-05-05,Call Drop,Medium,Sales,Resolved,6.0,1.0
CMP001061,5419-KLXBN,2025-05-09,Streaming Issue,Medium,Sales,Closed,5.0,3.0
CMP001062,5419-KLXBN,2022-10-12,Service Outage,High,Technical,Resolved,6.0,3.0
CMP001063,5419-KLXBN,2022-07-08,Service Outage,High,Sales,Closed,6.0,3.0
CMP001064,3424-NMNBO,2025-11-13,Low Download Speed,High,Customer Care,Closed,9.0,3.0
CMP001065,4514-GFCFI,2025-10-11,Poor Customer Support,Medium,Network,In Progress,,
CMP001066,4514-GFCFI,2024-02-09,Streaming Issue,Low,Technical,Resolved,11.0,3.0
CMP001067,9828-AOQLM,2020-12-26,Low Download Speed,High,Sales,In Progress,,
CMP001068,9828-AOQLM,2022-03-25,Wrong Charges,Medium,Billing,Open,,
CMP001069,8000-REIQB,2021-10-11,Slow Internet,High,Customer Care,Closed,2.0,2.0
CMP001070,8000-REIQB,2022-02-03,Frequent Disconnections,High,Technical,In Progress,,
CMP001071,8000-REIQB,2020-09-16,Poor Network,Medium,Customer Care,Closed,3.0,1.0
CMP001072,7615-ESMYF,2025-04-28,Installation Delay,High,Customer Care,Resolved,4.0,2.0
CMP001073,7615-ESMYF,2025-04-24,Payment Issue,Medium,Sales,In Progress,,
CMP001074,7615-ESMYF,2021-02-15,Poor Network,High,Sales,Resolved,13.0,3.0
CMP001075,3858-VOBET,2020-01-17,Frequent Disconnections,High,Technical,Closed,1.0,2.0
CMP001076,1447-PJGGA,2020-06-27,Poor Network,Medium,Technical,Resolved,11.0,2.0
CMP001077,1447-PJGGA,2025-10-11,Service Outage,High,Customer Care,Resolved,13.0,3.0
CMP001078,1447-PJGGA,2021-05-10,Call Drop,Medium,Billing,Open,,
CMP001079,8565-CLBZW,2020-03-06,Slow Internet,Medium,Sales,In Progress,,
CMP001080,8565-CLBZW,2024-02-22,Poor Customer Support,High,Customer Care,Resolved,2.0,2.0
CMP001081,8565-CLBZW,2022-07-18,Wrong Charges,Medium,Billing,Closed,6.0,3.0
CMP001082,9139-WQQDY,2022-09-18,Call Drop,High,Technical,Resolved,2.0,1.0
CMP001083,9139-WQQDY,2022-05-21,Service Outage,High,Sales,Open,,
CMP001084,9139-WQQDY,2021-04-27,Slow Internet,Medium,Network,Open,,
CMP001085,0224-HJAPT,2024-09-04,Billing Complaint,High,Network,Resolved,10.0,3.0
CMP001086,0224-HJAPT,2022-04-23,Slow Internet,High,Billing,Resolved,9.0,1.0
CMP001087,8086-OVPWV,2022-08-14,Slow Internet,High,Sales,Closed,5.0,1.0
CMP001088,9430-FRQOC,2024-02-06,Low Download Speed,High,Customer Care,Resolved,11.0,1.0
CMP001089,3074-GQWYX,2020-07-04,Call Drop,Low,Sales,Resolved,6.0,1.0
CMP001090,6845-RGTYS,2025-02-03,Call Drop,Low,Customer Care,Closed,1.0,2.0
CMP001091,8861-HGGKB,2023-07-01,Billing Complaint,High,Customer Care,Open,,
CMP001092,8861-HGGKB,2022-08-11,Installation Delay,High,Customer Care,Resolved,15.0,2.0
CMP001093,7065-YUNRY,2024-02-27,Payment Issue,Medium,Technical,Resolved,5.0,3.0
CMP001094,7065-YUNRY,2024-06-03,Billing Complaint,High,Customer Care,Resolved,6.0,3.0
CMP001095,7694-VLBWQ,2022-06-19,Installation Delay,Low,Billing,In Progress,,
CMP001096,4795-KTRTH,2023-08-17,Wrong Charges,High,Customer Care,Resolved,12.0,1.0
CMP001097,4795-KTRTH,2020-09-09,Poor Network,Medium,Technical,In Progress,,
CMP001098,6481-OGDOO,2025-01-16,Streaming Issue,High,Sales,Resolved,14.0,1.0
CMP001099,6481-OGDOO,2022-11-03,Service Outage,High,Sales,Open,,
CMP001100,6481-OGDOO,2024-09-14,Service Outage,High,Customer Care,Closed,3.0,1.0
CMP001101,3753-TSEMP,2023-03-26,Poor Customer Support,High,Sales,In Progress,,
CMP001102,8305-VHZBZ,2022-10-07,Payment Issue,High,Sales,Resolved,6.0,3.0
CMP001103,9172-JITSM,2022-02-01,Frequent Disconnections,Medium,Customer Care,Closed,9.0,1.0
CMP001104,9172-JITSM,2022-06-01,Low Download Speed,Medium,Customer Care,Resolved,14.0,3.0
CMP001105,6298-QDFNH,2022-05-17,Poor Network,High,Customer Care,In Progress,,
CMP001106,6298-QDFNH,2025-03-06,Streaming Issue,High,Technical,Closed,9.0,2.0
CMP001107,6298-QDFNH,2021-07-17,Service Outage,Medium,Billing,In Progress,,
CMP001108,9961-JBNMK,2022-03-19,Low Download Speed,Medium,Billing,Closed,2.0,2.0
CMP001109,9961-JBNMK,2020-01-18,Payment Issue,High,Sales,Resolved,10.0,2.0
CMP001110,9961-JBNMK,2023-05-16,Payment Issue,Medium,Customer Care,In Progress,,
CMP001111,6173-ITPWD,2024-02-16,Slow Internet,High,Billing,Open,,
CMP001112,9734-UYXQI,2025-09-17,Billing Complaint,High,Billing,Open,,
CMP001113,2189-UXTKY,2023-01-28,Poor Network,Medium,Network,Closed,13.0,3.0
CMP001114,4958-GZWIY,2022-10-06,Call Drop,Medium,Network,Closed,7.0,3.0
CMP001115,4958-GZWIY,2024-11-14,Wrong Charges,Medium,Billing,Resolved,8.0,3.0
CMP001116,4958-GZWIY,2023-06-05,Billing Complaint,Medium,Sales,In Progress,,
CMP001117,6356-ELRKD,2021-11-28,Call Drop,Low,Billing,Resolved,4.0,2.0
CMP001118,8624-GIOUT,2021-10-26,Billing Complaint,High,Billing,Open,,
CMP001119,8624-GIOUT,2023-04-02,Billing Complaint,Medium,Network,Closed,13.0,1.0
CMP001120,8624-GIOUT,2021-03-27,Service Outage,High,Network,Resolved,12.0,2.0
CMP001121,6179-GJPSO,2020-05-05,Streaming Issue,Medium,Network,Resolved,11.0,2.0
CMP001122,6179-GJPSO,2025-06-26,Wrong Charges,High,Sales,Resolved,14.0,3.0
CMP001123,6179-GJPSO,2024-08-20,Slow Internet,High,Billing,Resolved,12.0,1.0
CMP001124,3177-LASXD,2024-06-27,Streaming Issue,Medium,Technical,Open,,
CMP001125,4897-QSUYC,2024-05-18,Billing Complaint,Medium,Sales,Resolved,1.0,3.0
CMP001126,4897-QSUYC,2020-07-22,Payment Issue,Medium,Billing,Closed,9.0,3.0
CMP001127,1084-UQCHV,2024-10-27,Slow Internet,Low,Customer Care,Resolved,7.0,2.0
CMP001128,8290-YWKHZ,2023-06-15,Billing Complaint,Low,Customer Care,Closed,11.0,3.0
CMP001129,8290-YWKHZ,2022-01-14,Poor Customer Support,High,Customer Care,In Progress,,
CMP001130,2955-BJZHG,2020-05-21,Installation Delay,High,Customer Care,In Progress,,
CMP001131,3806-DXQOM,2021-07-22,Streaming Issue,Medium,Technical,Open,,
CMP001132,9300-RENDD,2022-12-22,Low Download Speed,High,Sales,In Progress,,
CMP001133,0761-AETCS,2021-03-08,Payment Issue,Medium,Technical,Closed,5.0,2.0
CMP001134,0761-AETCS,2025-02-26,Customer Support,Medium,Network,Resolved,14.0,3.0
CMP001135,2153-MREFK,2024-09-11,Poor Network,High,Customer Care,Open,,
CMP001136,2153-MREFK,2020-11-07,Low Download Speed,High,Network,Open,,
CMP001137,2153-MREFK,2024-03-24,Poor Network,Medium,Sales,Closed,7.0,1.0
CMP001138,3106-ULWFW,2021-02-12,Wrong Charges,Low,Customer Care,In Progress,,
CMP001139,0925-VYDLG,2023-06-12,Streaming Issue,High,Technical,Resolved,14.0,1.0
CMP001140,0925-VYDLG,2025-01-08,Billing Complaint,Low,Network,Resolved,13.0,3.0
CMP001141,0925-VYDLG,2023-01-09,Frequent Disconnections,Medium,Billing,Open,,
CMP001142,4349-GFQHK,2025-12-15,Call Drop,High,Sales,In Progress,,
CMP001143,4349-GFQHK,2021-04-06,Payment Issue,Medium,Sales,Resolved,1.0,1.0
CMP001144,4349-GFQHK,2020-01-28,Streaming Issue,Medium,Network,Resolved,8.0,3.0
CMP001145,7802-EFKNY,2022-03-07,Streaming Issue,High,Customer Care,Open,,
CMP001146,7802-EFKNY,2023-06-22,Service Outage,Medium,Technical,Resolved,11.0,1.0
CMP001147,7802-EFKNY,2021-03-08,Wrong Charges,High,Network,Resolved,2.0,2.0
CMP001148,8035-BUYVG,2021-06-26,Payment Issue,High,Technical,Closed,10.0,3.0
CMP001149,8035-BUYVG,2024-06-10,Call Drop,High,Sales,In Progress,,
CMP001150,9787-XVQIU,2023-02-18,Service Outage,Medium,Customer Care,Resolved,13.0,1.0
CMP001151,8945-MUQUF,2024-01-17,Call Drop,Medium,Technical,Closed,14.0,1.0
CMP001152,8051-HJRLT,2024-05-22,Call Drop,High,Technical,In Progress,,
CMP001153,8051-HJRLT,2025-11-11,Installation Delay,Medium,Technical,Resolved,1.0,3.0
CMP001154,8051-HJRLT,2020-01-23,Poor Network,High,Sales,Closed,6.0,1.0
CMP001155,3023-GFLBR,2022-04-22,Installation Delay,Medium,Technical,Resolved,8.0,2.0
CMP001156,3023-GFLBR,2025-01-10,Poor Customer Support,Medium,Billing,Resolved,11.0,1.0
CMP001157,3023-GFLBR,2023-11-02,Call Drop,High,Technical,Resolved,1.0,3.0
CMP001158,0524-IAVZO,2022-01-23,Poor Network,High,Sales,Resolved,12.0,2.0
CMP001159,2737-YNGYW,2021-10-02,Call Drop,High,Billing,In Progress,,
CMP001160,2737-YNGYW,2024-02-23,Installation Delay,High,Customer Care,Closed,12.0,2.0
CMP001161,5159-YFPKQ,2022-03-13,Wrong Charges,Medium,Customer Care,Resolved,13.0,2.0
CMP001162,5159-YFPKQ,2023-03-20,Frequent Disconnections,High,Billing,In Progress,,
CMP001163,4021-RQSNY,2020-01-14,Installation Delay,High,Network,Open,,
CMP001164,9061-TIHDA,2024-10-20,Wrong Charges,Medium,Customer Care,In Progress,,
CMP001165,9061-TIHDA,2020-07-03,Wrong Charges,Medium,Sales,Closed,2.0,3.0
CMP001166,8699-ASUFO,2022-01-05,Slow Internet,Medium,Technical,Resolved,10.0,2.0
CMP001167,8699-ASUFO,2020-12-04,Wrong Charges,Medium,Billing,In Progress,,
CMP001168,7927-AUXBZ,2023-01-05,Call Drop,Low,Network,Open,,
CMP001169,4695-WJZUE,2022-09-11,Low Download Speed,Medium,Billing,Closed,9.0,2.0
CMP001170,7619-ODSGN,2025-05-22,Poor Customer Support,High,Customer Care,Resolved,6.0,1.0
CMP001171,3988-RQIXO,2024-08-14,Service Outage,Medium,Customer Care,Resolved,6.0,2.0
CMP001172,3988-RQIXO,2025-08-22,Low Download Speed,Medium,Sales,Open,,
CMP001173,3988-RQIXO,2022-04-26,Streaming Issue,High,Billing,Closed,12.0,3.0
CMP001174,2514-GINMM,2021-07-11,Call Drop,High,Customer Care,Resolved,13.0,1.0
CMP001175,5931-FLJJF,2021-01-09,Poor Network,Medium,Technical,Closed,12.0,3.0
CMP001176,5931-FLJJF,2023-04-03,Low Download Speed,High,Network,Open,,
CMP001177,2659-VXMWZ,2021-11-20,Poor Customer Support,Low,Sales,Open,,
CMP001178,2659-VXMWZ,2024-05-04,Poor Network,High,Network,Resolved,12.0,2.0
CMP001179,2659-VXMWZ,2021-01-16,Installation Delay,High,Customer Care,Resolved,11.0,3.0
CMP001180,3207-OYBWH,2020-11-22,Poor Customer Support,Medium,Billing,Closed,14.0,3.0
CMP001181,3207-OYBWH,2023-02-10,Installation Delay,High,Technical,Resolved,10.0,3.0
CMP001182,3207-OYBWH,2021-05-21,Poor Network,High,Billing,Resolved,3.0,2.0
CMP001183,4285-GYRQC,2023-03-15,Service Outage,Medium,Network,Resolved,9.0,2.0
CMP001184,4285-GYRQC,2021-09-07,Frequent Disconnections,High,Sales,Resolved,4.0,3.0
CMP001185,7216-EWTRS,2021-09-05,Billing Complaint,Low,Network,Resolved,7.0,3.0
CMP001186,7216-EWTRS,2022-07-01,Service Outage,Low,Customer Care,In Progress,,
CMP001187,7216-EWTRS,2020-09-22,Wrong Charges,Low,Billing,In Progress,,
CMP001188,8337-MSSXB,2025-03-17,Slow Internet,Low,Billing,Resolved,13.0,1.0
CMP001189,8337-MSSXB,2020-02-05,Poor Network,High,Billing,Open,,
CMP001190,8337-MSSXB,2023-06-08,Low Download Speed,Medium,Technical,Resolved,3.0,3.0
CMP001191,8182-BJDSI,2025-11-15,Service Outage,Low,Sales,Closed,2.0,2.0
CMP001192,8182-BJDSI,2023-05-10,Streaming Issue,Medium,Customer Care,Closed,13.0,3.0
CMP001193,8182-BJDSI,2021-05-21,Low Download Speed,Medium,Network,Resolved,3.0,3.0
CMP001194,2528-HFYZX,2022-07-04,Streaming Issue,High,Customer Care,Open,,
CMP001195,2482-CZGBB,2020-04-08,Payment Issue,Low,Technical,In Progress,,
CMP001196,2482-CZGBB,2025-01-22,Wrong Charges,High,Customer Care,Open,,
CMP001197,2482-CZGBB,2024-07-01,Slow Internet,High,Sales,Closed,5.0,1.0
CMP001198,0866-QLSIR,2021-10-14,Poor Customer Support,Medium,Billing,In Progress,,
CMP001199,0866-QLSIR,2022-11-07,Call Drop,High,Technical,Resolved,13.0,1.0
CMP001200,7181-BQYBV,2025-10-01,Low Download Speed,Medium,Technical,Closed,12.0,3.0
CMP001201,7181-BQYBV,2023-09-17,Wrong Charges,Medium,Sales,Closed,15.0,1.0
CMP001202,7181-BQYBV,2020-05-11,Frequent Disconnections,High,Billing,Resolved,12.0,1.0
CMP001203,6204-IEUXJ,2021-12-02,Streaming Issue,High,Sales,Resolved,1.0,3.0
CMP001204,4529-CKBCL,2020-02-24,Billing Complaint,High,Network,In Progress,,
CMP001205,2506-CLAKW,2024-10-14,Poor Network,Medium,Customer Care,In Progress,,
CMP001206,2506-CLAKW,2020-03-23,Low Download Speed,Medium,Customer Care,Closed,1.0,2.0
CMP001207,1583-IHQZE,2025-08-23,Slow Internet,Medium,Sales,Closed,15.0,1.0
CMP001208,1583-IHQZE,2023-08-26,Wrong Charges,Low,Network,Resolved,5.0,1.0
CMP001209,0151-ONTOV,2021-02-17,Slow Internet,High,Customer Care,Open,,
CMP001210,0151-ONTOV,2023-03-21,Wrong Charges,High,Customer Care,Closed,1.0,2.0
CMP001211,0151-ONTOV,2021-03-16,Call Drop,Medium,Network,In Progress,,
CMP001212,4140-MUHUG,2022-09-04,Billing Complaint,Medium,Technical,In Progress,,
CMP001213,4140-MUHUG,2023-02-18,Poor Network,High,Sales,Resolved,12.0,2.0
CMP001214,4140-MUHUG,2025-12-27,Payment Issue,High,Network,Open,,
CMP001215,0320-JDNQG,2023-06-28,Payment Issue,High,Billing,In Progress,,
CMP001216,0320-JDNQG,2023-02-07,Billing Complaint,High,Customer Care,Resolved,5.0,1.0
CMP001217,7180-PISOG,2020-03-11,Low Download Speed,High,Network,Closed,1.0,1.0
CMP001218,7180-PISOG,2021-05-09,Billing Complaint,Low,Billing,Closed,1.0,2.0
CMP001219,3571-RFHAR,2025-04-23,Low Download Speed,High,Customer Care,Resolved,4.0,3.0
CMP001220,3571-RFHAR,2020-08-08,Slow Internet,Medium,Billing,In Progress,,
CMP001221,3571-RFHAR,2021-12-15,Call Drop,Medium,Billing,Open,,
CMP001222,9578-VRMNM,2021-04-10,Wrong Charges,High,Sales,Open,,
CMP001223,9578-VRMNM,2022-01-14,Streaming Issue,High,Technical,Closed,7.0,3.0
CMP001224,9578-VRMNM,2024-03-03,Poor Customer Support,Medium,Billing,Resolved,14.0,1.0
CMP001225,1587-FKLZB,2021-05-10,Slow Internet,Medium,Network,Closed,8.0,1.0
CMP001226,1587-FKLZB,2024-08-10,Payment Issue,High,Network,Resolved,11.0,3.0
CMP001227,1587-FKLZB,2022-12-25,Low Download Speed,Medium,Technical,Resolved,7.0,1.0
CMP001228,6140-QNRQQ,2021-01-02,Call Drop,High,Billing,Resolved,13.0,2.0
CMP001229,6140-QNRQQ,2021-08-22,Poor Customer Support,High,Customer Care,Resolved,15.0,3.0
CMP001230,6140-QNRQQ,2023-02-11,Slow Internet,High,Customer Care,Open,,
CMP001231,4307-KTUMW,2020-02-16,Payment Issue,Medium,Sales,Resolved,6.0,1.0
CMP001232,4307-KTUMW,2022-01-05,Poor Network,High,Technical,Resolved,14.0,2.0
CMP001233,4307-KTUMW,2020-02-24,Wrong Charges,High,Customer Care,Closed,7.0,1.0
CMP001234,5440-FLBQG,2022-09-16,Poor Network,High,Billing,Closed,13.0,2.0
CMP001235,5440-FLBQG,2022-06-22,Call Drop,High,Sales,Closed,8.0,2.0
CMP001236,7470-MCQTK,2023-01-19,Slow Internet,High,Customer Care,Resolved,15.0,2.0
CMP001237,7470-MCQTK,2025-10-28,Low Download Speed,Medium,Technical,Resolved,6.0,3.0
CMP001238,7470-MCQTK,2022-07-20,Slow Internet,Medium,Customer Care,Resolved,8.0,3.0
CMP001239,7488-MXJIV,2023-02-22,Billing Complaint,High,Technical,In Progress,,
CMP001240,7488-MXJIV,2025-08-04,Slow Internet,High,Customer Care,Resolved,7.0,2.0
CMP001241,2027-FECZV,2022-09-25,Wrong Charges,High,Network,Open,,
CMP001242,2027-FECZV,2020-04-10,Frequent Disconnections,Medium,Sales,Resolved,8.0,3.0
CMP001243,2672-DZUOY,2025-05-18,Billing Complaint,Low,Sales,Open,,
CMP001244,3870-MQAMG,2024-05-23,Slow Internet,Low,Network,Resolved,3.0,3.0
CMP001245,4800-CZMPC,2021-07-27,Slow Internet,Medium,Billing,Resolved,4.0,2.0
CMP001246,7377-DMMRI,2023-11-18,Billing Complaint,High,Sales,Open,,
CMP001247,7377-DMMRI,2025-02-20,Frequent Disconnections,High,Technical,Resolved,14.0,1.0
CMP001248,7377-DMMRI,2020-07-21,Service Outage,Medium,Sales,Resolved,4.0,3.0
CMP001249,8949-JTMAY,2025-12-10,Wrong Charges,Medium,Technical,Resolved,14.0,3.0
CMP001250,2774-LVQUS,2025-04-12,Installation Delay,Medium,Network,In Progress,,
CMP001251,2774-LVQUS,2025-04-20,Low Download Speed,Medium,Technical,Open,,
CMP001252,2774-LVQUS,2024-08-10,Slow Internet,High,Network,Resolved,13.0,3.0
CMP001253,3211-ILJTT,2020-03-23,Poor Customer Support,Medium,Technical,Resolved,2.0,2.0
CMP001254,3211-ILJTT,2020-07-18,Poor Customer Support,High,Network,In Progress,,
CMP001255,4612-THJBS,2021-11-08,Wrong Charges,High,Billing,Resolved,14.0,1.0
CMP001256,4612-THJBS,2022-09-28,Call Drop,High,Network,In Progress,,
CMP001257,4612-THJBS,2024-07-09,Low Download Speed,Medium,Technical,In Progress,,
CMP001258,4094-NSEDU,2024-12-03,Streaming Issue,High,Technical,Closed,7.0,2.0
CMP001259,4094-NSEDU,2025-07-19,Frequent Disconnections,Low,Billing,Resolved,12.0,2.0
CMP001260,4094-NSEDU,2020-12-10,Poor Customer Support,High,Network,Open,,
CMP001261,5103-MHMHY,2025-08-22,Streaming Issue,Low,Billing,In Progress,,
CMP001262,5103-MHMHY,2024-09-05,Installation Delay,Medium,Sales,In Progress,,
CMP001263,5103-MHMHY,2022-03-07,Wrong Charges,Low,Billing,In Progress,,
CMP001264,1846-XWOQN,2020-11-09,Streaming Issue,Medium,Customer Care,Open,,
CMP001265,1846-XWOQN,2021-07-24,Billing Complaint,High,Network,Resolved,3.0,1.0
CMP001266,0235-KGSLC,2022-06-07,Payment Issue,Medium,Billing,Closed,13.0,1.0
CMP001267,0235-KGSLC,2023-01-09,Payment Issue,Medium,Customer Care,Closed,2.0,1.0
CMP001268,0235-KGSLC,2022-02-18,Poor Network,Medium,Sales,In Progress,,
CMP001269,2884-GBPFB,2025-10-18,Call Drop,High,Technical,Open,,
CMP001270,2884-GBPFB,2023-04-09,Poor Customer Support,Medium,Technical,Resolved,9.0,1.0
CMP001271,2884-GBPFB,2022-05-01,Wrong Charges,Medium,Network,Closed,2.0,1.0
CMP001272,3757-NJYBX,2020-09-26,Call Drop,High,Customer Care,Closed,9.0,2.0
CMP001273,5136-KCKGI,2023-09-13,Service Outage,High,Customer Care,Open,,
CMP001274,3722-WPXTK,2021-03-04,Streaming Issue,High,Billing,Closed,7.0,1.0
CMP001275,3722-WPXTK,2025-03-28,Wrong Charges,High,Billing,Resolved,10.0,2.0
CMP001276,3722-WPXTK,2020-02-20,Billing Complaint,Medium,Network,Closed,4.0,1.0
CMP001277,2929-ERCFZ,2025-08-06,Call Drop,High,Billing,Resolved,15.0,2.0
CMP001278,2929-ERCFZ,2025-07-17,Wrong Charges,Low,Customer Care,In Progress,,
CMP001279,7548-SEPYI,2023-10-20,Wrong Charges,High,Network,In Progress,,
CMP001280,7548-SEPYI,2021-09-08,Streaming Issue,Low,Technical,Open,,
CMP001281,7548-SEPYI,2022-08-10,Wrong Charges,Low,Customer Care,Resolved,5.0,2.0
CMP001282,8835-VSDSE,2020-02-12,Streaming Issue,High,Billing,Resolved,14.0,2.0
CMP001283,1623-NLDOT,2023-03-13,Billing Complaint,High,Billing,Open,,
CMP001284,1623-NLDOT,2025-09-05,Payment Issue,High,Technical,In Progress,,
CMP001285,1623-NLDOT,2025-10-11,Poor Network,High,Billing,Resolved,2.0,2.0
CMP001286,9898-KZQDZ,2022-04-11,Poor Network,High,Network,Resolved,2.0,2.0
CMP001287,5236-PERKL,2024-05-04,Frequent Disconnections,High,Customer Care,Resolved,12.0,2.0
CMP001288,5236-PERKL,2023-09-23,Streaming Issue,Medium,Sales,Resolved,15.0,1.0
CMP001289,7854-FOKSF,2023-03-28,Wrong Charges,High,Sales,Open,,
CMP001290,7854-FOKSF,2020-11-12,Payment Issue,Medium,Network,Resolved,11.0,1.0
CMP001291,2519-FAKOD,2023-03-11,Poor Customer Support,Low,Sales,In Progress,,
CMP001292,8263-JQAIK,2023-03-01,Call Drop,High,Network,Closed,9.0,3.0
CMP001293,8263-JQAIK,2023-07-28,Slow Internet,High,Network,Resolved,7.0,3.0
CMP001294,7089-IVVAZ,2022-01-28,Installation Delay,Medium,Sales,Closed,15.0,1.0
CMP001295,2205-YMZZJ,2023-02-10,Installation Delay,Medium,Technical,Resolved,14.0,1.0
CMP001296,1254-IZEYF,2021-08-27,Poor Customer Support,High,Customer Care,Resolved,1.0,1.0
CMP001297,1254-IZEYF,2024-10-22,Billing Complaint,Medium,Network,Resolved,11.0,1.0
CMP001298,9492-TOKRI,2021-08-08,Billing Complaint,Medium,Billing,Resolved,15.0,2.0
CMP001299,9492-TOKRI,2023-01-05,Poor Customer Support,Medium,Network,Open,,
CMP001300,9492-TOKRI,2025-07-28,Streaming Issue,High,Customer Care,In Progress,,
CMP001301,9221-OTIVJ,2022-05-16,Call Drop,Low,Technical,Open,,
CMP001302,9221-OTIVJ,2025-03-02,Low Download Speed,Medium,Technical,Closed,2.0,2.0
CMP001303,9221-OTIVJ,2024-12-13,Streaming Issue,High,Customer Care,In Progress,,
CMP001304,3325-FUYCG,2025-07-16,Call Drop,High,Technical,Open,,
CMP001305,5908-QMGOE,2022-04-15,Low Download Speed,Medium,Sales,Resolved,10.0,3.0
CMP001306,5908-QMGOE,2020-10-28,Low Download Speed,Low,Network,Resolved,5.0,3.0
CMP001307,5908-QMGOE,2020-03-18,Frequent Disconnections,High,Technical,Resolved,15.0,1.0
CMP001308,8481-YYXWG,2020-01-26,Service Outage,High,Customer Care,Open,,
CMP001309,8481-YYXWG,2023-10-27,Installation Delay,High,Billing,In Progress,,
CMP001310,2609-IAICY,2025-04-08,Call Drop,High,Technical,Resolved,7.0,3.0
CMP001311,1740-CSDJP,2025-01-18,Slow Internet,Medium,Billing,Resolved,1.0,3.0
CMP001312,1740-CSDJP,2022-07-08,Service Outage,High,Network,Open,,
CMP001313,1740-CSDJP,2024-05-22,Slow Internet,High,Network,Resolved,4.0,3.0
CMP001314,2636-OHFMN,2020-10-04,Billing Complaint,Medium,Customer Care,Resolved,8.0,1.0
CMP001315,2636-OHFMN,2021-07-15,Poor Customer Support,High,Sales,Resolved,15.0,3.0
CMP001316,2636-OHFMN,2024-01-25,Poor Network,High,Customer Care,Closed,9.0,3.0
CMP001317,1323-OOEPC,2023-10-17,Poor Network,Medium,Technical,Resolved,5.0,1.0
CMP001318,1323-OOEPC,2024-10-02,Wrong Charges,Medium,Customer Care,Closed,7.0,3.0
CMP001319,0397-GZBBC,2024-07-03,Streaming Issue,Low,Technical,Closed,8.0,3.0
CMP001320,7641-EUYET,2025-11-07,Frequent Disconnections,High,Billing,Resolved,12.0,2.0
CMP001321,7641-EUYET,2021-06-19,Billing Complaint,High,Customer Care,Closed,9.0,3.0
CMP001322,7641-EUYET,2022-05-01,Installation Delay,Medium,Customer Care,In Progress,,
CMP001323,9921-ZVRHG,2020-01-26,Installation Delay,Low,Sales,Closed,11.0,3.0
CMP001324,9921-ZVRHG,2022-08-18,Slow Internet,High,Customer Care,Resolved,4.0,1.0
CMP001325,4701-MLJPN,2024-02-28,Wrong Charges,Low,Technical,Resolved,6.0,1.0
CMP001326,4701-MLJPN,2024-10-09,Billing Complaint,Medium,Network,Resolved,4.0,2.0
CMP001327,9206-GVPEQ,2020-02-24,Installation Delay,High,Sales,Resolved,4.0,2.0
CMP001328,9206-GVPEQ,2024-07-26,Payment Issue,Medium,Sales,Resolved,1.0,3.0
CMP001329,1596-BBVTG,2023-05-08,Streaming Issue,Medium,Network,Resolved,15.0,2.0
CMP001330,1596-BBVTG,2024-06-10,Streaming Issue,Medium,Billing,Closed,12.0,3.0
CMP001331,8433-WXGNA,2022-05-03,Billing Complaint,Low,Technical,Open,,
CMP001332,3707-GNWHM,2020-10-03,Installation Delay,Medium,Sales,Resolved,7.0,3.0
CMP001333,3707-GNWHM,2020-01-27,Payment Issue,High,Technical,Closed,9.0,3.0
CMP001334,8922-LIEGH,2022-06-01,Service Outage,Medium,Network,Resolved,6.0,1.0
CMP001335,8922-LIEGH,2020-11-06,Streaming Issue,Low,Network,Resolved,1.0,3.0
CMP001336,8922-LIEGH,2023-08-25,Frequent Disconnections,High,Customer Care,Closed,15.0,3.0
CMP001337,8245-UMPYT,2021-05-13,Wrong Charges,High,Technical,In Progress,,
CMP001338,8245-UMPYT,2022-03-23,Streaming Issue,High,Technical,Resolved,8.0,1.0
CMP001339,8245-UMPYT,2021-08-12,Payment Issue,Medium,Network,Resolved,2.0,3.0
CMP001340,5186-SAMNZ,2023-01-12,Poor Network,High,Customer Care,Resolved,8.0,1.0
CMP001341,5186-SAMNZ,2024-08-26,Low Download Speed,Low,Network,Closed,3.0,3.0
CMP001342,5186-SAMNZ,2025-03-23,Poor Network,Medium,Technical,Resolved,2.0,3.0
CMP001343,5373-SFODM,2022-07-01,Poor Network,Medium,Technical,Closed,4.0,3.0
CMP001344,5373-SFODM,2024-12-26,Low Download Speed,High,Billing,Resolved,13.0,1.0
CMP001345,5766-ZJYBB,2020-01-18,Customer Support,Medium,Billing,Resolved,10.0,1.0
CMP001346,8931-GJJIQ,2025-01-20,Poor Customer Support,Medium,Network,Closed,13.0,1.0
CMP001347,8931-GJJIQ,2024-08-25,Installation Delay,High,Billing,Resolved,10.0,3.0
CMP001348,8931-GJJIQ,2022-02-24,Poor Network,High,Customer Care,Resolved,12.0,2.0
CMP001349,4277-PVRAN,2025-04-26,Wrong Charges,High,Network,Resolved,7.0,2.0
CMP001350,4277-PVRAN,2022-02-11,Service Outage,High,Technical,Resolved,6.0,2.0
CMP001351,0022-TCJCI,2021-03-10,Frequent Disconnections,Medium,Sales,Resolved,6.0,2.0
CMP001352,0022-TCJCI,2021-06-01,Frequent Disconnections,High,Network,Closed,6.0,1.0
CMP001353,0022-TCJCI,2025-04-02,Frequent Disconnections,Medium,Sales,In Progress,,
CMP001354,0203-HHYIJ,2025-10-23,Customer Support,High,Sales,In Progress,,
CMP001355,0203-HHYIJ,2025-10-15,Payment Issue,High,Customer Care,In Progress,,
CMP001356,0952-KMEEH,2023-06-28,Service Outage,Medium,Billing,Resolved,1.0,3.0
CMP001357,8178-EYZUO,2022-02-08,Service Outage,High,Billing,Resolved,1.0,2.0
CMP001358,8178-EYZUO,2022-02-07,Frequent Disconnections,High,Technical,Closed,12.0,1.0
CMP001359,5130-IEKQT,2025-11-17,Installation Delay,High,Customer Care,Resolved,7.0,2.0
CMP001360,3230-WYKIR,2025-07-08,Call Drop,Low,Technical,In Progress,,
CMP001361,3230-WYKIR,2023-07-02,Poor Network,Low,Sales,In Progress,,
CMP001362,0407-BDJKB,2020-10-23,Payment Issue,Medium,Technical,Resolved,2.0,1.0
CMP001363,0407-BDJKB,2020-06-16,Call Drop,High,Network,In Progress,,
CMP001364,0407-BDJKB,2021-04-24,Payment Issue,Low,Billing,Resolved,1.0,2.0
CMP001365,9600-UDOPK,2021-02-05,Low Download Speed,High,Customer Care,In Progress,,
CMP001366,9600-UDOPK,2020-03-19,Frequent Disconnections,High,Billing,Open,,
CMP001367,9600-UDOPK,2021-08-19,Frequent Disconnections,Medium,Technical,Open,,
CMP001368,4074-SJFFA,2020-08-02,Slow Internet,Medium,Customer Care,Open,,
CMP001369,4074-SJFFA,2020-09-14,Streaming Issue,High,Technical,Open,,
CMP001370,4074-SJFFA,2021-02-26,Call Drop,Medium,Network,In Progress,,
CMP001371,3269-ATYWD,2022-08-24,Wrong Charges,High,Sales,In Progress,,
CMP001372,3269-ATYWD,2020-05-27,Slow Internet,Low,Sales,Open,,
CMP001373,3269-ATYWD,2021-10-09,Slow Internet,Medium,Sales,Closed,13.0,2.0
CMP001374,4910-GMJOT,2022-03-22,Payment Issue,Medium,Sales,Resolved,13.0,3.0
CMP001375,0354-WYROK,2023-10-09,Low Download Speed,High,Network,Resolved,15.0,2.0
CMP001376,7576-OYWBN,2023-11-23,Low Download Speed,Medium,Network,Resolved,7.0,1.0
CMP001377,7576-OYWBN,2022-09-09,Poor Network,High,Technical,Resolved,3.0,3.0
CMP001378,5539-TMZLF,2021-03-28,Wrong Charges,Medium,Network,Resolved,1.0,3.0
CMP001379,5539-TMZLF,2022-08-15,Wrong Charges,Medium,Billing,In Progress,,
CMP001380,4323-SADQS,2020-04-25,Call Drop,Low,Network,Resolved,8.0,1.0
CMP001381,4323-SADQS,2021-05-18,Streaming Issue,Medium,Technical,Open,,
CMP001382,4446-BZKHU,2024-09-04,Billing Complaint,High,Network,Closed,10.0,3.0
CMP001383,4446-BZKHU,2022-12-23,Low Download Speed,High,Customer Care,In Progress,,
CMP001384,4446-BZKHU,2023-10-22,Frequent Disconnections,Low,Sales,Resolved,5.0,3.0
CMP001385,5202-IVJNU,2024-11-22,Service Outage,High,Technical,Resolved,14.0,2.0
CMP001386,5202-IVJNU,2023-04-07,Low Download Speed,Medium,Sales,Resolved,6.0,1.0
CMP001387,5976-JCJRH,2020-04-19,Streaming Issue,Medium,Network,Open,,
CMP001388,0137-OCGAB,2021-04-28,Payment Issue,High,Technical,In Progress,,
CMP001389,0137-OCGAB,2024-01-03,Low Download Speed,High,Billing,Resolved,14.0,1.0
CMP001390,3351-NQLDI,2020-05-23,Wrong Charges,Medium,Customer Care,Resolved,10.0,1.0
CMP001391,3351-NQLDI,2021-03-08,Wrong Charges,High,Customer Care,Resolved,13.0,1.0
CMP001392,3351-NQLDI,2022-08-14,Poor Network,High,Sales,Closed,12.0,3.0
CMP001393,7593-JNWRU,2024-01-02,Call Drop,Medium,Sales,Resolved,12.0,3.0
CMP001394,7593-JNWRU,2022-02-06,Billing Complaint,Low,Network,In Progress,,
CMP001395,4588-YBNIB,2022-06-09,Customer Support,High,Network,Closed,8.0,1.0
CMP001396,4588-YBNIB,2025-09-06,Payment Issue,Low,Customer Care,Closed,11.0,3.0
CMP001397,3336-JORSO,2020-12-11,Poor Customer Support,Medium,Network,Open,,
CMP001398,3336-JORSO,2020-03-18,Low Download Speed,Medium,Sales,In Progress,,
CMP001399,3336-JORSO,2022-09-12,Service Outage,High,Sales,Resolved,14.0,1.0
CMP001400,5028-GZLDO,2021-03-10,Streaming Issue,High,Customer Care,Open,,
CMP001401,5028-GZLDO,2025-07-26,Payment Issue,High,Customer Care,Resolved,9.0,3.0
CMP001402,5028-GZLDO,2021-12-22,Slow Internet,Medium,Network,Resolved,3.0,3.0
CMP001403,6861-XWTWQ,2024-03-18,Billing Complaint,High,Network,Resolved,4.0,1.0
CMP001404,6861-XWTWQ,2024-09-20,Low Download Speed,High,Sales,Open,,
CMP001405,6877-TJMBR,2022-02-13,Service Outage,Low,Customer Care,Resolved,10.0,3.0
CMP001406,6769-DCQLI,2020-01-06,Installation Delay,High,Billing,Closed,5.0,1.0
CMP001407,6769-DCQLI,2025-04-06,Frequent Disconnections,High,Customer Care,Closed,13.0,2.0
CMP001408,2433-KMEAS,2025-09-10,Wrong Charges,Medium,Technical,In Progress,,
CMP001409,2433-KMEAS,2025-12-09,Streaming Issue,High,Technical,Open,,
CMP001410,2433-KMEAS,2021-02-10,Slow Internet,Medium,Network,In Progress,,
CMP001411,2195-ZRVAX,2021-07-13,Billing Complaint,High,Network,Resolved,2.0,3.0
CMP001412,3550-SAHFP,2022-07-18,Service Outage,Medium,Billing,Open,,
CMP001413,3550-SAHFP,2021-05-14,Low Download Speed,High,Technical,In Progress,,
CMP001414,3550-SAHFP,2023-06-19,Payment Issue,High,Billing,Open,,
CMP001415,2011-TRQYE,2022-01-09,Low Download Speed,Medium,Sales,Resolved,6.0,1.0
CMP001416,4873-ILOLJ,2021-09-23,Frequent Disconnections,High,Network,Resolved,3.0,2.0
CMP001417,4873-ILOLJ,2020-09-01,Streaming Issue,Medium,Sales,Resolved,7.0,3.0
CMP001418,2725-KXXWT,2021-03-12,Billing Complaint,High,Technical,Resolved,8.0,3.0
CMP001419,2725-KXXWT,2025-11-12,Billing Complaint,High,Billing,Resolved,9.0,3.0
CMP001420,2725-KXXWT,2020-08-17,Poor Network,Medium,Sales,Closed,12.0,1.0
CMP001421,9565-DJPIB,2021-01-27,Service Outage,Medium,Sales,In Progress,,
CMP001422,9565-DJPIB,2024-02-17,Wrong Charges,High,Sales,Closed,2.0,1.0
CMP001423,9565-DJPIB,2022-04-15,Installation Delay,Medium,Technical,Resolved,10.0,2.0
CMP001424,8348-HFYIV,2021-10-06,Low Download Speed,Medium,Network,In Progress,,
CMP001425,8348-HFYIV,2024-06-04,Payment Issue,Medium,Technical,Resolved,2.0,1.0
CMP001426,8348-HFYIV,2022-04-18,Poor Network,Medium,Sales,Open,,
CMP001427,6849-WLEYG,2021-01-07,Payment Issue,Low,Billing,Open,,
CMP001428,4659-NZRUF,2022-03-03,Poor Network,Medium,Technical,Open,,
CMP001429,4659-NZRUF,2023-08-06,Billing Complaint,High,Network,Open,,
CMP001430,4659-NZRUF,2024-10-24,Call Drop,Medium,Technical,Open,,
CMP001431,8429-XIBUM,2021-05-22,Installation Delay,Medium,Billing,Closed,10.0,2.0
CMP001432,8429-XIBUM,2022-12-09,Wrong Charges,High,Sales,Resolved,11.0,1.0
CMP001433,8429-XIBUM,2020-09-21,Installation Delay,Low,Network,Resolved,14.0,3.0
CMP001434,2608-BHKFN,2020-12-12,Installation Delay,Medium,Billing,Open,,
CMP001435,2608-BHKFN,2024-06-22,Low Download Speed,High,Billing,Open,,
CMP001436,7341-LXCAF,2024-01-20,Slow Internet,High,Customer Care,Closed,5.0,3.0
CMP001437,9462-MJUAW,2021-11-14,Slow Internet,High,Customer Care,Resolved,3.0,2.0
CMP001438,8128-YVJRG,2020-01-24,Call Drop,Medium,Sales,Open,,
CMP001439,4283-FUTGF,2025-01-18,Call Drop,High,Sales,Resolved,3.0,3.0
CMP001440,1569-TTNYJ,2020-12-28,Wrong Charges,High,Sales,Resolved,6.0,3.0
CMP001441,2397-BRLOM,2025-11-18,Wrong Charges,Low,Technical,Open,,
CMP001442,2397-BRLOM,2024-04-16,Billing Complaint,High,Network,Resolved,13.0,2.0
CMP001443,4749-VFKVB,2022-11-09,Billing Complaint,High,Network,Closed,14.0,3.0
CMP001444,4749-VFKVB,2025-11-08,Poor Customer Support,Medium,Customer Care,In Progress,,
CMP001445,7598-UAASY,2021-08-13,Frequent Disconnections,High,Billing,Resolved,1.0,3.0
CMP001446,7598-UAASY,2020-02-21,Slow Internet,Medium,Customer Care,Resolved,14.0,2.0
CMP001447,7938-OUHIO,2023-08-20,Low Download Speed,High,Sales,Resolved,14.0,2.0
CMP001448,8510-AWCXC,2021-10-18,Poor Network,High,Customer Care,Resolved,6.0,3.0
CMP001449,0431-APWVY,2022-10-05,Installation Delay,Medium,Network,In Progress,,
CMP001450,3426-NIYYL,2022-10-05,Streaming Issue,Medium,Customer Care,Resolved,4.0,2.0
CMP001451,3426-NIYYL,2023-11-25,Payment Issue,High,Sales,Resolved,9.0,3.0
CMP001452,8225-BTJAU,2024-06-16,Frequent Disconnections,High,Customer Care,In Progress,,
CMP001453,8225-BTJAU,2023-05-09,Billing Complaint,Medium,Sales,In Progress,,
CMP001454,8225-BTJAU,2020-10-11,Call Drop,High,Sales,Resolved,4.0,2.0
CMP001455,3387-VATUS,2022-11-11,Slow Internet,High,Sales,Closed,14.0,1.0
CMP001456,3387-VATUS,2021-06-15,Wrong Charges,High,Customer Care,Resolved,14.0,3.0
CMP001457,3387-VATUS,2024-12-04,Billing Complaint,High,Billing,Closed,12.0,1.0
CMP001458,1143-NMNQJ,2025-10-19,Poor Customer Support,High,Technical,Resolved,1.0,3.0
CMP001459,1143-NMNQJ,2021-11-22,Billing Complaint,Low,Network,Resolved,12.0,1.0
CMP001460,0415-MOSGF,2023-11-16,Slow Internet,High,Network,Closed,11.0,3.0
CMP001461,1724-BQUHA,2025-03-16,Call Drop,High,Network,Closed,14.0,3.0
CMP001462,1724-BQUHA,2020-05-15,Installation Delay,Medium,Network,Resolved,10.0,3.0
CMP001463,1724-BQUHA,2024-11-06,Streaming Issue,High,Sales,Resolved,9.0,3.0
CMP001464,4826-XTSOH,2023-12-03,Poor Customer Support,High,Sales,Open,,
CMP001465,4826-XTSOH,2022-09-08,Poor Customer Support,Low,Customer Care,In Progress,,
CMP001466,4826-XTSOH,2024-03-15,Call Drop,Medium,Customer Care,In Progress,,
CMP001467,2495-INZWQ,2024-08-09,Poor Network,Low,Network,Resolved,2.0,3.0
CMP001468,2495-INZWQ,2025-03-28,Installation Delay,High,Billing,Closed,13.0,2.0
CMP001469,4139-SUGLD,2025-09-21,Wrong Charges,High,Network,Open,,
CMP001470,4139-SUGLD,2023-07-05,Service Outage,Medium,Billing,Open,,
CMP001471,6857-VWJDT,2025-01-26,Service Outage,High,Customer Care,In Progress,,
CMP001472,5624-BQSSA,2023-07-21,Payment Issue,Medium,Technical,Closed,5.0,1.0
CMP001473,2408-WITXK,2022-01-16,Poor Customer Support,High,Customer Care,In Progress,,
CMP001474,5577-OTWWW,2021-08-06,Billing Complaint,High,Network,Closed,14.0,1.0
CMP001475,5577-OTWWW,2022-11-03,Customer Support,Low,Technical,Resolved,8.0,1.0
CMP001476,6100-QQHEB,2022-06-25,Billing Complaint,Medium,Technical,Resolved,5.0,2.0
CMP001477,6100-QQHEB,2024-05-14,Streaming Issue,Medium,Network,Resolved,13.0,2.0
CMP001478,6100-QQHEB,2025-03-20,Service Outage,High,Network,Resolved,3.0,3.0
CMP001479,2634-HCZGT,2022-10-12,Payment Issue,Low,Technical,Resolved,5.0,1.0
CMP001480,2634-HCZGT,2020-02-10,Billing Complaint,Medium,Sales,In Progress,,
CMP001481,7503-QQRVF,2020-08-27,Billing Complaint,Medium,Network,Closed,8.0,2.0
CMP001482,7503-QQRVF,2021-10-16,Call Drop,Low,Technical,In Progress,,
CMP001483,2691-NZETQ,2024-04-21,Frequent Disconnections,High,Network,In Progress,,
CMP001484,2691-NZETQ,2020-04-28,Poor Customer Support,High,Network,Resolved,5.0,3.0
CMP001485,4404-HIBDJ,2022-03-04,Poor Customer Support,Medium,Billing,Resolved,10.0,1.0
CMP001486,7295-JOMMD,2023-10-17,Low Download Speed,High,Network,Resolved,12.0,1.0
CMP001487,5013-SBUIH,2020-12-07,Streaming Issue,High,Customer Care,Resolved,6.0,3.0
CMP001488,5013-SBUIH,2022-08-24,Billing Complaint,Medium,Sales,Resolved,6.0,3.0
CMP001489,5013-SBUIH,2024-09-20,Payment Issue,High,Sales,Closed,10.0,1.0
CMP001490,0709-TVGUR,2020-06-16,Wrong Charges,Low,Technical,In Progress,,
CMP001491,0709-TVGUR,2025-05-02,Billing Complaint,High,Technical,Resolved,10.0,2.0
CMP001492,6023-YEBUP,2024-08-24,Payment Issue,High,Billing,Resolved,3.0,1.0
CMP001493,7209-JCUDS,2025-05-01,Wrong Charges,High,Network,Resolved,5.0,1.0
CMP001494,7209-JCUDS,2025-06-18,Streaming Issue,Medium,Network,In Progress,,
CMP001495,3001-CBHLQ,2023-03-16,Poor Customer Support,High,Customer Care,Resolved,8.0,3.0
CMP001496,3001-CBHLQ,2023-08-26,Frequent Disconnections,Low,Technical,Open,,
CMP001497,3001-CBHLQ,2022-08-24,Installation Delay,Medium,Billing,Resolved,5.0,1.0
CMP001498,6158-DWPZT,2023-01-26,Low Download Speed,High,Network,Resolved,14.0,1.0
CMP001499,3763-GCZHZ,2021-03-24,Poor Customer Support,Medium,Technical,Closed,10.0,1.0
CMP001500,3763-GCZHZ,2024-05-02,Poor Network,Medium,Billing,In Progress,,
CMP001501,3763-GCZHZ,2024-08-10,Poor Customer Support,Medium,Technical,Open,,
CMP001502,0772-GYEQQ,2024-05-25,Installation Delay,Low,Billing,Resolved,2.0,2.0
CMP001503,0772-GYEQQ,2020-11-22,Streaming Issue,High,Customer Care,Open,,
CMP001504,0772-GYEQQ,2024-11-23,Service Outage,Low,Billing,Resolved,12.0,2.0
CMP001505,4831-EOBFE,2021-02-12,Payment Issue,Medium,Sales,Resolved,14.0,3.0
CMP001506,4831-EOBFE,2025-02-12,Service Outage,Low,Sales,Closed,2.0,3.0
CMP001507,4102-OQUPX,2024-12-04,Service Outage,High,Billing,Resolved,15.0,1.0
CMP001508,9170-GYZJC,2023-01-07,Billing Complaint,High,Network,Open,,
CMP001509,9170-GYZJC,2021-10-09,Slow Internet,Medium,Billing,Closed,14.0,3.0
CMP001510,9170-GYZJC,2021-03-23,Installation Delay,High,Technical,Resolved,5.0,2.0
CMP001511,3999-QGRJH,2022-10-22,Slow Internet,Medium,Technical,Resolved,10.0,2.0
CMP001512,3999-QGRJH,2021-07-01,Slow Internet,High,Customer Care,Resolved,7.0,1.0
CMP001513,2454-RPBRZ,2022-09-03,Billing Complaint,High,Technical,Resolved,1.0,2.0
CMP001514,2454-RPBRZ,2023-06-09,Billing Complaint,Medium,Technical,Resolved,12.0,3.0
CMP001515,2454-RPBRZ,2022-02-04,Wrong Charges,Low,Sales,Open,,
CMP001516,2002-MZHWP,2025-02-13,Payment Issue,Medium,Technical,Resolved,14.0,2.0
CMP001517,2265-CYWIV,2021-11-09,Streaming Issue,High,Billing,Resolved,6.0,1.0
CMP001518,2265-CYWIV,2025-07-20,Low Download Speed,High,Sales,In Progress,,
CMP001519,2004-OCQXK,2021-12-01,Call Drop,High,Customer Care,Resolved,1.0,3.0
CMP001520,2004-OCQXK,2024-06-14,Billing Complaint,Low,Billing,Closed,6.0,1.0
CMP001521,2004-OCQXK,2023-12-08,Wrong Charges,High,Sales,Closed,13.0,1.0
CMP001522,5027-QPKTE,2022-11-20,Streaming Issue,Low,Customer Care,Resolved,6.0,3.0
CMP001523,2672-HUYVI,2022-01-17,Low Download Speed,Medium,Customer Care,Closed,10.0,1.0
CMP001524,2672-HUYVI,2022-12-13,Slow Internet,Medium,Sales,In Progress,,
CMP001525,7508-MYBOG,2024-09-24,Billing Complaint,High,Sales,Closed,14.0,2.0
CMP001526,7508-MYBOG,2025-02-24,Installation Delay,High,Billing,Resolved,12.0,2.0
CMP001527,0148-DCDOS,2021-11-25,Payment Issue,Low,Technical,In Progress,,
CMP001528,0148-DCDOS,2021-04-07,Poor Network,Medium,Sales,Resolved,2.0,2.0
CMP001529,9992-RRAMN,2024-08-10,Payment Issue,High,Sales,Resolved,2.0,3.0
CMP001530,9992-RRAMN,2023-07-13,Poor Network,High,Customer Care,In Progress,,
CMP001531,9992-RRAMN,2023-12-14,Slow Internet,Medium,Customer Care,In Progress,,
CMP001532,0310-MVLET,2024-04-07,Wrong Charges,Low,Technical,Closed,14.0,1.0
CMP001533,0310-MVLET,2022-05-04,Billing Complaint,High,Customer Care,Resolved,4.0,1.0
CMP001534,0310-MVLET,2020-04-10,Payment Issue,High,Technical,Resolved,5.0,2.0
CMP001535,4550-VBOFE,2021-06-01,Low Download Speed,Medium,Sales,Closed,4.0,3.0
CMP001536,5696-QURRL,2024-06-02,Streaming Issue,High,Technical,Resolved,1.0,2.0
CMP001537,5696-QURRL,2020-12-27,Installation Delay,High,Network,Closed,2.0,1.0
CMP001538,5696-QURRL,2020-05-14,Billing Complaint,Low,Billing,In Progress,,
CMP001539,7409-KIUTL,2024-06-23,Service Outage,High,Sales,Open,,
CMP001540,7409-KIUTL,2021-03-05,Payment Issue,Medium,Sales,Resolved,9.0,3.0
CMP001541,7409-KIUTL,2023-02-01,Poor Network,High,Network,Closed,15.0,1.0
CMP001542,1732-VHUBQ,2025-06-22,Call Drop,High,Sales,Resolved,3.0,3.0
CMP001543,1732-VHUBQ,2021-03-15,Frequent Disconnections,High,Sales,In Progress,,
CMP001544,0495-RVCBF,2020-08-10,Call Drop,Low,Billing,Resolved,11.0,2.0
CMP001545,0495-RVCBF,2024-10-25,Payment Issue,High,Billing,Resolved,14.0,3.0
CMP001546,7854-EDSSA,2022-01-01,Billing Complaint,Medium,Customer Care,Closed,2.0,2.0
CMP001547,7854-EDSSA,2021-08-22,Wrong Charges,High,Sales,Resolved,11.0,1.0
CMP001548,8869-TORSS,2024-09-02,Low Download Speed,High,Sales,Resolved,14.0,2.0
CMP001549,8869-TORSS,2020-01-01,Low Download Speed,High,Sales,In Progress,,
CMP001550,0679-IDSTG,2022-05-05,Installation Delay,High,Customer Care,In Progress,,
CMP001551,2115-BFTIW,2020-01-26,Frequent Disconnections,Low,Sales,In Progress,,
CMP001552,2115-BFTIW,2020-07-18,Installation Delay,Medium,Billing,Resolved,8.0,3.0
CMP001553,2115-BFTIW,2025-12-17,Poor Customer Support,Medium,Network,Resolved,6.0,1.0
CMP001554,0611-DFXKO,2020-01-01,Call Drop,Medium,Customer Care,In Progress,,
CMP001555,0611-DFXKO,2023-09-07,Call Drop,Medium,Billing,Resolved,6.0,2.0
CMP001556,7780-OTDSO,2022-11-21,Frequent Disconnections,High,Sales,Open,,
CMP001557,7780-OTDSO,2023-10-08,Streaming Issue,High,Billing,Open,,
CMP001558,7780-OTDSO,2023-12-19,Wrong Charges,Medium,Billing,Open,,
CMP001559,9747-DDZOS,2023-04-17,Poor Network,Low,Network,Closed,5.0,1.0
CMP001560,0564-JJHGS,2024-02-24,Billing Complaint,Low,Sales,Open,,
CMP001561,0564-JJHGS,2022-05-22,Call Drop,High,Network,Resolved,8.0,2.0
CMP001562,0564-JJHGS,2025-05-13,Billing Complaint,High,Customer Care,Open,,
CMP001563,3348-CFRNX,2024-01-23,Call Drop,Low,Technical,In Progress,,
CMP001564,3348-CFRNX,2024-11-09,Streaming Issue,High,Billing,Open,,
CMP001565,1428-GTBJJ,2020-06-01,Streaming Issue,Medium,Technical,In Progress,,
CMP001566,1428-GTBJJ,2020-07-02,Poor Network,Medium,Sales,Closed,6.0,1.0
CMP001567,8802-UNOJF,2020-01-15,Service Outage,Medium,Sales,Closed,10.0,1.0
CMP001568,6313-GIDIT,2023-08-16,Slow Internet,Medium,Technical,Resolved,10.0,2.0
CMP001569,2845-AFFTX,2022-07-04,Wrong Charges,High,Billing,Resolved,4.0,1.0
CMP001570,2845-AFFTX,2021-08-25,Slow Internet,Medium,Technical,Resolved,6.0,2.0
CMP001571,2845-AFFTX,2023-09-16,Slow Internet,High,Customer Care,Closed,9.0,1.0
CMP001572,2249-YPRNG,2023-02-22,Poor Customer Support,Medium,Network,Closed,14.0,1.0
CMP001573,2249-YPRNG,2025-10-07,Frequent Disconnections,High,Customer Care,In Progress,,
CMP001574,2249-YPRNG,2025-12-18,Poor Customer Support,High,Billing,In Progress,,
CMP001575,7410-YTJIK,2020-05-13,Billing Complaint,Medium,Customer Care,Resolved,14.0,1.0
CMP001576,7410-YTJIK,2024-04-23,Slow Internet,Medium,Customer Care,Resolved,1.0,3.0
CMP001577,7410-YTJIK,2022-12-21,Service Outage,Medium,Customer Care,Resolved,5.0,2.0
CMP001578,4626-GYCZP,2024-12-08,Poor Customer Support,Medium,Billing,Closed,14.0,3.0
CMP001579,4626-GYCZP,2024-08-09,Slow Internet,High,Customer Care,Resolved,13.0,1.0
CMP001580,4626-GYCZP,2025-04-26,Slow Internet,High,Sales,Resolved,6.0,2.0
CMP001581,5590-BYNII,2022-03-07,Service Outage,Medium,Technical,Resolved,10.0,1.0
CMP001582,5590-BYNII,2022-10-16,Poor Network,Medium,Technical,Resolved,10.0,1.0
CMP001583,3237-AJGEH,2021-05-20,Streaming Issue,Low,Billing,Resolved,2.0,3.0
CMP001584,3237-AJGEH,2022-02-18,Wrong Charges,High,Sales,Closed,3.0,3.0
CMP001585,1591-NFNLQ,2022-09-06,Low Download Speed,Medium,Network,Closed,4.0,3.0
CMP001586,1591-NFNLQ,2022-06-13,Wrong Charges,High,Network,Resolved,10.0,2.0
CMP001587,2815-CPTUL,2021-05-15,Frequent Disconnections,Low,Customer Care,Resolved,4.0,3.0
CMP001588,2815-CPTUL,2025-07-20,Slow Internet,Low,Technical,Closed,13.0,1.0
CMP001589,0596-BQCEQ,2025-06-21,Poor Network,High,Billing,Resolved,14.0,2.0
CMP001590,0596-BQCEQ,2024-05-15,Poor Network,Medium,Network,Open,,
CMP001591,1481-ZUWZA,2024-05-05,Streaming Issue,High,Customer Care,Resolved,6.0,1.0
CMP001592,1481-ZUWZA,2020-08-28,Service Outage,Medium,Sales,Closed,1.0,3.0
CMP001593,2309-OSFEU,2022-12-05,Installation Delay,High,Sales,Resolved,4.0,1.0
CMP001594,2309-OSFEU,2021-06-11,Frequent Disconnections,High,Technical,In Progress,,
CMP001595,2309-OSFEU,2020-04-20,Payment Issue,Medium,Network,Closed,13.0,1.0
CMP001596,1891-FZYSA,2025-01-02,Wrong Charges,High,Billing,Open,,
CMP001597,7613-LLQFO,2020-10-21,Wrong Charges,High,Billing,Open,,
CMP001598,2640-PMGFL,2023-06-09,Payment Issue,High,Customer Care,In Progress,,
CMP001599,2640-PMGFL,2025-05-18,Poor Network,Medium,Network,Open,,
CMP001600,2640-PMGFL,2023-03-26,Frequent Disconnections,High,Network,Resolved,13.0,2.0
CMP001601,3801-HMYNL,2022-05-25,Service Outage,High,Technical,Resolved,6.0,3.0
CMP001602,3801-HMYNL,2024-03-23,Poor Customer Support,Low,Technical,Resolved,3.0,3.0
CMP001603,3801-HMYNL,2023-05-26,Call Drop,Medium,Network,Closed,14.0,2.0
CMP001604,9685-WKZGT,2022-03-11,Frequent Disconnections,Medium,Sales,Resolved,13.0,1.0
CMP001605,6022-UGGSO,2022-08-15,Slow Internet,High,Billing,Open,,
CMP001606,6022-UGGSO,2021-02-14,Poor Customer Support,High,Customer Care,Resolved,9.0,3.0
CMP001607,6022-UGGSO,2020-07-13,Streaming Issue,High,Customer Care,Resolved,5.0,1.0
CMP001608,4484-CGXFK,2025-05-19,Poor Network,High,Customer Care,Open,,
CMP001609,6214-EDAKZ,2020-07-03,Poor Network,High,Billing,Resolved,8.0,3.0
CMP001610,6127-ISGTU,2022-12-14,Service Outage,Medium,Network,Open,,
CMP001611,8740-XLHDR,2022-12-18,Low Download Speed,High,Billing,Resolved,4.0,3.0
CMP001612,8740-XLHDR,2024-10-08,Frequent Disconnections,High,Sales,In Progress,,
CMP001613,8740-XLHDR,2020-11-14,Payment Issue,Low,Customer Care,In Progress,,
CMP001614,1208-DNHLN,2023-03-18,Billing Complaint,Medium,Customer Care,Resolved,4.0,2.0
CMP001615,1208-DNHLN,2021-10-27,Billing Complaint,High,Billing,Closed,11.0,1.0
CMP001616,1208-DNHLN,2022-09-12,Payment Issue,High,Technical,Closed,13.0,1.0
CMP001617,1761-AEZZR,2022-09-16,Call Drop,Low,Billing,In Progress,,
CMP001618,1761-AEZZR,2021-09-20,Slow Internet,Low,Billing,Resolved,6.0,3.0
CMP001619,1761-AEZZR,2024-05-28,Installation Delay,High,Network,Resolved,2.0,2.0
CMP001620,3923-CSIHK,2022-12-27,Call Drop,Medium,Network,Open,,
CMP001621,3923-CSIHK,2020-05-05,Poor Network,High,Sales,Resolved,11.0,3.0
CMP001622,7120-RFMVS,2020-07-16,Frequent Disconnections,High,Billing,Open,,
CMP001623,7120-RFMVS,2021-04-18,Installation Delay,High,Sales,In Progress,,
CMP001624,7120-RFMVS,2022-06-19,Call Drop,High,Customer Care,Closed,13.0,2.0
CMP001625,7317-GGVPB,2024-01-28,Service Outage,High,Billing,Resolved,6.0,2.0
CMP001626,1322-AGOQM,2024-11-08,Slow Internet,Low,Billing,Open,,
CMP001627,1322-AGOQM,2025-10-19,Poor Network,Medium,Sales,Closed,15.0,1.0
CMP001628,3677-IYRBF,2024-08-19,Service Outage,High,Sales,Open,,
CMP001629,5692-FPTAH,2023-07-26,Poor Customer Support,Medium,Network,Resolved,7.0,1.0
CMP001630,1550-LOAHA,2021-01-26,Streaming Issue,High,Billing,Resolved,3.0,1.0
CMP001631,1550-LOAHA,2023-03-01,Service Outage,High,Sales,Resolved,11.0,3.0
CMP001632,1550-LOAHA,2023-05-28,Slow Internet,Low,Customer Care,Closed,10.0,1.0
CMP001633,0268-QKIWO,2023-04-11,Customer Support,High,Billing,Open,,
CMP001634,0876-WDUUZ,2020-05-27,Service Outage,Medium,Customer Care,Open,,
CMP001635,0876-WDUUZ,2025-02-05,Service Outage,Medium,Billing,Closed,6.0,3.0
CMP001636,0617-FHSGK,2024-12-26,Installation Delay,High,Billing,Resolved,6.0,3.0
CMP001637,0617-FHSGK,2022-11-01,Call Drop,High,Sales,Resolved,3.0,1.0
CMP001638,0617-FHSGK,2024-07-26,Slow Internet,High,Network,Resolved,6.0,2.0
CMP001639,2858-MOFSQ,2023-04-23,Service Outage,High,Customer Care,Closed,3.0,1.0
CMP001640,8118-LSUEL,2022-02-17,Installation Delay,Low,Billing,Open,,
CMP001641,8118-LSUEL,2020-04-23,Wrong Charges,High,Network,Resolved,9.0,2.0
CMP001642,7005-CCBKV,2023-02-19,Frequent Disconnections,High,Customer Care,Resolved,3.0,3.0
CMP001643,7005-CCBKV,2020-10-12,Poor Network,High,Customer Care,Resolved,11.0,3.0
CMP001644,7005-CCBKV,2025-01-05,Service Outage,High,Customer Care,In Progress,,
CMP001645,4250-FDVOU,2025-10-28,Slow Internet,High,Customer Care,In Progress,,
CMP001646,5277-ZLOOR,2022-01-12,Streaming Issue,High,Customer Care,Closed,1.0,1.0
CMP001647,2141-RRYGO,2021-04-27,Call Drop,High,Customer Care,Closed,3.0,1.0
CMP001648,2141-RRYGO,2022-05-21,Payment Issue,Medium,Network,Closed,1.0,1.0
CMP001649,2141-RRYGO,2021-03-19,Wrong Charges,Medium,Sales,Resolved,8.0,3.0
CMP001650,6376-GAHQE,2023-04-20,Billing Complaint,Medium,Sales,Resolved,15.0,1.0
CMP001651,5052-PNLOS,2025-12-02,Call Drop,High,Customer Care,Resolved,8.0,2.0
CMP001652,6979-ZNSFF,2023-01-11,Low Download Speed,High,Network,Closed,3.0,3.0
CMP001653,2386-LAHRK,2021-06-07,Streaming Issue,High,Billing,Resolved,7.0,3.0
CMP001654,2386-LAHRK,2025-10-20,Call Drop,High,Billing,Closed,8.0,3.0
CMP001655,6032-IGALN,2022-02-27,Service Outage,High,Network,Closed,4.0,2.0
CMP001656,6032-IGALN,2022-07-15,Installation Delay,Low,Network,Closed,2.0,1.0
CMP001657,4248-HCETZ,2022-08-19,Billing Complaint,Low,Billing,Closed,8.0,2.0
CMP001658,4248-HCETZ,2020-07-22,Call Drop,High,Sales,Resolved,9.0,2.0
CMP001659,4248-HCETZ,2020-01-04,Frequent Disconnections,Medium,Sales,Resolved,3.0,1.0
CMP001660,0516-WJVXC,2025-02-15,Poor Network,Medium,Technical,Closed,10.0,2.0
CMP001661,0516-WJVXC,2022-01-11,Wrong Charges,Medium,Network,In Progress,,
CMP001662,0516-WJVXC,2020-07-15,Frequent Disconnections,Medium,Sales,Closed,14.0,1.0
CMP001663,9174-FKWZE,2021-06-06,Customer Support,Low,Sales,Resolved,15.0,1.0
CMP001664,8809-RIHDD,2023-07-04,Frequent Disconnections,High,Customer Care,Resolved,14.0,2.0
CMP001665,8809-RIHDD,2020-01-16,Installation Delay,High,Network,Resolved,8.0,2.0
CMP001666,8809-RIHDD,2025-08-01,Billing Complaint,High,Network,In Progress,,
CMP001667,4822-NGOCH,2025-04-07,Low Download Speed,Low,Customer Care,Closed,14.0,1.0
CMP001668,4822-NGOCH,2023-08-25,Low Download Speed,Medium,Sales,Closed,14.0,2.0
CMP001669,5307-DZCVC,2024-08-13,Billing Complaint,Medium,Network,In Progress,,
CMP001670,8679-JOEVF,2021-09-13,Billing Complaint,High,Technical,Resolved,13.0,1.0
CMP001671,8679-JOEVF,2025-09-12,Low Download Speed,High,Billing,Resolved,1.0,1.0
CMP001672,1432-FPAXX,2023-11-15,Frequent Disconnections,High,Technical,Resolved,5.0,2.0
CMP001673,1432-FPAXX,2021-10-15,Payment Issue,Medium,Network,Open,,
CMP001674,4803-AXVYP,2020-10-01,Wrong Charges,High,Network,Resolved,2.0,2.0
CMP001675,4803-AXVYP,2025-05-13,Payment Issue,Low,Network,Resolved,3.0,1.0
CMP001676,3884-HCSWG,2022-10-23,Streaming Issue,High,Customer Care,In Progress,,
CMP001677,3884-HCSWG,2023-05-02,Poor Customer Support,Medium,Technical,Resolved,6.0,2.0
CMP001678,3884-HCSWG,2025-08-23,Poor Customer Support,High,Technical,Resolved,13.0,2.0
CMP001679,5077-DXTCG,2025-02-04,Wrong Charges,High,Sales,In Progress,,
CMP001680,5077-DXTCG,2025-10-12,Streaming Issue,Medium,Sales,Resolved,7.0,2.0
CMP001681,1142-WACZW,2022-03-07,Payment Issue,High,Sales,Open,,
CMP001682,1142-WACZW,2022-09-17,Billing Complaint,High,Technical,Resolved,15.0,1.0
CMP001683,5649-ANRML,2023-02-04,Payment Issue,High,Network,Resolved,15.0,1.0
CMP001684,5649-ANRML,2023-04-10,Slow Internet,Medium,Network,Resolved,4.0,2.0
CMP001685,5649-ANRML,2022-11-23,Service Outage,High,Technical,Closed,1.0,2.0
CMP001686,4892-VLANZ,2025-06-08,Customer Support,Medium,Technical,Closed,2.0,3.0
CMP001687,4892-VLANZ,2020-10-14,Payment Issue,Medium,Technical,Resolved,7.0,1.0
CMP001688,4892-VLANZ,2023-06-20,Customer Support,High,Customer Care,Resolved,15.0,2.0
CMP001689,2919-HBCJO,2022-07-07,Payment Issue,Low,Billing,Resolved,8.0,2.0
CMP001690,2919-HBCJO,2023-04-12,Payment Issue,Low,Billing,Open,,
CMP001691,2919-HBCJO,2023-05-11,Streaming Issue,Low,Sales,In Progress,,
CMP001692,4236-XPXAV,2024-03-21,Billing Complaint,Low,Billing,Open,,
CMP001693,4236-XPXAV,2022-01-05,Poor Network,Medium,Network,Resolved,6.0,1.0
CMP001694,3030-YZADT,2022-08-25,Service Outage,Low,Customer Care,Resolved,5.0,2.0
CMP001695,7410-KTVFV,2023-03-27,Payment Issue,High,Customer Care,Closed,3.0,1.0
CMP001696,7410-KTVFV,2022-11-18,Wrong Charges,High,Technical,Closed,14.0,3.0
CMP001697,7410-KTVFV,2024-07-13,Slow Internet,Low,Customer Care,Open,,
CMP001698,8393-DLHGA,2020-01-24,Low Download Speed,Low,Technical,In Progress,,
CMP001699,7395-IGJOS,2021-06-12,Installation Delay,Low,Sales,Resolved,15.0,1.0
CMP001700,7395-IGJOS,2022-01-05,Billing Complaint,High,Sales,Open,,
CMP001701,7395-IGJOS,2024-08-24,Poor Network,High,Customer Care,Closed,10.0,2.0
CMP001702,2834-SPCJV,2023-09-21,Frequent Disconnections,Medium,Sales,Resolved,2.0,3.0
CMP001703,2834-SPCJV,2021-08-24,Installation Delay,High,Billing,Resolved,8.0,2.0
CMP001704,7890-VYYWG,2020-09-13,Billing Complaint,High,Customer Care,Closed,5.0,2.0
CMP001705,9907-SWKKF,2024-07-28,Payment Issue,Medium,Billing,In Progress,,
CMP001706,9907-SWKKF,2020-08-20,Streaming Issue,Medium,Sales,Closed,3.0,2.0
CMP001707,0587-DMGBH,2025-10-07,Service Outage,Medium,Billing,Closed,6.0,2.0
CMP001708,6397-JNZZG,2021-02-08,Slow Internet,Medium,Sales,Resolved,2.0,3.0
CMP001709,3523-QRQLL,2020-02-07,Poor Customer Support,Medium,Network,Resolved,8.0,2.0
CMP001710,3523-QRQLL,2025-07-18,Poor Network,High,Sales,Resolved,10.0,1.0
CMP001711,3523-QRQLL,2024-10-16,Service Outage,High,Network,In Progress,,
CMP001712,0895-DQHEW,2023-07-06,Installation Delay,Medium,Customer Care,Resolved,13.0,1.0
CMP001713,0895-DQHEW,2021-07-03,Streaming Issue,Medium,Billing,Resolved,15.0,2.0
CMP001714,8149-RSOUN,2025-11-16,Payment Issue,High,Customer Care,Resolved,7.0,1.0
CMP001715,8149-RSOUN,2025-04-02,Service Outage,Medium,Customer Care,Resolved,13.0,2.0
CMP001716,7250-EQKIY,2020-09-09,Slow Internet,Medium,Billing,In Progress,,
CMP001717,4013-UBXWQ,2021-04-17,Poor Customer Support,High,Network,Resolved,13.0,2.0
CMP001718,4013-UBXWQ,2022-02-24,Billing Complaint,Medium,Billing,Resolved,6.0,1.0
CMP001719,5519-NPHVG,2020-05-01,Poor Customer Support,High,Technical,Resolved,11.0,1.0
CMP001720,5519-NPHVG,2020-07-01,Wrong Charges,Low,Customer Care,Resolved,12.0,2.0
CMP001721,5519-NPHVG,2021-11-23,Call Drop,High,Customer Care,Resolved,12.0,2.0
CMP001722,8849-GYOKR,2021-05-10,Billing Complaint,High,Customer Care,Closed,3.0,3.0
CMP001723,8849-GYOKR,2022-09-05,Installation Delay,High,Technical,Closed,5.0,2.0
CMP001724,8849-GYOKR,2023-08-07,Frequent Disconnections,Medium,Technical,Open,,
CMP001725,3148-BLQJT,2025-11-05,Billing Complaint,Medium,Sales,Resolved,1.0,2.0
CMP001726,3148-BLQJT,2020-11-17,Payment Issue,Medium,Customer Care,Resolved,15.0,1.0
CMP001727,3148-BLQJT,2021-08-25,Payment Issue,Medium,Network,Closed,5.0,2.0
CMP001728,0461-CVKMU,2024-04-10,Wrong Charges,High,Network,Resolved,9.0,2.0
CMP001729,0461-CVKMU,2020-07-23,Call Drop,High,Network,Closed,4.0,2.0
CMP001730,8806-EAGWC,2020-11-25,Call Drop,High,Customer Care,Closed,14.0,2.0
CMP001731,7779-LGOVN,2023-11-27,Payment Issue,High,Sales,Resolved,4.0,1.0
CMP001732,7779-LGOVN,2024-11-17,Installation Delay,High,Technical,Closed,11.0,3.0
CMP001733,9710-ZUSHQ,2022-01-01,Low Download Speed,Low,Customer Care,Closed,9.0,3.0
CMP001734,4183-WCSEP,2025-02-23,Installation Delay,Low,Network,In Progress,,
CMP001735,4183-WCSEP,2023-09-01,Slow Internet,Low,Technical,Resolved,15.0,3.0
CMP001736,5498-TXHLF,2025-03-21,Streaming Issue,High,Sales,In Progress,,
CMP001737,5498-TXHLF,2025-01-04,Streaming Issue,Low,Billing,Closed,9.0,2.0
CMP001738,9722-UJOJR,2025-06-14,Service Outage,Medium,Technical,Open,,
CMP001739,3902-FOIGH,2025-08-26,Slow Internet,Medium,Billing,In Progress,,
CMP001740,6772-KSATR,2023-12-04,Installation Delay,High,Technical,Closed,1.0,1.0
CMP001741,6772-KSATR,2022-01-09,Service Outage,Medium,Network,Resolved,13.0,2.0
CMP001742,7112-OPOTK,2020-02-08,Wrong Charges,High,Customer Care,Resolved,2.0,3.0
CMP001743,7112-OPOTK,2025-09-10,Poor Network,Medium,Customer Care,Closed,11.0,3.0
CMP001744,4210-QFJMF,2022-03-28,Wrong Charges,High,Customer Care,Open,,
CMP001745,3318-OSATS,2022-01-03,Slow Internet,Medium,Sales,In Progress,,
CMP001746,3318-OSATS,2023-07-15,Poor Customer Support,High,Technical,Open,,
CMP001747,3318-OSATS,2023-08-14,Slow Internet,Low,Technical,Open,,
CMP001748,5828-AVIPD,2022-07-28,Poor Network,High,Billing,In Progress,,
CMP001749,5828-AVIPD,2020-10-05,Service Outage,High,Network,Resolved,10.0,2.0
CMP001750,5828-AVIPD,2022-04-02,Low Download Speed,Medium,Billing,In Progress,,
CMP001751,1086-LXKFY,2021-08-15,Installation Delay,High,Sales,Open,,
CMP001752,1086-LXKFY,2022-07-16,Wrong Charges,Medium,Sales,Open,,
CMP001753,2636-ALXXZ,2020-12-25,Service Outage,Low,Technical,Closed,2.0,1.0
CMP001754,7774-OJSXI,2025-07-20,Low Download Speed,High,Customer Care,In Progress,,
CMP001755,7786-WBJYI,2021-04-03,Poor Customer Support,Low,Billing,In Progress,,
CMP001756,7786-WBJYI,2022-06-25,Streaming Issue,Medium,Sales,Resolved,5.0,3.0
CMP001757,9885-CSMWE,2024-12-21,Payment Issue,High,Network,Resolved,9.0,3.0
CMP001758,9885-CSMWE,2024-01-19,Slow Internet,Medium,Network,Resolved,11.0,1.0
CMP001759,5016-ETTFF,2024-01-17,Call Drop,High,Customer Care,Resolved,7.0,3.0
CMP001760,5016-ETTFF,2025-01-01,Slow Internet,Medium,Customer Care,In Progress,,
CMP001761,5016-ETTFF,2022-08-09,Service Outage,High,Technical,Resolved,12.0,2.0
CMP001762,3866-MDTUB,2020-06-02,Service Outage,Medium,Network,Open,,
CMP001763,3866-MDTUB,2023-12-03,Billing Complaint,Low,Billing,In Progress,,
CMP001764,3866-MDTUB,2021-06-19,Wrong Charges,Low,Customer Care,Closed,7.0,3.0
CMP001765,8058-JMEQO,2023-06-27,Call Drop,High,Billing,Resolved,1.0,3.0
CMP001766,8058-JMEQO,2021-06-11,Wrong Charges,Low,Billing,Open,,
CMP001767,0697-ZMSWS,2021-07-15,Service Outage,Medium,Customer Care,In Progress,,
CMP001768,0697-ZMSWS,2022-02-19,Poor Customer Support,Medium,Network,Resolved,4.0,1.0
CMP001769,0697-ZMSWS,2021-05-26,Installation Delay,Medium,Sales,In Progress,,
CMP001770,7657-DYEPJ,2022-01-14,Billing Complaint,Medium,Network,Resolved,9.0,1.0
CMP001771,8276-MQBYC,2025-08-14,Slow Internet,High,Customer Care,Resolved,3.0,3.0
CMP001772,8276-MQBYC,2023-08-01,Wrong Charges,High,Billing,Resolved,11.0,3.0
CMP001773,8276-MQBYC,2022-12-15,Payment Issue,Low,Sales,Closed,12.0,3.0
CMP001774,7593-XFKDI,2021-06-12,Service Outage,Medium,Billing,In Progress,,
CMP001775,7593-XFKDI,2021-05-06,Installation Delay,Medium,Billing,Resolved,13.0,1.0
CMP001776,0337-CNPZE,2023-09-26,Installation Delay,High,Network,Resolved,9.0,3.0
CMP001777,0337-CNPZE,2024-07-22,Frequent Disconnections,Medium,Customer Care,Resolved,14.0,2.0
CMP001778,0337-CNPZE,2022-05-04,Low Download Speed,High,Billing,Resolved,13.0,3.0
CMP001779,1513-XNPPH,2023-08-05,Poor Network,Medium,Customer Care,Open,,
CMP001780,1513-XNPPH,2025-06-27,Frequent Disconnections,High,Network,Resolved,5.0,2.0
CMP001781,1513-XNPPH,2023-09-10,Payment Issue,High,Network,Resolved,3.0,1.0
CMP001782,6015-VVHHE,2023-03-28,Payment Issue,High,Customer Care,In Progress,,
CMP001783,6015-VVHHE,2023-09-20,Installation Delay,Medium,Technical,Open,,
CMP001784,6015-VVHHE,2025-12-02,Frequent Disconnections,High,Technical,Resolved,5.0,2.0
CMP001785,6347-DCUIK,2023-04-24,Slow Internet,High,Technical,In Progress,,
CMP001786,6347-DCUIK,2024-02-23,Billing Complaint,Medium,Billing,Resolved,13.0,3.0
CMP001787,0897-FEGMU,2024-05-27,Frequent Disconnections,Low,Sales,Resolved,11.0,2.0
CMP001788,0897-FEGMU,2020-01-23,Slow Internet,Medium,Customer Care,Open,,
CMP001789,0897-FEGMU,2021-08-02,Installation Delay,Medium,Network,In Progress,,
CMP001790,7663-RGWBC,2024-06-24,Installation Delay,High,Billing,Resolved,7.0,1.0
CMP001791,7663-RGWBC,2022-11-23,Wrong Charges,Medium,Network,Closed,6.0,3.0
CMP001792,7663-RGWBC,2022-07-26,Wrong Charges,High,Sales,Resolved,7.0,2.0
CMP001793,1120-BMWUB,2025-05-09,Call Drop,High,Technical,In Progress,,
CMP001794,1120-BMWUB,2024-12-04,Installation Delay,High,Customer Care,Resolved,2.0,1.0
CMP001795,9124-LHCJQ,2021-08-24,Wrong Charges,Low,Sales,Resolved,2.0,2.0
CMP001796,9124-LHCJQ,2025-01-25,Billing Complaint,High,Sales,Closed,9.0,3.0
CMP001797,9124-LHCJQ,2022-08-14,Call Drop,Medium,Customer Care,Open,,
CMP001798,2235-ZGKPT,2020-11-16,Streaming Issue,Medium,Network,Closed,2.0,2.0
CMP001799,2235-ZGKPT,2021-06-12,Wrong Charges,Medium,Sales,Closed,14.0,1.0
CMP001800,3891-PUQOD,2024-10-14,Wrong Charges,Medium,Technical,Open,,
CMP001801,3891-PUQOD,2022-11-14,Installation Delay,High,Network,Closed,5.0,2.0
CMP001802,3891-PUQOD,2022-05-19,Call Drop,Low,Billing,In Progress,,
CMP001803,0689-NKYLF,2025-07-01,Billing Complaint,High,Network,Open,,
CMP001804,0689-NKYLF,2022-04-23,Payment Issue,Medium,Billing,Closed,11.0,2.0
CMP001805,0689-NKYLF,2025-07-06,Billing Complaint,Low,Billing,Resolved,13.0,3.0
CMP001806,3658-KIBGF,2022-06-03,Slow Internet,Medium,Network,Resolved,12.0,2.0
CMP001807,3658-KIBGF,2022-03-27,Streaming Issue,Medium,Network,In Progress,,
CMP001808,3658-KIBGF,2024-12-05,Installation Delay,High,Network,Resolved,10.0,2.0
CMP001809,5519-YLDGW,2024-11-25,Installation Delay,Medium,Billing,In Progress,,
CMP001810,5519-YLDGW,2020-07-01,Streaming Issue,Medium,Sales,In Progress,,
CMP001811,5519-YLDGW,2021-06-12,Slow Internet,Medium,Network,Open,,
CMP001812,4946-EDSEW,2020-03-11,Customer Support,High,Customer Care,Resolved,5.0,3.0
CMP001813,2516-VQRRV,2021-12-11,Streaming Issue,High,Sales,Closed,6.0,1.0
CMP001814,7580-UGXNC,2024-03-07,Frequent Disconnections,High,Sales,Closed,7.0,2.0
CMP001815,7580-UGXNC,2025-03-09,Streaming Issue,High,Network,Closed,12.0,1.0
CMP001816,7580-UGXNC,2024-04-22,Streaming Issue,Medium,Billing,Open,,
CMP001817,5178-LMXOP,2025-02-01,Service Outage,Low,Network,Resolved,6.0,3.0
CMP001818,5178-LMXOP,2022-12-07,Call Drop,Medium,Sales,Resolved,8.0,2.0
CMP001819,8185-UPYBR,2024-12-01,Call Drop,Medium,Technical,In Progress,,
CMP001820,8185-UPYBR,2024-07-13,Billing Complaint,High,Customer Care,Resolved,7.0,3.0
CMP001821,8185-UPYBR,2022-04-01,Poor Customer Support,High,Technical,Open,,
CMP001822,4585-HETAI,2021-02-26,Payment Issue,High,Sales,Resolved,6.0,3.0
CMP001823,4585-HETAI,2020-11-14,Wrong Charges,High,Customer Care,Closed,5.0,3.0
CMP001824,4585-HETAI,2020-12-16,Call Drop,High,Sales,In Progress,,
CMP001825,7526-BEZQB,2021-04-14,Billing Complaint,High,Sales,Resolved,6.0,1.0
CMP001826,4951-UKAAQ,2025-01-10,Streaming Issue,Low,Network,In Progress,,
CMP001827,4951-UKAAQ,2024-02-08,Frequent Disconnections,Medium,Network,Resolved,13.0,2.0
CMP001828,4951-UKAAQ,2020-11-15,Wrong Charges,High,Sales,Resolved,12.0,2.0
CMP001829,2108-YKQTY,2025-06-16,Call Drop,High,Customer Care,Resolved,15.0,2.0
CMP001830,4918-QLLIW,2023-10-02,Low Download Speed,High,Customer Care,Resolved,11.0,3.0
CMP001831,4918-QLLIW,2022-09-06,Call Drop,High,Technical,Resolved,4.0,1.0
CMP001832,7056-IMHCC,2024-11-28,Installation Delay,Low,Technical,Resolved,9.0,1.0
CMP001833,1625-JAIIY,2020-06-14,Low Download Speed,Medium,Network,Open,,
CMP001834,1625-JAIIY,2025-05-17,Service Outage,Medium,Billing,Closed,11.0,3.0
CMP001835,2947-DOMLJ,2023-11-22,Streaming Issue,Medium,Technical,Open,,
CMP001836,2947-DOMLJ,2023-12-17,Streaming Issue,Low,Technical,Resolved,8.0,1.0
CMP001837,2947-DOMLJ,2025-02-24,Poor Network,Low,Network,In Progress,,
CMP001838,4112-LUEIZ,2023-04-04,Slow Internet,High,Customer Care,In Progress,,
CMP001839,4112-LUEIZ,2020-02-28,Poor Network,Medium,Sales,Resolved,9.0,3.0
CMP001840,4112-LUEIZ,2021-03-02,Poor Customer Support,Medium,Customer Care,Resolved,11.0,3.0
CMP001841,4510-HIMLV,2023-01-19,Service Outage,High,Technical,Resolved,10.0,3.0
CMP001842,4510-HIMLV,2023-06-19,Installation Delay,High,Network,Resolved,7.0,2.0
CMP001843,4510-HIMLV,2023-04-15,Poor Customer Support,High,Billing,Closed,14.0,1.0
CMP001844,8749-JMNKX,2025-03-23,Streaming Issue,Medium,Billing,Open,,
CMP001845,2430-USGXP,2022-05-26,Low Download Speed,High,Technical,Resolved,11.0,1.0
CMP001846,5955-ERIHD,2025-03-13,Poor Network,Medium,Customer Care,Resolved,15.0,2.0
CMP001847,5955-ERIHD,2024-09-18,Wrong Charges,Low,Technical,Resolved,11.0,3.0
CMP001848,0917-EZOLA,2024-10-27,Payment Issue,High,Technical,Open,,
CMP001849,5949-EBSQK,2023-04-10,Poor Customer Support,High,Customer Care,Resolved,12.0,2.0
CMP001850,5949-EBSQK,2022-09-22,Payment Issue,Low,Customer Care,Closed,6.0,1.0
CMP001851,5949-EBSQK,2021-01-11,Poor Network,Medium,Billing,Closed,12.0,1.0
CMP001852,7274-RTAPZ,2022-08-23,Wrong Charges,High,Sales,In Progress,,
CMP001853,7274-RTAPZ,2021-10-28,Installation Delay,High,Technical,Open,,
CMP001854,7274-RTAPZ,2023-08-20,Installation Delay,Low,Technical,Open,,
CMP001855,0311-UNPFF,2021-08-02,Service Outage,High,Customer Care,Resolved,8.0,2.0
CMP001856,3834-XUIFC,2025-08-02,Poor Customer Support,High,Customer Care,Open,,
CMP001857,3834-XUIFC,2021-07-11,Low Download Speed,High,Sales,Open,,
CMP001858,3834-XUIFC,2025-08-28,Wrong Charges,Medium,Network,Resolved,12.0,1.0
CMP001859,8414-MYSHR,2025-01-24,Call Drop,High,Customer Care,Open,,
CMP001860,8414-MYSHR,2020-09-28,Low Download Speed,High,Network,Resolved,6.0,1.0
CMP001861,7599-FKVXZ,2025-04-16,Billing Complaint,High,Network,In Progress,,
CMP001862,7599-FKVXZ,2021-10-26,Billing Complaint,Medium,Billing,Resolved,9.0,1.0
CMP001863,8229-TNIQA,2024-06-26,Installation Delay,High,Sales,Open,,
CMP001864,6221-AVQYL,2024-12-24,Payment Issue,Medium,Sales,Closed,2.0,3.0
CMP001865,6221-AVQYL,2021-10-17,Installation Delay,High,Customer Care,Open,,
CMP001866,7743-EXURX,2022-08-24,Installation Delay,High,Billing,In Progress,,
CMP001867,7743-EXURX,2020-06-03,Frequent Disconnections,Low,Network,Resolved,12.0,1.0
CMP001868,5569-KGJHX,2023-09-02,Streaming Issue,High,Technical,Resolved,9.0,3.0
CMP001869,5569-KGJHX,2023-09-06,Poor Customer Support,Medium,Billing,Open,,
CMP001870,5569-KGJHX,2020-06-02,Low Download Speed,High,Customer Care,In Progress,,
CMP001871,4988-IQIGL,2023-11-12,Poor Network,High,Sales,Resolved,8.0,1.0
CMP001872,7730-IUTDZ,2025-07-20,Streaming Issue,High,Technical,Resolved,3.0,3.0
CMP001873,7730-IUTDZ,2022-04-17,Call Drop,Medium,Customer Care,Resolved,6.0,1.0
CMP001874,0426-TIRNE,2023-12-08,Customer Support,Medium,Billing,Closed,15.0,1.0
CMP001875,7587-RZNME,2021-01-17,Installation Delay,Medium,Customer Care,Open,,
CMP001876,7587-RZNME,2021-03-05,Poor Customer Support,Medium,Technical,Resolved,9.0,1.0
CMP001877,0748-RDGGM,2020-01-21,Wrong Charges,High,Network,Open,,
CMP001878,4706-AXVKM,2025-02-08,Frequent Disconnections,Medium,Technical,Closed,12.0,1.0
CMP001879,4706-AXVKM,2024-10-06,Payment Issue,Medium,Network,Resolved,3.0,3.0
CMP001880,5889-JTMUL,2020-02-09,Poor Network,Low,Billing,Resolved,13.0,3.0
CMP001881,5889-JTMUL,2021-08-22,Low Download Speed,High,Technical,In Progress,,
CMP001882,9026-RNUJS,2022-06-06,Frequent Disconnections,High,Customer Care,Closed,15.0,1.0
CMP001883,3746-EUBYR,2025-01-19,Poor Network,High,Customer Care,Closed,8.0,1.0
CMP001884,3746-EUBYR,2023-10-02,Slow Internet,Low,Sales,Resolved,14.0,3.0
CMP001885,2332-EFBJY,2021-04-12,Payment Issue,Medium,Sales,Closed,11.0,2.0
CMP001886,2332-EFBJY,2023-04-28,Customer Support,High,Technical,Resolved,2.0,3.0
CMP001887,2332-EFBJY,2022-06-26,Customer Support,Low,Technical,In Progress,,
CMP001888,9474-PHLYD,2021-01-22,Poor Network,High,Billing,Closed,14.0,2.0
CMP001889,9474-PHLYD,2025-07-06,Poor Customer Support,High,Network,Resolved,3.0,1.0
CMP001890,9474-PHLYD,2024-09-09,Call Drop,High,Sales,Resolved,3.0,3.0
CMP001891,2165-VOEGB,2020-02-05,Service Outage,High,Billing,In Progress,,
CMP001892,2219-MVUSO,2021-11-15,Poor Customer Support,Low,Network,In Progress,,
CMP001893,2219-MVUSO,2023-07-10,Low Download Speed,Medium,Network,Resolved,4.0,1.0
CMP001894,8914-RBTSB,2020-12-12,Poor Network,High,Customer Care,Open,,
CMP001895,8914-RBTSB,2025-05-26,Streaming Issue,High,Customer Care,Open,,
CMP001896,0963-ZBDRN,2021-03-12,Wrong Charges,High,Billing,Resolved,2.0,1.0
CMP001897,7594-RQHXR,2025-03-17,Installation Delay,High,Billing,In Progress,,
CMP001898,7594-RQHXR,2025-01-28,Service Outage,High,Sales,Closed,4.0,3.0
CMP001899,7594-RQHXR,2024-05-22,Wrong Charges,High,Billing,In Progress,,
CMP001900,6331-EWIEB,2023-11-01,Streaming Issue,High,Technical,In Progress,,
CMP001901,5998-VVEJY,2021-06-02,Poor Customer Support,Low,Billing,Resolved,1.0,3.0
CMP001902,1624-NALOJ,2022-05-08,Frequent Disconnections,High,Customer Care,Resolved,11.0,1.0
CMP001903,1624-NALOJ,2020-01-15,Poor Network,Medium,Customer Care,Resolved,14.0,2.0
CMP001904,1624-NALOJ,2021-03-01,Frequent Disconnections,Medium,Billing,Resolved,14.0,3.0
CMP001905,4317-VTEOA,2021-11-17,Streaming Issue,Medium,Billing,Open,,
CMP001906,4317-VTEOA,2024-10-04,Streaming Issue,High,Sales,Open,,
CMP001907,1670-SVOWZ,2023-10-17,Call Drop,Medium,Customer Care,Closed,5.0,3.0
CMP001908,7541-YLXCL,2022-05-09,Installation Delay,Medium,Sales,Resolved,9.0,1.0
CMP001909,0260-ZDLGK,2021-11-14,Installation Delay,High,Sales,Closed,3.0,2.0
CMP001910,8722-NGNBH,2022-05-18,Poor Customer Support,High,Billing,Resolved,10.0,1.0
CMP001911,8722-NGNBH,2023-06-21,Payment Issue,Low,Network,Resolved,12.0,1.0
CMP001912,6210-KBBPI,2022-05-25,Streaming Issue,Medium,Billing,Open,,
CMP001913,0133-BMFZO,2021-10-26,Billing Complaint,Medium,Technical,Closed,9.0,3.0
CMP001914,6128-CZOMY,2022-05-20,Billing Complaint,High,Technical,Closed,10.0,2.0
CMP001915,6128-CZOMY,2020-02-22,Payment Issue,High,Billing,In Progress,,
CMP001916,9540-JYROE,2021-12-24,Streaming Issue,Low,Sales,Resolved,12.0,1.0
CMP001917,9540-JYROE,2023-08-10,Poor Customer Support,Medium,Customer Care,Closed,13.0,1.0
CMP001918,9540-JYROE,2021-01-16,Poor Network,Low,Technical,In Progress,,
CMP001919,2260-USTRB,2023-08-15,Frequent Disconnections,High,Customer Care,In Progress,,
CMP001920,3656-TKRVZ,2025-01-06,Poor Network,Medium,Customer Care,Resolved,1.0,2.0
CMP001921,3656-TKRVZ,2021-09-15,Billing Complaint,High,Customer Care,In Progress,,
CMP001922,8623-TMRBY,2022-12-06,Installation Delay,High,Billing,Open,,
CMP001923,1501-SGHBW,2021-02-13,Payment Issue,High,Billing,Closed,14.0,2.0
CMP001924,1501-SGHBW,2023-03-24,Wrong Charges,Medium,Billing,Open,,
CMP001925,3208-YPIOE,2022-02-26,Billing Complaint,High,Technical,In Progress,,
CMP001926,2612-RANWT,2023-10-05,Low Download Speed,High,Network,In Progress,,
CMP001927,2612-RANWT,2025-02-27,Service Outage,High,Network,Resolved,13.0,3.0
CMP001928,2612-RANWT,2023-02-03,Billing Complaint,High,Billing,In Progress,,
CMP001929,6900-PXRMS,2023-12-08,Streaming Issue,Low,Network,Open,,
CMP001930,3346-BRMIS,2021-12-10,Streaming Issue,High,Customer Care,Closed,5.0,2.0
CMP001931,3346-BRMIS,2023-04-16,Call Drop,Medium,Technical,In Progress,,
CMP001932,2933-FILNV,2022-06-19,Streaming Issue,Medium,Billing,Resolved,6.0,3.0
CMP001933,2933-FILNV,2023-06-08,Poor Customer Support,Medium,Sales,In Progress,,
CMP001934,9986-BONCE,2020-10-19,Customer Support,Medium,Technical,Resolved,3.0,1.0
CMP001935,9986-BONCE,2025-05-20,Customer Support,Medium,Customer Care,Resolved,7.0,3.0
CMP001936,2722-JMONI,2021-06-11,Low Download Speed,High,Network,Closed,13.0,3.0
CMP001937,4083-EUGRJ,2022-09-07,Billing Complaint,Medium,Sales,Resolved,11.0,1.0
CMP001938,4083-EUGRJ,2021-02-03,Payment Issue,Medium,Network,Resolved,9.0,2.0
CMP001939,4083-EUGRJ,2024-11-13,Billing Complaint,High,Billing,In Progress,,
CMP001940,7579-OOPEC,2025-08-25,Slow Internet,Medium,Customer Care,Resolved,1.0,2.0
CMP001941,7579-OOPEC,2024-05-07,Call Drop,Medium,Network,Resolved,12.0,1.0
CMP001942,1771-OADNZ,2020-08-28,Frequent Disconnections,High,Customer Care,In Progress,,
CMP001943,1771-OADNZ,2024-07-14,Call Drop,Medium,Sales,Open,,
CMP001944,0612-RTZZA,2023-11-02,Payment Issue,Low,Network,In Progress,,
CMP001945,0612-RTZZA,2023-05-22,Billing Complaint,Medium,Network,Closed,5.0,3.0
CMP001946,0612-RTZZA,2020-04-26,Billing Complaint,Medium,Technical,Resolved,14.0,3.0
CMP001947,6410-LEFEN,2020-03-19,Wrong Charges,Medium,Technical,Resolved,8.0,1.0
CMP001948,6410-LEFEN,2022-10-14,Poor Customer Support,High,Sales,In Progress,,
CMP001949,3194-ORPIK,2025-01-22,Payment Issue,Medium,Sales,Resolved,14.0,1.0
CMP001950,8816-VXNZD,2025-10-03,Installation Delay,Medium,Sales,Resolved,7.0,1.0
CMP001951,8816-VXNZD,2024-03-03,Service Outage,Medium,Customer Care,In Progress,,
CMP001952,9378-FXTIZ,2022-08-06,Wrong Charges,High,Network,Open,,
CMP001953,9378-FXTIZ,2022-07-03,Poor Network,Medium,Technical,Open,,
CMP001954,1723-HKXJQ,2020-02-03,Call Drop,Medium,Network,Closed,12.0,1.0
CMP001955,1723-HKXJQ,2024-09-27,Low Download Speed,Medium,Customer Care,Resolved,7.0,1.0
CMP001956,1723-HKXJQ,2023-11-24,Slow Internet,Low,Technical,Open,,
CMP001957,7825-GKXMW,2022-05-01,Wrong Charges,Medium,Customer Care,Resolved,7.0,2.0
CMP001958,7825-GKXMW,2020-10-05,Streaming Issue,Medium,Network,Closed,15.0,2.0
CMP001959,7825-GKXMW,2025-01-24,Low Download Speed,High,Network,Resolved,6.0,2.0
CMP001960,1240-KNSEZ,2024-02-09,Billing Complaint,Medium,Network,Resolved,2.0,2.0
CMP001961,1240-KNSEZ,2025-04-23,Payment Issue,Medium,Sales,Resolved,8.0,3.0
CMP001962,0836-SEYLU,2023-07-21,Installation Delay,High,Technical,Open,,
CMP001963,0836-SEYLU,2024-07-16,Slow Internet,Low,Billing,Resolved,13.0,1.0
CMP001964,4433-JCGCG,2022-06-16,Service Outage,Medium,Sales,Open,,
CMP001965,3716-BDVDB,2022-07-16,Billing Complaint,Low,Billing,Resolved,9.0,3.0
CMP001966,5899-MQZZL,2025-02-02,Service Outage,High,Network,Resolved,9.0,1.0
CMP001967,5899-MQZZL,2022-01-27,Installation Delay,High,Sales,Closed,7.0,1.0
CMP001968,6849-OYAMU,2023-02-27,Streaming Issue,Medium,Technical,Resolved,4.0,2.0
CMP001969,9488-HGMJH,2024-01-22,Poor Customer Support,High,Billing,Closed,13.0,1.0
CMP001970,9488-HGMJH,2023-05-23,Low Download Speed,Medium,Sales,Resolved,7.0,2.0
CMP001971,6038-GCYEC,2022-04-24,Frequent Disconnections,High,Technical,In Progress,,
CMP001972,1150-WFARN,2021-11-21,Poor Customer Support,Medium,Technical,Resolved,10.0,1.0
CMP001973,1150-WFARN,2020-05-02,Frequent Disconnections,Medium,Sales,Closed,12.0,3.0
CMP001974,3144-AUDBS,2021-01-15,Call Drop,High,Sales,In Progress,,
CMP001975,5616-PRTNT,2022-07-20,Billing Complaint,High,Sales,Resolved,3.0,1.0
CMP001976,5616-PRTNT,2023-01-26,Customer Support,Low,Sales,Resolved,2.0,1.0
CMP001977,4818-QIUFN,2024-12-11,Installation Delay,High,Billing,Closed,15.0,3.0
CMP001978,4818-QIUFN,2024-11-11,Billing Complaint,Low,Sales,Resolved,10.0,1.0
CMP001979,6961-VCPMC,2020-11-06,Billing Complaint,High,Billing,Resolved,5.0,3.0
CMP001980,6961-VCPMC,2020-11-05,Payment Issue,High,Billing,Closed,1.0,2.0
CMP001981,6961-VCPMC,2023-10-06,Poor Network,High,Billing,Resolved,5.0,3.0
CMP001982,6688-UZPWD,2025-05-17,Frequent Disconnections,High,Billing,Resolved,4.0,3.0
CMP001983,6688-UZPWD,2021-11-16,Installation Delay,High,Billing,Resolved,10.0,1.0
CMP001984,6688-UZPWD,2022-08-11,Installation Delay,Medium,Customer Care,Resolved,12.0,2.0
CMP001985,2839-RFSQE,2024-10-16,Customer Support,Low,Network,In Progress,,
CMP001986,0968-GSIKN,2024-08-09,Installation Delay,Low,Customer Care,Open,,
CMP001987,1965-DDBWU,2023-09-17,Service Outage,Medium,Customer Care,Resolved,10.0,1.0
CMP001988,1965-DDBWU,2025-12-06,Service Outage,Medium,Network,Closed,5.0,3.0
CMP001989,1965-DDBWU,2021-03-08,Poor Network,Medium,Technical,Open,,
CMP001990,9057-SIHCH,2021-10-05,Poor Network,High,Network,Resolved,12.0,3.0
CMP001991,6771-XWBDM,2023-07-26,Call Drop,High,Billing,Resolved,3.0,3.0
CMP001992,6771-XWBDM,2025-11-24,Payment Issue,Medium,Technical,Open,,
CMP001993,6771-XWBDM,2021-07-17,Poor Customer Support,High,Billing,Resolved,6.0,3.0
CMP001994,8601-QACRS,2021-10-22,Wrong Charges,Medium,Sales,Resolved,7.0,3.0
CMP001995,2391-SOORI,2020-03-20,Billing Complaint,High,Technical,Closed,9.0,1.0
CMP001996,2391-SOORI,2021-04-18,Service Outage,High,Customer Care,Resolved,8.0,3.0
CMP001997,2391-SOORI,2025-04-19,Billing Complaint,Low,Technical,Resolved,10.0,1.0
CMP001998,2645-QTLMB,2024-08-02,Billing Complaint,Low,Sales,In Progress,,
CMP001999,2645-QTLMB,2022-11-24,Streaming Issue,Low,Sales,Closed,9.0,3.0
CMP002000,2645-QTLMB,2020-02-25,Poor Customer Support,High,Technical,Closed,5.0,1.0
CMP002001,4806-HIPDW,2020-01-12,Poor Customer Support,Medium,Customer Care,In Progress,,
CMP002002,4806-HIPDW,2023-03-21,Poor Network,High,Billing,Open,,
CMP002003,4806-HIPDW,2025-01-13,Low Download Speed,High,Network,Resolved,7.0,1.0
CMP002004,4424-TKOPW,2021-04-16,Wrong Charges,Medium,Sales,Resolved,12.0,3.0
CMP002005,8443-ZRDBZ,2022-04-02,Streaming Issue,Medium,Sales,Resolved,7.0,2.0
CMP002006,9136-ALYBR,2025-10-15,Call Drop,High,Sales,Open,,
CMP002007,9136-ALYBR,2024-08-01,Billing Complaint,High,Billing,Closed,14.0,3.0
CMP002008,9136-ALYBR,2023-01-07,Low Download Speed,High,Billing,Closed,1.0,1.0
CMP002009,7479-NITWS,2024-12-04,Frequent Disconnections,High,Customer Care,Resolved,9.0,3.0
CMP002010,2959-MJHIC,2023-05-07,Call Drop,High,Technical,Resolved,12.0,2.0
CMP002011,2959-MJHIC,2021-07-19,Installation Delay,Low,Technical,In Progress,,
CMP002012,4201-JMNGR,2023-04-07,Slow Internet,High,Network,Resolved,9.0,3.0
CMP002013,5960-WPXQM,2023-05-14,Slow Internet,High,Sales,Open,,
CMP002014,5960-WPXQM,2021-02-02,Slow Internet,Medium,Customer Care,Open,,
CMP002015,5960-WPXQM,2025-10-24,Slow Internet,Medium,Network,Resolved,4.0,3.0
CMP002016,0684-AOSIH,2025-12-04,Installation Delay,Medium,Billing,Open,,
CMP002017,0684-AOSIH,2023-09-22,Poor Customer Support,High,Technical,Closed,7.0,2.0
CMP002018,8260-NGFNY,2020-05-15,Service Outage,Medium,Sales,In Progress,,
CMP002019,8260-NGFNY,2024-02-13,Installation Delay,High,Network,Resolved,6.0,1.0
CMP002020,1866-RZZQS,2025-03-13,Installation Delay,High,Network,In Progress,,
CMP002021,8631-NBHFZ,2021-06-18,Poor Network,High,Customer Care,Resolved,4.0,1.0
CMP002022,8631-NBHFZ,2020-03-25,Billing Complaint,Medium,Sales,Resolved,8.0,1.0
CMP002023,4958-XCBDQ,2020-08-13,Poor Customer Support,High,Billing,Closed,1.0,1.0
CMP002024,4958-XCBDQ,2023-10-04,Streaming Issue,High,Sales,Resolved,4.0,1.0
CMP002025,4958-XCBDQ,2022-03-07,Payment Issue,Medium,Technical,Closed,6.0,1.0
CMP002026,8337-UPOAQ,2025-08-14,Service Outage,Medium,Billing,In Progress,,
CMP002027,8337-UPOAQ,2022-09-10,Payment Issue,High,Customer Care,In Progress,,
CMP002028,1725-IQNIY,2022-01-18,Billing Complaint,High,Network,Open,,
CMP002029,1725-IQNIY,2022-04-23,Billing Complaint,High,Sales,Closed,4.0,1.0
CMP002030,1725-IQNIY,2025-11-15,Poor Network,Medium,Sales,Open,,
CMP002031,6598-RFFVI,2020-09-03,Billing Complaint,Medium,Technical,Open,,
CMP002032,6712-OAWRH,2024-05-18,Frequent Disconnections,Low,Billing,Resolved,4.0,1.0
CMP002033,6712-OAWRH,2025-07-13,Poor Customer Support,Low,Billing,Resolved,4.0,3.0
CMP002034,6712-OAWRH,2021-06-21,Slow Internet,High,Sales,Closed,7.0,3.0
CMP002035,8614-VGMMV,2021-03-25,Service Outage,Medium,Technical,Resolved,1.0,3.0
CMP002036,2930-UOTMB,2021-04-13,Streaming Issue,High,Technical,Open,,
CMP002037,2930-UOTMB,2025-10-08,Slow Internet,High,Billing,Open,,
CMP002038,2930-UOTMB,2022-10-02,Call Drop,High,Customer Care,Closed,3.0,2.0
CMP002039,5914-DVBWJ,2020-09-06,Call Drop,Medium,Sales,Resolved,9.0,1.0
CMP002040,2533-QVMSK,2024-05-11,Wrong Charges,Medium,Network,In Progress,,
CMP002041,2533-QVMSK,2022-06-16,Poor Network,Medium,Billing,In Progress,,
CMP002042,8644-XLFBW,2024-01-20,Billing Complaint,Medium,Technical,In Progress,,
CMP002043,8625-AZYZY,2025-06-22,Billing Complaint,High,Technical,Open,,
CMP002044,8625-AZYZY,2020-11-04,Poor Customer Support,Medium,Billing,Open,,
CMP002045,8625-AZYZY,2022-01-23,Low Download Speed,High,Sales,Resolved,4.0,1.0
CMP002046,9306-CPCBC,2021-01-02,Low Download Speed,Low,Sales,Closed,7.0,3.0
CMP002047,1833-VGRUM,2024-01-01,Poor Customer Support,High,Customer Care,In Progress,,
CMP002048,1833-VGRUM,2020-01-13,Installation Delay,Medium,Technical,Resolved,5.0,3.0
CMP002049,8374-XGEJJ,2025-02-06,Call Drop,High,Customer Care,Resolved,13.0,3.0
CMP002050,2656-TABEH,2023-10-07,Service Outage,Low,Network,Resolved,9.0,1.0
CMP002051,2656-TABEH,2022-07-16,Frequent Disconnections,Medium,Sales,Resolved,4.0,3.0
CMP002052,2656-TABEH,2025-09-16,Low Download Speed,Medium,Network,Resolved,12.0,3.0
CMP002053,6946-LMSQS,2023-09-06,Installation Delay,High,Billing,Resolved,1.0,3.0
CMP002054,6946-LMSQS,2023-09-27,Installation Delay,High,Technical,Resolved,7.0,1.0
CMP002055,6946-LMSQS,2023-08-10,Poor Network,High,Billing,Closed,14.0,1.0
CMP002056,2325-ZUSFD,2023-12-13,Payment Issue,Low,Sales,Resolved,3.0,2.0
CMP002057,3932-CMDTD,2021-07-06,Installation Delay,Low,Billing,Resolved,7.0,2.0
CMP002058,4039-HEUNW,2025-06-05,Low Download Speed,High,Customer Care,Open,,
CMP002059,0812-WUPTB,2021-08-14,Low Download Speed,High,Network,In Progress,,
CMP002060,0812-WUPTB,2023-07-11,Wrong Charges,High,Technical,Resolved,2.0,2.0
CMP002061,3594-UVONA,2022-10-07,Call Drop,Medium,Technical,Closed,7.0,3.0
CMP002062,3594-UVONA,2025-08-07,Frequent Disconnections,Medium,Technical,Closed,8.0,2.0
CMP002063,3594-UVONA,2023-02-12,Wrong Charges,High,Technical,In Progress,,
CMP002064,0004-TLHLJ,2025-05-27,Poor Customer Support,High,Sales,Resolved,5.0,3.0
CMP002065,0004-TLHLJ,2024-10-24,Service Outage,Medium,Network,Closed,6.0,3.0
CMP002066,0004-TLHLJ,2024-12-13,Service Outage,High,Sales,Open,,
CMP002067,5089-IFSDP,2021-12-25,Poor Customer Support,Low,Technical,Resolved,10.0,3.0
CMP002068,5089-IFSDP,2022-05-06,Low Download Speed,Medium,Technical,Resolved,14.0,3.0
CMP002069,4817-VYYWS,2024-03-17,Service Outage,High,Sales,Resolved,5.0,1.0
CMP002070,1396-QWFBJ,2020-01-05,Payment Issue,Medium,Technical,Resolved,13.0,1.0
CMP002071,5299-SJCZT,2023-01-26,Low Download Speed,Medium,Network,In Progress,,
CMP002072,5299-SJCZT,2024-09-23,Poor Customer Support,Low,Sales,Resolved,11.0,1.0
CMP002073,5299-SJCZT,2023-05-16,Low Download Speed,Medium,Customer Care,In Progress,,
CMP002074,2403-BCASL,2025-01-28,Streaming Issue,Medium,Billing,Resolved,7.0,3.0
CMP002075,2898-LSJGD,2025-05-21,Call Drop,Medium,Technical,In Progress,,
CMP002076,2898-LSJGD,2021-10-27,Frequent Disconnections,Medium,Sales,Resolved,3.0,3.0
CMP002077,2898-LSJGD,2025-12-17,Wrong Charges,Medium,Billing,Resolved,5.0,2.0
CMP002078,7359-PTSXY,2025-09-06,Frequent Disconnections,Medium,Network,Resolved,2.0,2.0
CMP002079,7359-PTSXY,2024-10-23,Low Download Speed,High,Network,Resolved,11.0,2.0
CMP002080,7359-PTSXY,2023-08-04,Slow Internet,Medium,Customer Care,Resolved,1.0,2.0
CMP002081,4503-BDXBD,2025-06-24,Frequent Disconnections,High,Billing,Resolved,6.0,3.0
CMP002082,6086-ESGRL,2020-10-26,Billing Complaint,High,Technical,In Progress,,
CMP002083,6086-ESGRL,2022-08-02,Billing Complaint,High,Technical,Resolved,11.0,2.0
CMP002084,6086-ESGRL,2021-02-25,Call Drop,Medium,Billing,In Progress,,
CMP002085,3886-CERTZ,2020-12-01,Streaming Issue,Medium,Sales,Closed,8.0,2.0
CMP002086,3886-CERTZ,2024-04-13,Poor Network,Low,Billing,Open,,
CMP002087,3886-CERTZ,2025-05-14,Slow Internet,Medium,Sales,Closed,15.0,3.0
CMP002088,5759-RCVCB,2024-09-01,Installation Delay,High,Customer Care,Resolved,1.0,1.0
CMP002089,6372-RFVNS,2022-10-22,Low Download Speed,High,Customer Care,In Progress,,
CMP002090,6372-RFVNS,2022-12-15,Poor Network,Medium,Billing,Resolved,15.0,1.0
CMP002091,6372-RFVNS,2025-05-26,Wrong Charges,Medium,Billing,Resolved,8.0,2.0
CMP002092,8938-UMKPI,2024-11-01,Payment Issue,High,Sales,Resolved,3.0,3.0
CMP002093,0991-BRRFB,2023-04-18,Billing Complaint,High,Sales,Open,,
CMP002094,3871-IKPYH,2024-03-02,Slow Internet,Medium,Customer Care,Resolved,9.0,1.0
CMP002095,6319-IEJWJ,2024-05-26,Installation Delay,Medium,Technical,Resolved,4.0,2.0
CMP002096,6319-IEJWJ,2022-02-06,Poor Customer Support,Medium,Billing,Closed,1.0,3.0
CMP002097,6319-IEJWJ,2023-01-23,Payment Issue,Medium,Billing,Resolved,9.0,1.0
CMP002098,9025-AOMKI,2023-12-21,Billing Complaint,Medium,Sales,Resolved,11.0,1.0
CMP002099,5275-SQEIZ,2022-01-16,Installation Delay,Low,Sales,Closed,11.0,2.0
CMP002100,7716-YTYHG,2023-01-25,Low Download Speed,High,Customer Care,Resolved,1.0,1.0
CMP002101,7716-YTYHG,2025-12-02,Wrong Charges,Medium,Customer Care,Resolved,15.0,2.0
CMP002102,4390-KYULV,2021-09-08,Customer Support,Low,Network,Resolved,15.0,2.0
CMP002103,4390-KYULV,2025-05-17,Payment Issue,Medium,Customer Care,Resolved,4.0,1.0
CMP002104,1304-NECVQ,2023-03-21,Installation Delay,Medium,Network,Closed,4.0,1.0
CMP002105,8945-GRKHX,2021-08-14,Call Drop,Medium,Technical,Closed,11.0,1.0
CMP002106,6959-UWKHF,2023-11-03,Billing Complaint,Medium,Billing,In Progress,,
CMP002107,6959-UWKHF,2023-04-01,Wrong Charges,High,Network,In Progress,,
CMP002108,3815-SLMEF,2024-08-03,Low Download Speed,Medium,Sales,In Progress,,
CMP002109,3815-SLMEF,2020-04-19,Billing Complaint,Medium,Customer Care,Resolved,7.0,1.0
CMP002110,3815-SLMEF,2025-08-10,Wrong Charges,High,Network,Closed,13.0,2.0
CMP002111,5154-VEKBL,2020-05-13,Payment Issue,High,Sales,Closed,15.0,1.0
CMP002112,5655-JSMZM,2025-02-02,Low Download Speed,Low,Sales,In Progress,,
CMP002113,4505-EXZHB,2020-09-04,Wrong Charges,High,Billing,Resolved,7.0,3.0
CMP002114,4587-VVTOX,2024-02-04,Billing Complaint,Low,Technical,Resolved,5.0,3.0
CMP002115,4587-VVTOX,2022-04-03,Low Download Speed,Medium,Customer Care,Open,,
CMP002116,4652-NNHNY,2020-02-09,Slow Internet,High,Technical,Resolved,5.0,3.0
CMP002117,8972-HJWNV,2022-04-28,Service Outage,Medium,Sales,Resolved,4.0,3.0
CMP002118,8515-OCTJS,2020-10-15,Billing Complaint,Medium,Billing,In Progress,,
CMP002119,8515-OCTJS,2020-11-04,Billing Complaint,High,Customer Care,In Progress,,
CMP002120,2860-RANUS,2021-11-13,Payment Issue,Medium,Technical,Resolved,8.0,1.0
CMP002121,2860-RANUS,2022-05-06,Streaming Issue,High,Billing,Resolved,2.0,2.0
CMP002122,2860-RANUS,2020-02-12,Low Download Speed,High,Sales,Resolved,15.0,2.0
CMP002123,5261-QSHQM,2023-10-25,Wrong Charges,Medium,Sales,Resolved,3.0,1.0
CMP002124,8868-WOZGU,2020-02-15,Low Download Speed,Low,Billing,Resolved,13.0,1.0
CMP002125,8868-WOZGU,2024-01-22,Frequent Disconnections,High,Customer Care,Open,,
CMP002126,8868-WOZGU,2023-01-11,Frequent Disconnections,High,Network,Resolved,7.0,1.0
CMP002127,1334-FJSVR,2022-03-09,Low Download Speed,High,Technical,Resolved,3.0,3.0
CMP002128,1334-FJSVR,2023-08-18,Slow Internet,High,Billing,Resolved,12.0,2.0
CMP002129,7625-XCQRH,2023-10-17,Frequent Disconnections,Low,Billing,In Progress,,
CMP002130,1731-TVIUK,2024-11-02,Poor Customer Support,High,Technical,Resolved,2.0,1.0
CMP002131,1731-TVIUK,2021-02-10,Low Download Speed,High,Customer Care,Closed,8.0,3.0
CMP002132,0406-BPDVR,2020-12-14,Poor Customer Support,Medium,Sales,Open,,
CMP002133,0406-BPDVR,2023-10-02,Frequent Disconnections,High,Sales,Resolved,8.0,1.0
CMP002134,0618-XWMSS,2022-06-17,Billing Complaint,Medium,Network,Resolved,4.0,3.0
CMP002135,0618-XWMSS,2022-08-16,Poor Network,High,Technical,Closed,10.0,3.0
CMP002136,5276-KQWHG,2022-11-03,Frequent Disconnections,High,Billing,Resolved,9.0,2.0
CMP002137,5276-KQWHG,2024-10-24,Poor Network,High,Sales,In Progress,,
CMP002138,5276-KQWHG,2021-12-13,Streaming Issue,Low,Technical,In Progress,,
CMP002139,2565-JSLRY,2022-05-21,Payment Issue,High,Technical,Resolved,13.0,1.0
CMP002140,2565-JSLRY,2022-12-01,Billing Complaint,High,Network,Open,,
CMP002141,6689-KXGBO,2025-04-11,Poor Customer Support,High,Network,Resolved,14.0,1.0
CMP002142,6689-KXGBO,2021-08-08,Poor Customer Support,Medium,Customer Care,Open,,
CMP002143,6615-NGGZJ,2024-08-22,Installation Delay,Medium,Billing,Open,,
CMP002144,6615-NGGZJ,2024-03-01,Wrong Charges,Medium,Billing,Resolved,6.0,2.0
CMP002145,4255-DDUOU,2020-11-21,Customer Support,High,Customer Care,Resolved,2.0,2.0
CMP002146,4255-DDUOU,2020-10-01,Billing Complaint,Low,Network,Closed,5.0,2.0
CMP002147,2984-MIIZL,2021-06-25,Call Drop,High,Technical,Closed,11.0,1.0
CMP002148,5590-YRFJT,2025-10-14,Poor Network,Medium,Network,Open,,
CMP002149,3677-TNKIO,2024-10-25,Service Outage,Low,Sales,Closed,10.0,3.0
CMP002150,9667-EQRXU,2022-05-18,Payment Issue,Medium,Billing,Open,,
CMP002151,9667-EQRXU,2020-12-02,Service Outage,Medium,Technical,In Progress,,
CMP002152,9667-EQRXU,2022-01-03,Poor Customer Support,Low,Sales,Closed,4.0,2.0
CMP002153,3329-WDIOK,2023-05-23,Slow Internet,High,Billing,Resolved,6.0,2.0
CMP002154,3329-WDIOK,2024-09-22,Payment Issue,Medium,Network,Resolved,5.0,3.0
CMP002155,2873-ZLIWT,2023-03-19,Payment Issue,Medium,Network,Resolved,12.0,2.0
CMP002156,2873-ZLIWT,2025-10-25,Installation Delay,High,Customer Care,In Progress,,
CMP002157,3415-TAILE,2025-12-21,Payment Issue,Low,Network,Closed,12.0,3.0
CMP002158,1915-IOFGU,2022-07-21,Billing Complaint,Medium,Technical,Closed,2.0,3.0
CMP002159,3045-XETSH,2021-12-13,Streaming Issue,Medium,Billing,Resolved,4.0,2.0
CMP002160,3045-XETSH,2024-10-03,Slow Internet,Medium,Billing,In Progress,,
CMP002161,7239-HZZCX,2022-10-27,Billing Complaint,Medium,Network,Resolved,10.0,2.0
CMP002162,7683-CBDKJ,2020-02-04,Poor Customer Support,High,Technical,In Progress,,
CMP002163,7683-CBDKJ,2023-10-23,Payment Issue,Low,Sales,In Progress,,
CMP002164,7683-CBDKJ,2020-06-27,Call Drop,High,Customer Care,Resolved,1.0,1.0
CMP002165,0946-CLJTI,2022-01-14,Slow Internet,High,Sales,Resolved,9.0,3.0
CMP002166,0946-CLJTI,2020-10-28,Billing Complaint,Medium,Network,Resolved,12.0,1.0
CMP002167,0628-CNQRM,2024-03-11,Installation Delay,Medium,Technical,Resolved,12.0,1.0
CMP002168,7665-TOALD,2021-11-26,Wrong Charges,Low,Billing,Closed,4.0,2.0
CMP002169,0112-QWPNC,2023-07-16,Poor Customer Support,Medium,Customer Care,Resolved,10.0,1.0
CMP002170,0112-QWPNC,2025-07-27,Wrong Charges,High,Technical,Resolved,4.0,1.0
CMP002171,0324-BRPCJ,2020-02-19,Installation Delay,High,Network,Open,,
CMP002172,2777-PHDEI,2022-09-17,Low Download Speed,High,Network,Resolved,8.0,1.0
CMP002173,2777-PHDEI,2021-01-06,Frequent Disconnections,Low,Billing,In Progress,,
CMP002174,1196-AMORA,2025-12-27,Installation Delay,High,Billing,Closed,2.0,1.0
CMP002175,1196-AMORA,2022-08-07,Service Outage,Medium,Sales,Closed,3.0,3.0
CMP002176,1196-AMORA,2023-03-10,Payment Issue,Medium,Customer Care,Resolved,7.0,3.0
CMP002177,4282-YMKNA,2023-03-22,Poor Customer Support,Low,Technical,Closed,8.0,2.0
CMP002178,4282-YMKNA,2022-02-07,Poor Network,Medium,Sales,Resolved,3.0,2.0
CMP002179,4282-YMKNA,2022-11-27,Installation Delay,Medium,Technical,In Progress,,
CMP002180,5356-RHIPP,2023-12-13,Payment Issue,Medium,Customer Care,Closed,1.0,1.0
CMP002181,5356-RHIPP,2022-09-01,Payment Issue,High,Network,In Progress,,
CMP002182,9189-JWSHV,2021-01-20,Installation Delay,High,Network,Open,,
CMP002183,0746-JTRFU,2023-08-26,Wrong Charges,High,Customer Care,Resolved,7.0,3.0
CMP002184,0576-WNXXC,2025-08-13,Installation Delay,High,Customer Care,Resolved,14.0,3.0
CMP002185,0576-WNXXC,2022-03-26,Billing Complaint,High,Network,Resolved,6.0,3.0
CMP002186,4628-CTTLA,2024-05-19,Wrong Charges,Medium,Sales,Resolved,13.0,3.0
CMP002187,2876-VBBBL,2025-07-09,Billing Complaint,High,Billing,Closed,13.0,1.0
CMP002188,2876-VBBBL,2024-04-12,Payment Issue,Medium,Technical,Resolved,6.0,3.0
CMP002189,6834-NXDCA,2020-06-24,Billing Complaint,Medium,Network,In Progress,,
CMP002190,5597-GLBUC,2021-01-09,Streaming Issue,Low,Sales,Resolved,3.0,1.0
CMP002191,5597-GLBUC,2020-02-05,Slow Internet,High,Sales,In Progress,,
CMP002192,5597-GLBUC,2023-08-01,Streaming Issue,High,Technical,Open,,
CMP002193,2748-MYRVK,2022-01-10,Frequent Disconnections,High,Sales,Resolved,14.0,1.0
CMP002194,2748-MYRVK,2021-05-27,Payment Issue,Low,Network,Closed,10.0,2.0
CMP002195,2748-MYRVK,2020-07-12,Payment Issue,Low,Billing,Resolved,11.0,1.0
CMP002196,4822-YCXMX,2023-06-22,Installation Delay,Medium,Customer Care,Open,,
CMP002197,4822-YCXMX,2024-04-07,Streaming Issue,High,Technical,Open,,
CMP002198,4822-YCXMX,2025-09-07,Installation Delay,High,Technical,Resolved,14.0,1.0
CMP002199,9821-POOTN,2020-05-11,Service Outage,High,Customer Care,Closed,10.0,1.0
CMP002200,6559-ILWKJ,2024-07-01,Service Outage,High,Customer Care,Resolved,10.0,2.0
CMP002201,6559-ILWKJ,2021-09-28,Call Drop,High,Customer Care,In Progress,,
CMP002202,4229-CZMLL,2025-05-11,Frequent Disconnections,Medium,Sales,In Progress,,
CMP002203,3663-MITLP,2020-12-07,Call Drop,High,Billing,In Progress,,
CMP002204,9025-ZRPVR,2025-11-04,Customer Support,Medium,Sales,In Progress,,
CMP002205,9025-ZRPVR,2024-09-25,Billing Complaint,High,Billing,Open,,
CMP002206,9025-ZRPVR,2021-03-03,Payment Issue,High,Customer Care,Open,,
CMP002207,3285-UCQVC,2023-10-25,Low Download Speed,Medium,Sales,Open,,
CMP002208,5482-PLVPE,2025-04-02,Installation Delay,High,Sales,In Progress,,
CMP002209,5482-PLVPE,2024-07-25,Poor Network,Medium,Billing,In Progress,,
CMP002210,5482-PLVPE,2024-05-20,Low Download Speed,High,Billing,Resolved,4.0,3.0
CMP002211,4902-OHLSK,2024-03-11,Poor Customer Support,High,Billing,Closed,3.0,1.0
CMP002212,4902-OHLSK,2021-02-06,Streaming Issue,Medium,Customer Care,Closed,14.0,2.0
CMP002213,4902-OHLSK,2020-12-08,Frequent Disconnections,Low,Customer Care,Open,,
CMP002214,0495-ZBNGW,2023-05-24,Poor Network,High,Billing,Resolved,1.0,3.0
CMP002215,0495-ZBNGW,2023-06-17,Frequent Disconnections,High,Network,Resolved,7.0,3.0
CMP002216,2357-COQEK,2025-05-11,Poor Customer Support,High,Customer Care,Closed,14.0,1.0
CMP002217,2357-COQEK,2025-10-16,Payment Issue,High,Billing,Resolved,4.0,2.0
CMP002218,3737-GCSPV,2022-02-21,Call Drop,High,Technical,Closed,14.0,3.0
CMP002219,3737-GCSPV,2024-10-16,Frequent Disconnections,High,Technical,In Progress,,
CMP002220,3737-GCSPV,2025-11-11,Poor Customer Support,Medium,Customer Care,In Progress,,
CMP002221,4088-YLDSU,2024-12-11,Frequent Disconnections,High,Billing,Closed,4.0,3.0
CMP002222,2034-CGRHZ,2024-06-12,Call Drop,High,Customer Care,Open,,
CMP002223,2034-CGRHZ,2023-05-26,Call Drop,Low,Technical,Resolved,3.0,1.0
CMP002224,5797-APWZC,2023-08-27,Call Drop,High,Network,Closed,11.0,2.0
CMP002225,5797-APWZC,2023-06-13,Service Outage,High,Technical,Resolved,1.0,3.0
CMP002226,5797-APWZC,2022-10-21,Billing Complaint,High,Customer Care,In Progress,,
CMP002227,3683-QKIUE,2023-06-14,Wrong Charges,High,Sales,Resolved,10.0,3.0
CMP002228,3683-QKIUE,2022-12-25,Installation Delay,Medium,Customer Care,Resolved,11.0,3.0
CMP002229,3683-QKIUE,2024-11-17,Installation Delay,Low,Billing,Open,,
CMP002230,4228-ZGYUW,2022-03-06,Frequent Disconnections,Medium,Technical,Closed,7.0,2.0
CMP002231,4228-ZGYUW,2023-10-09,Call Drop,Medium,Customer Care,In Progress,,
CMP002232,3519-ZKXGG,2024-10-04,Poor Network,Medium,Billing,Resolved,1.0,2.0
CMP002233,6416-TVAIH,2025-02-22,Streaming Issue,Medium,Network,Resolved,2.0,1.0
CMP002234,6416-TVAIH,2023-05-09,Service Outage,Medium,Technical,In Progress,,
CMP002235,6416-TVAIH,2024-01-07,Installation Delay,Medium,Technical,Resolved,6.0,2.0
CMP002236,5108-ADXWO,2023-08-27,Payment Issue,High,Sales,Open,,
CMP002237,5108-ADXWO,2024-04-11,Streaming Issue,Medium,Technical,Resolved,11.0,1.0
CMP002238,5108-ADXWO,2023-10-05,Wrong Charges,Low,Network,Resolved,7.0,3.0
CMP002239,3066-RRJIO,2021-09-14,Service Outage,High,Customer Care,In Progress,,
CMP002240,6715-OFDBP,2025-12-03,Low Download Speed,Low,Network,Resolved,11.0,3.0
CMP002241,1567-DSCIC,2020-10-28,Installation Delay,Low,Sales,Resolved,7.0,3.0
CMP002242,1567-DSCIC,2022-12-23,Billing Complaint,High,Network,In Progress,,
CMP002243,1567-DSCIC,2024-04-22,Low Download Speed,High,Customer Care,In Progress,,
CMP002244,2150-UWTFY,2023-12-21,Payment Issue,High,Billing,In Progress,,
CMP002245,2150-UWTFY,2025-02-22,Wrong Charges,Medium,Network,Open,,
CMP002246,2683-BPJSO,2020-05-14,Service Outage,High,Sales,In Progress,,
CMP002247,2683-BPJSO,2025-07-22,Service Outage,High,Billing,Resolved,15.0,1.0
CMP002248,2683-BPJSO,2021-01-02,Poor Network,High,Sales,In Progress,,
CMP002249,2157-MXBJS,2021-12-06,Poor Network,High,Sales,Resolved,10.0,2.0
CMP002250,2157-MXBJS,2021-08-25,Service Outage,High,Network,In Progress,,
CMP002251,9360-AHGNL,2021-08-12,Slow Internet,Medium,Billing,Closed,9.0,2.0
CMP002252,9360-AHGNL,2020-09-11,Payment Issue,High,Billing,Closed,4.0,3.0
CMP002253,1087-UDSIH,2022-04-10,Billing Complaint,Medium,Technical,Open,,
CMP002254,1087-UDSIH,2025-08-15,Customer Support,High,Sales,In Progress,,
CMP002255,1087-UDSIH,2021-04-25,Billing Complaint,Low,Billing,Resolved,7.0,1.0
CMP002256,5485-WUYWF,2022-12-04,Service Outage,Medium,Customer Care,In Progress,,
CMP002257,5485-WUYWF,2022-02-09,Call Drop,Medium,Customer Care,Closed,13.0,3.0
CMP002258,2632-UCGVD,2021-06-21,Streaming Issue,High,Customer Care,Resolved,15.0,3.0
CMP002259,5445-PZWGX,2024-08-06,Poor Customer Support,High,Technical,Open,,
CMP002260,5445-PZWGX,2020-12-02,Slow Internet,Medium,Network,Resolved,12.0,2.0
CMP002261,5445-PZWGX,2024-07-01,Poor Customer Support,Medium,Customer Care,Resolved,9.0,2.0
CMP002262,9170-CCKOU,2024-07-16,Streaming Issue,High,Network,Resolved,3.0,2.0
CMP002263,9170-CCKOU,2023-06-18,Slow Internet,Medium,Customer Care,Open,,
CMP002264,1043-YCUTE,2022-04-11,Billing Complaint,Low,Customer Care,In Progress,,
CMP002265,1043-YCUTE,2021-04-02,Customer Support,Medium,Customer Care,Resolved,15.0,2.0
CMP002266,3814-MLAXC,2022-06-14,Poor Customer Support,Medium,Network,Resolved,14.0,3.0
CMP002267,3814-MLAXC,2020-04-16,Low Download Speed,High,Customer Care,Closed,6.0,2.0
CMP002268,1226-UDFZR,2025-04-23,Wrong Charges,High,Sales,In Progress,,
CMP002269,1226-UDFZR,2021-09-10,Billing Complaint,Medium,Technical,In Progress,,
CMP002270,1226-UDFZR,2020-11-14,Installation Delay,Medium,Network,Open,,
CMP002271,6425-YQLLO,2022-12-12,Payment Issue,High,Billing,Open,,
CMP002272,6425-YQLLO,2024-06-08,Slow Internet,Medium,Billing,Resolved,4.0,1.0
CMP002273,6425-YQLLO,2021-11-04,Poor Network,Low,Billing,Open,,
CMP002274,5442-UTCVD,2020-01-04,Installation Delay,Medium,Sales,Resolved,4.0,2.0
CMP002275,5442-UTCVD,2020-03-02,Poor Network,High,Network,Closed,8.0,3.0
CMP002276,7734-DBOAI,2025-10-15,Payment Issue,High,Sales,Resolved,2.0,1.0
CMP002277,7734-DBOAI,2025-11-24,Low Download Speed,Medium,Technical,Closed,10.0,2.0
CMP002278,7734-DBOAI,2024-12-22,Low Download Speed,High,Sales,In Progress,,
CMP002279,2091-RFFBA,2021-09-13,Installation Delay,Medium,Network,Resolved,5.0,2.0
CMP002280,2114-MGINA,2025-02-03,Poor Network,Low,Billing,Resolved,11.0,1.0
CMP002281,2114-MGINA,2021-09-05,Streaming Issue,High,Customer Care,Open,,
CMP002282,4489-SNOJF,2020-01-26,Wrong Charges,High,Sales,In Progress,,
CMP002283,4489-SNOJF,2020-08-01,Poor Network,High,Technical,Resolved,4.0,3.0
CMP002284,6899-PPEEA,2020-01-15,Call Drop,Medium,Billing,Resolved,3.0,3.0
CMP002285,2187-LZGPL,2023-11-02,Billing Complaint,High,Technical,In Progress,,
CMP002286,2187-LZGPL,2022-01-14,Frequent Disconnections,High,Billing,Resolved,3.0,1.0
CMP002287,4597-NUCQV,2020-02-09,Streaming Issue,High,Customer Care,Open,,
CMP002288,9019-QVLZD,2024-06-01,Poor Customer Support,High,Technical,In Progress,,
CMP002289,9019-QVLZD,2020-12-26,Payment Issue,High,Customer Care,Open,,
CMP002290,9019-QVLZD,2022-08-07,Installation Delay,High,Technical,Closed,9.0,2.0
CMP002291,3707-LRWZD,2023-06-03,Streaming Issue,High,Network,Resolved,6.0,2.0
CMP002292,1455-ESIQH,2023-10-17,Wrong Charges,Medium,Network,Resolved,1.0,1.0
CMP002293,2979-SXESE,2025-03-27,Call Drop,Medium,Network,Resolved,1.0,1.0
CMP002294,2979-SXESE,2021-07-27,Poor Network,High,Technical,Closed,6.0,3.0
CMP002295,2979-SXESE,2021-04-20,Wrong Charges,Medium,Network,Resolved,12.0,3.0
CMP002296,4013-TLDHQ,2022-01-17,Service Outage,High,Customer Care,Resolved,2.0,1.0
CMP002297,3754-DXMRT,2025-03-28,Poor Customer Support,High,Technical,Resolved,12.0,2.0
CMP002298,7130-VTEWQ,2025-05-01,Installation Delay,Medium,Network,Resolved,5.0,1.0
CMP002299,7130-VTEWQ,2023-07-14,Installation Delay,High,Technical,Resolved,7.0,2.0
CMP002300,7130-VTEWQ,2020-02-24,Wrong Charges,High,Technical,Resolved,12.0,3.0
CMP002301,6121-VZNQB,2020-01-21,Billing Complaint,Medium,Sales,Resolved,5.0,1.0
CMP002302,7903-CMPEY,2021-08-02,Installation Delay,Medium,Network,In Progress,,
CMP002303,7903-CMPEY,2020-07-11,Call Drop,Medium,Technical,Resolved,13.0,3.0
CMP002304,7903-CMPEY,2024-01-14,Service Outage,Medium,Sales,Closed,3.0,2.0
CMP002305,6996-KNSML,2021-10-26,Service Outage,Medium,Billing,Resolved,8.0,3.0
CMP002306,6996-KNSML,2022-02-12,Poor Customer Support,Medium,Sales,Resolved,11.0,2.0
CMP002307,1704-NRWYE,2023-06-02,Frequent Disconnections,High,Sales,Open,,
CMP002308,2592-SEIFQ,2021-05-24,Poor Network,High,Billing,Resolved,15.0,3.0
CMP002309,2592-SEIFQ,2022-01-17,Call Drop,High,Sales,Resolved,2.0,3.0
CMP002310,2592-SEIFQ,2025-06-06,Slow Internet,Medium,Network,Resolved,6.0,1.0
CMP002311,7481-ATQQS,2025-01-09,Poor Customer Support,Medium,Sales,Resolved,11.0,1.0
CMP002312,7481-ATQQS,2022-04-27,Installation Delay,Medium,Sales,Resolved,2.0,3.0
CMP002313,8642-GVWRF,2025-12-12,Slow Internet,Medium,Sales,Resolved,9.0,1.0
CMP002314,8642-GVWRF,2022-11-05,Poor Customer Support,Medium,Billing,Closed,12.0,1.0
CMP002315,8642-GVWRF,2020-10-09,Low Download Speed,High,Billing,Open,,
CMP002316,3400-ESFUW,2023-04-20,Billing Complaint,Medium,Sales,Resolved,15.0,2.0
CMP002317,3400-ESFUW,2025-10-02,Slow Internet,High,Network,Resolved,5.0,2.0
CMP002318,2057-ZBLPD,2020-11-15,Installation Delay,High,Sales,Closed,8.0,2.0
CMP002319,2057-ZBLPD,2022-04-19,Streaming Issue,Low,Sales,Resolved,15.0,1.0
CMP002320,5502-RLUYV,2020-01-23,Installation Delay,High,Billing,Closed,1.0,2.0
CMP002321,5502-RLUYV,2020-12-15,Poor Customer Support,High,Network,Open,,
CMP002322,5502-RLUYV,2022-11-23,Streaming Issue,High,Customer Care,Open,,
CMP002323,0023-HGHWL,2024-08-07,Billing Complaint,High,Network,Open,,
CMP002324,9039-RBEEE,2025-10-22,Billing Complaint,High,Sales,Open,,
CMP002325,9039-RBEEE,2022-02-12,Call Drop,Low,Billing,Resolved,8.0,2.0
CMP002326,8417-FMLZI,2020-07-09,Slow Internet,High,Billing,In Progress,,
CMP002327,8417-FMLZI,2020-11-13,Wrong Charges,High,Network,In Progress,,
CMP002328,8417-FMLZI,2022-05-12,Frequent Disconnections,High,Customer Care,Resolved,9.0,3.0
CMP002329,1792-UXAFY,2022-12-09,Low Download Speed,Medium,Sales,Closed,6.0,3.0
CMP002330,0515-YPMCW,2022-05-17,Poor Customer Support,High,Sales,Resolved,11.0,3.0
CMP002331,0515-YPMCW,2025-01-26,Call Drop,High,Customer Care,Resolved,7.0,3.0
CMP002332,0515-YPMCW,2021-12-09,Wrong Charges,High,Sales,Closed,15.0,3.0
CMP002333,0378-XSZPU,2020-04-07,Frequent Disconnections,Low,Network,Resolved,4.0,1.0
CMP002334,4729-XKASR,2022-04-04,Frequent Disconnections,Medium,Billing,In Progress,,
CMP002335,5449-FIBXJ,2020-12-20,Call Drop,Medium,Sales,Closed,9.0,2.0
CMP002336,5449-FIBXJ,2025-11-11,Poor Customer Support,High,Technical,Resolved,13.0,2.0
CMP002337,9837-BMCLM,2021-08-05,Poor Network,High,Technical,Resolved,6.0,2.0
CMP002338,9837-BMCLM,2021-03-26,Poor Customer Support,High,Sales,In Progress,,
CMP002339,0137-UDEUO,2020-09-26,Customer Support,Medium,Technical,Open,,
CMP002340,6161-UUUTA,2021-02-28,Poor Network,High,Technical,Open,,
CMP002341,6161-UUUTA,2021-12-25,Frequent Disconnections,High,Billing,Open,,
CMP002342,6543-XRMYR,2024-06-05,Poor Network,High,Technical,Resolved,1.0,1.0
CMP002343,6543-XRMYR,2024-08-01,Streaming Issue,High,Sales,Closed,2.0,2.0
CMP002344,6543-XRMYR,2023-03-11,Installation Delay,High,Sales,Open,,
CMP002345,4925-LMHOK,2024-11-18,Poor Customer Support,High,Sales,In Progress,,
CMP002346,4925-LMHOK,2025-12-24,Service Outage,Medium,Network,Resolved,10.0,3.0
CMP002347,1455-UGQVH,2022-05-10,Poor Customer Support,Medium,Technical,Closed,6.0,3.0
CMP002348,1455-UGQVH,2020-11-19,Call Drop,High,Technical,Resolved,4.0,3.0
CMP002349,1455-UGQVH,2025-10-26,Payment Issue,High,Sales,Closed,9.0,2.0
CMP002350,8280-MQRQN,2024-07-19,Frequent Disconnections,High,Network,In Progress,,
CMP002351,2037-SGXHH,2023-09-03,Low Download Speed,Medium,Network,In Progress,,
CMP002352,2037-SGXHH,2024-04-13,Slow Internet,Medium,Customer Care,In Progress,,
CMP002353,3178-FESZO,2023-12-02,Slow Internet,Medium,Billing,Closed,8.0,3.0
CMP002354,6087-MVHJH,2022-12-03,Installation Delay,Medium,Customer Care,Open,,
CMP002355,4603-JANFB,2022-12-28,Poor Network,Medium,Network,Closed,4.0,2.0
CMP002356,4603-JANFB,2025-11-01,Frequent Disconnections,High,Network,Open,,
CMP002357,3018-TFTSU,2025-09-23,Payment Issue,High,Network,Resolved,7.0,1.0
CMP002358,3018-TFTSU,2022-07-20,Service Outage,High,Network,Resolved,9.0,2.0
CMP002359,3018-TFTSU,2020-01-24,Slow Internet,Medium,Network,Resolved,14.0,2.0
CMP002360,4806-KEXQR,2024-02-10,Service Outage,Medium,Technical,Closed,9.0,1.0
CMP002361,7083-YNSKY,2021-08-11,Payment Issue,High,Sales,Resolved,1.0,2.0
CMP002362,7083-YNSKY,2020-08-15,Customer Support,Medium,Customer Care,Resolved,14.0,3.0
CMP002363,7083-YNSKY,2024-01-27,Billing Complaint,Medium,Customer Care,Open,,
CMP002364,2479-BRAMR,2020-08-10,Poor Customer Support,Medium,Billing,Resolved,12.0,3.0
CMP002365,2479-BRAMR,2021-07-08,Slow Internet,High,Customer Care,Closed,2.0,2.0
CMP002366,2479-BRAMR,2020-04-08,Poor Network,High,Customer Care,Resolved,14.0,1.0
CMP002367,7434-SHXLS,2020-04-14,Billing Complaint,Medium,Sales,Closed,2.0,2.0
CMP002368,7434-SHXLS,2022-08-24,Payment Issue,Low,Sales,Resolved,10.0,2.0
CMP002369,7908-QCBCA,2020-06-24,Call Drop,High,Sales,In Progress,,
CMP002370,7908-QCBCA,2023-12-07,Poor Network,Medium,Billing,Resolved,1.0,1.0
CMP002371,7908-QCBCA,2024-09-20,Payment Issue,High,Sales,Resolved,10.0,2.0
CMP002372,6711-FLDFB,2021-10-06,Wrong Charges,Medium,Billing,Open,,
CMP002373,6711-FLDFB,2024-03-21,Installation Delay,Medium,Billing,Resolved,2.0,1.0
CMP002374,3714-JTVOV,2024-03-19,Slow Internet,Medium,Billing,Resolved,4.0,1.0
CMP002375,3714-JTVOV,2023-06-05,Streaming Issue,Medium,Technical,Resolved,1.0,2.0
CMP002376,3714-JTVOV,2023-02-10,Streaming Issue,High,Network,Open,,
CMP002377,4702-IOQDC,2021-01-12,Call Drop,High,Customer Care,Resolved,9.0,2.0
CMP002378,4702-IOQDC,2021-04-06,Frequent Disconnections,Medium,Billing,Resolved,4.0,3.0
CMP002379,4702-IOQDC,2022-03-03,Wrong Charges,High,Network,Closed,2.0,3.0
CMP002380,6178-KFNHS,2021-02-24,Service Outage,High,Customer Care,Open,,
CMP002381,6178-KFNHS,2020-12-02,Poor Customer Support,Low,Technical,In Progress,,
CMP002382,1264-BYWMS,2023-09-22,Frequent Disconnections,Medium,Technical,Closed,8.0,2.0
CMP002383,1264-BYWMS,2020-11-09,Payment Issue,Low,Billing,Resolved,9.0,3.0
CMP002384,1264-BYWMS,2021-06-10,Call Drop,Medium,Billing,Open,,
CMP002385,9658-WYUFB,2020-03-09,Poor Customer Support,Medium,Customer Care,Open,,
CMP002386,9658-WYUFB,2023-06-19,Call Drop,Medium,Sales,Resolved,2.0,2.0
CMP002387,2013-SGDXK,2021-11-08,Poor Customer Support,Medium,Customer Care,Resolved,3.0,3.0
CMP002388,8580-QVLOC,2020-12-11,Service Outage,Medium,Sales,Open,,
CMP002389,8580-QVLOC,2023-12-09,Frequent Disconnections,High,Billing,Resolved,5.0,2.0
CMP002390,8580-QVLOC,2020-05-01,Streaming Issue,Medium,Network,Open,,
CMP002391,2012-NWRPA,2020-03-09,Service Outage,High,Sales,Closed,1.0,1.0
CMP002392,2012-NWRPA,2021-11-25,Low Download Speed,Medium,Technical,Resolved,3.0,2.0
CMP002393,8808-ELEHO,2021-03-26,Wrong Charges,Low,Customer Care,Resolved,10.0,1.0
CMP002394,3506-LCJDC,2023-02-03,Payment Issue,Medium,Network,Closed,15.0,3.0
CMP002395,3506-LCJDC,2025-07-19,Billing Complaint,High,Technical,Closed,3.0,3.0
CMP002396,3506-LCJDC,2021-08-28,Payment Issue,Medium,Billing,Open,,
CMP002397,3934-HXCFZ,2021-06-10,Low Download Speed,Medium,Billing,Resolved,13.0,2.0
CMP002398,3934-HXCFZ,2021-02-12,Call Drop,Low,Technical,Open,,
CMP002399,7666-WKRON,2021-02-01,Low Download Speed,Medium,Customer Care,Resolved,9.0,3.0
CMP002400,7666-WKRON,2020-04-16,Low Download Speed,High,Billing,Resolved,11.0,3.0
CMP002401,4910-AQFFX,2024-05-23,Installation Delay,High,Customer Care,Resolved,2.0,1.0
CMP002402,2154-KVJFF,2025-11-02,Poor Network,High,Billing,In Progress,,
CMP002403,2154-KVJFF,2022-02-09,Billing Complaint,Medium,Network,In Progress,,
CMP002404,2154-KVJFF,2025-10-13,Streaming Issue,High,Technical,Resolved,6.0,2.0
CMP002405,9647-ERGBE,2020-07-17,Low Download Speed,High,Network,Resolved,13.0,1.0
CMP002406,9647-ERGBE,2020-11-14,Call Drop,High,Customer Care,In Progress,,
CMP002407,9647-ERGBE,2022-07-13,Poor Network,Low,Customer Care,In Progress,,
CMP002408,3428-XZMAZ,2025-05-28,Streaming Issue,Medium,Network,Resolved,6.0,2.0
CMP002409,0378-TOVMS,2020-02-19,Billing Complaint,Medium,Customer Care,Open,,
CMP002410,0378-TOVMS,2025-05-10,Payment Issue,Low,Sales,Open,,
CMP002411,0378-TOVMS,2025-11-03,Frequent Disconnections,High,Billing,Resolved,14.0,2.0
CMP002412,4355-HBJHH,2025-09-18,Billing Complaint,Low,Technical,Resolved,7.0,2.0
CMP002413,9058-CBREO,2021-06-03,Service Outage,High,Technical,Resolved,5.0,3.0
CMP002414,0318-QUUOB,2020-07-05,Service Outage,High,Customer Care,Closed,2.0,1.0
CMP002415,0318-QUUOB,2024-02-18,Low Download Speed,High,Network,Resolved,14.0,3.0
CMP002416,5520-FVEWJ,2024-01-23,Slow Internet,High,Sales,Open,,
CMP002417,5572-ZDXHY,2024-11-03,Streaming Issue,Medium,Customer Care,Closed,15.0,1.0
CMP002418,3750-CKVKH,2022-07-10,Payment Issue,High,Customer Care,Resolved,6.0,2.0
CMP002419,8063-GBATB,2025-03-15,Call Drop,High,Sales,Closed,8.0,3.0
CMP002420,4547-KQRTM,2021-02-02,Installation Delay,Medium,Sales,Resolved,9.0,1.0
CMP002421,4877-EVATK,2021-09-01,Billing Complaint,Medium,Technical,Resolved,11.0,1.0
CMP002422,7639-SUPCW,2022-03-12,Payment Issue,Medium,Customer Care,Resolved,6.0,1.0
CMP002423,1069-XAIEM,2022-12-15,Service Outage,High,Billing,Closed,2.0,1.0
CMP002424,4658-HCOHW,2025-06-26,Billing Complaint,Low,Technical,Resolved,2.0,2.0
CMP002425,4658-HCOHW,2020-02-16,Slow Internet,High,Technical,Resolved,14.0,2.0
CMP002426,4658-HCOHW,2025-06-06,Poor Customer Support,High,Sales,Closed,13.0,2.0
CMP002427,3440-JPSCL,2021-09-15,Frequent Disconnections,High,Billing,Resolved,15.0,2.0
CMP002428,3440-JPSCL,2022-02-20,Billing Complaint,High,Sales,Closed,1.0,2.0
CMP002429,3440-JPSCL,2020-11-11,Wrong Charges,High,Billing,In Progress,,
CMP002430,2889-FPWRM,2021-12-23,Payment Issue,High,Network,Resolved,13.0,3.0
CMP002431,6987-XQSJT,2023-03-17,Billing Complaint,High,Network,In Progress,,
CMP002432,4290-BSXUX,2022-01-28,Call Drop,Low,Billing,Resolved,2.0,3.0
CMP002433,4290-BSXUX,2022-10-13,Service Outage,High,Network,Resolved,5.0,1.0
CMP002434,0325-XBFAC,2024-01-10,Streaming Issue,Medium,Network,Open,,
CMP002435,2462-XIIJB,2025-08-27,Payment Issue,Medium,Billing,Closed,1.0,1.0
CMP002436,2462-XIIJB,2020-09-28,Payment Issue,High,Technical,Resolved,10.0,2.0
CMP002437,2462-XIIJB,2020-05-17,Slow Internet,Medium,Network,In Progress,,
CMP002438,4760-XOHVN,2024-02-06,Billing Complaint,High,Customer Care,Resolved,2.0,1.0
CMP002439,7817-BOQPW,2023-01-28,Installation Delay,High,Customer Care,Open,,
CMP002440,1853-UDXBW,2020-11-08,Low Download Speed,Low,Customer Care,Open,,
CMP002441,1853-UDXBW,2021-06-12,Frequent Disconnections,High,Billing,Open,,
CMP002442,5458-CQJTA,2024-08-04,Poor Network,High,Customer Care,Open,,
CMP002443,5458-CQJTA,2022-09-15,Service Outage,Medium,Sales,Open,,
CMP002444,5219-YIPTK,2025-10-21,Wrong Charges,High,Technical,Closed,8.0,3.0
CMP002445,5219-YIPTK,2023-04-02,Streaming Issue,High,Sales,Resolved,12.0,1.0
CMP002446,5219-YIPTK,2021-03-04,Payment Issue,High,Sales,Closed,12.0,2.0
CMP002447,3540-RZJYU,2022-05-12,Billing Complaint,High,Billing,Resolved,8.0,2.0
CMP002448,3540-RZJYU,2024-01-22,Call Drop,Low,Customer Care,In Progress,,
CMP002449,2091-MJTFX,2020-06-09,Frequent Disconnections,Medium,Technical,Resolved,14.0,2.0
CMP002450,2091-MJTFX,2022-09-19,Installation Delay,Medium,Customer Care,Open,,
CMP002451,0883-EIBTI,2024-02-21,Payment Issue,High,Sales,Resolved,5.0,1.0
CMP002452,0883-EIBTI,2025-01-26,Customer Support,Medium,Technical,Closed,12.0,3.0
CMP002453,0883-EIBTI,2025-04-23,Customer Support,High,Customer Care,Closed,6.0,2.0
CMP002454,0722-TROQR,2025-01-23,Service Outage,High,Network,In Progress,,
CMP002455,7571-YXDAD,2020-12-07,Installation Delay,High,Technical,Open,,
CMP002456,3393-FMZPV,2020-04-28,Poor Network,High,Technical,Resolved,2.0,3.0
CMP002457,6402-ZFPPI,2020-05-03,Wrong Charges,High,Billing,Resolved,4.0,3.0
CMP002458,6402-ZFPPI,2023-01-24,Low Download Speed,High,Network,Closed,6.0,2.0
CMP002459,7486-KSRVI,2022-03-19,Low Download Speed,High,Sales,In Progress,,
CMP002460,7486-KSRVI,2021-05-20,Poor Network,High,Customer Care,Resolved,9.0,2.0
CMP002461,7486-KSRVI,2020-10-21,Call Drop,High,Billing,Resolved,6.0,2.0
CMP002462,8443-WVPSS,2025-09-26,Wrong Charges,High,Technical,Resolved,3.0,1.0
CMP002463,8443-WVPSS,2024-04-03,Installation Delay,Medium,Sales,Resolved,2.0,2.0
CMP002464,3006-XIMLN,2023-05-08,Call Drop,High,Technical,Closed,1.0,3.0
CMP002465,3006-XIMLN,2025-03-15,Billing Complaint,High,Technical,Resolved,6.0,2.0
CMP002466,9965-YOKZB,2022-06-03,Poor Customer Support,Medium,Sales,Resolved,2.0,3.0
CMP002467,0504-HHAPI,2020-07-21,Slow Internet,Low,Network,Resolved,5.0,3.0
CMP002468,0504-HHAPI,2023-11-11,Billing Complaint,High,Billing,In Progress,,
CMP002469,6305-YLBMM,2025-04-26,Call Drop,Low,Technical,Resolved,14.0,2.0
CMP002470,3647-GMGDH,2020-04-15,Streaming Issue,Medium,Billing,Resolved,8.0,1.0
CMP002471,3791-LGQCY,2024-02-07,Slow Internet,Medium,Customer Care,In Progress,,
CMP002472,3791-LGQCY,2020-10-10,Poor Network,High,Billing,In Progress,,
CMP002473,8166-ZZTFS,2020-07-26,Call Drop,High,Billing,Closed,3.0,1.0
CMP002474,8166-ZZTFS,2024-10-01,Service Outage,High,Network,Closed,12.0,1.0
CMP002475,2956-GGUCQ,2024-03-22,Billing Complaint,Medium,Technical,Resolved,2.0,2.0
CMP002476,6595-COKXZ,2020-05-12,Billing Complaint,High,Billing,Resolved,13.0,2.0
CMP002477,6595-COKXZ,2023-06-05,Installation Delay,High,Customer Care,Open,,
CMP002478,0362-ZBZWJ,2025-08-28,Poor Customer Support,Medium,Sales,Resolved,12.0,1.0
CMP002479,0362-ZBZWJ,2022-03-24,Payment Issue,Medium,Customer Care,Closed,15.0,1.0
CMP002480,0362-ZBZWJ,2022-03-20,Service Outage,Medium,Billing,Open,,
CMP002481,4211-MMAZN,2023-11-18,Customer Support,High,Sales,Resolved,15.0,3.0
CMP002482,4211-MMAZN,2022-03-17,Customer Support,Low,Network,Resolved,3.0,3.0
CMP002483,4274-OWWYO,2023-06-02,Frequent Disconnections,Low,Sales,Closed,7.0,3.0
CMP002484,1541-ETJZO,2021-09-03,Service Outage,Low,Billing,Resolved,8.0,3.0
CMP002485,1541-ETJZO,2024-10-08,Billing Complaint,High,Sales,Resolved,1.0,3.0
CMP002486,4106-HADHQ,2024-01-08,Streaming Issue,Low,Technical,Resolved,1.0,3.0
CMP002487,4106-HADHQ,2023-12-18,Frequent Disconnections,Low,Customer Care,Resolved,11.0,3.0
CMP002488,4106-HADHQ,2025-07-08,Poor Network,High,Customer Care,Resolved,9.0,1.0
CMP002489,2369-UAPKZ,2022-11-13,Low Download Speed,Medium,Billing,In Progress,,
CMP002490,2369-UAPKZ,2025-05-13,Wrong Charges,High,Billing,Resolved,9.0,1.0
CMP002491,2369-UAPKZ,2022-09-02,Call Drop,High,Billing,In Progress,,
CMP002492,2778-OCLGR,2024-10-14,Wrong Charges,Medium,Network,In Progress,,
CMP002493,2778-OCLGR,2022-05-16,Poor Customer Support,High,Customer Care,Resolved,10.0,1.0
CMP002494,2778-OCLGR,2020-06-10,Billing Complaint,High,Network,Resolved,14.0,1.0
CMP002495,0637-KVDLV,2025-03-20,Billing Complaint,Medium,Technical,Closed,14.0,1.0
CMP002496,0637-KVDLV,2023-05-14,Slow Internet,High,Network,Resolved,13.0,2.0
CMP002497,6633-MPWBS,2023-06-26,Poor Network,High,Customer Care,Resolved,5.0,2.0
CMP002498,6633-MPWBS,2021-07-02,Service Outage,Low,Billing,Resolved,10.0,3.0
CMP002499,8785-EPNCG,2025-11-09,Payment Issue,Medium,Sales,Resolved,1.0,1.0
CMP002500,5729-KLZAR,2021-07-06,Streaming Issue,High,Sales,In Progress,,
CMP002501,5729-KLZAR,2020-07-14,Installation Delay,Low,Billing,Open,,
CMP002502,5729-KLZAR,2022-08-22,Wrong Charges,Low,Billing,Closed,6.0,2.0
CMP002503,1582-RAFML,2020-09-21,Frequent Disconnections,Medium,Network,Open,,
CMP002504,1582-RAFML,2024-04-15,Call Drop,Medium,Network,Open,,
CMP002505,8740-CRYFY,2020-11-20,Billing Complaint,Medium,Network,In Progress,,
CMP002506,8740-CRYFY,2025-02-23,Service Outage,Medium,Technical,Resolved,11.0,1.0
CMP002507,8740-CRYFY,2022-05-18,Payment Issue,Low,Technical,Closed,10.0,3.0
CMP002508,2962-XPMCQ,2022-03-01,Poor Network,Low,Sales,Resolved,4.0,3.0
CMP002509,1678-FYZOW,2024-04-13,Billing Complaint,High,Network,Resolved,15.0,3.0
CMP002510,1678-FYZOW,2025-03-12,Poor Network,High,Network,Closed,14.0,2.0
CMP002511,1678-FYZOW,2025-06-24,Low Download Speed,High,Technical,Closed,12.0,1.0
CMP002512,8627-EHGIP,2025-09-19,Slow Internet,Medium,Sales,Resolved,10.0,2.0
CMP002513,8627-EHGIP,2021-12-27,Billing Complaint,Medium,Sales,Open,,
CMP002514,5480-TBGPH,2021-05-07,Slow Internet,Low,Technical,Resolved,4.0,1.0
CMP002515,5480-TBGPH,2025-12-07,Frequent Disconnections,Low,Sales,Resolved,7.0,3.0
CMP002516,5480-TBGPH,2022-05-15,Low Download Speed,High,Customer Care,Resolved,4.0,1.0
CMP002517,8854-CCVSQ,2023-04-09,Call Drop,High,Sales,In Progress,,
CMP002518,8854-CCVSQ,2021-10-04,Call Drop,High,Network,In Progress,,
CMP002519,0511-JTEOY,2024-06-05,Wrong Charges,Medium,Billing,Resolved,8.0,1.0
CMP002520,0511-JTEOY,2024-02-24,Call Drop,Medium,Technical,Closed,13.0,1.0
CMP002521,0511-JTEOY,2021-12-26,Payment Issue,High,Sales,Closed,2.0,2.0
CMP002522,7067-KSAZT,2024-09-25,Service Outage,Medium,Billing,Resolved,6.0,3.0
CMP002523,7067-KSAZT,2024-05-03,Installation Delay,Medium,Sales,Resolved,13.0,1.0
CMP002524,7067-KSAZT,2021-01-10,Call Drop,High,Network,Resolved,8.0,2.0
CMP002525,6532-YLWSI,2022-07-02,Payment Issue,Medium,Technical,Open,,
CMP002526,6532-YLWSI,2022-08-15,Payment Issue,High,Sales,Closed,14.0,3.0
CMP002527,9300-AGZNL,2024-01-15,Frequent Disconnections,Medium,Network,Resolved,10.0,2.0
CMP002528,1112-CUNAO,2022-07-07,Low Download Speed,High,Billing,Resolved,8.0,3.0
CMP002529,5175-AOBHI,2021-07-13,Wrong Charges,High,Customer Care,Closed,4.0,2.0
CMP002530,5174-RNGBH,2021-02-09,Streaming Issue,Medium,Sales,Resolved,3.0,3.0
CMP002531,7270-BDIOA,2025-08-05,Slow Internet,High,Customer Care,Open,,
CMP002532,7270-BDIOA,2022-02-11,Service Outage,High,Technical,Closed,7.0,1.0
CMP002533,9565-JSNFM,2025-09-21,Service Outage,Low,Billing,Closed,5.0,3.0
CMP002534,9565-JSNFM,2024-05-05,Slow Internet,Low,Customer Care,Resolved,10.0,3.0
CMP002535,0607-DAAHE,2024-07-16,Customer Support,Medium,Technical,Open,,
CMP002536,0607-DAAHE,2021-06-06,Customer Support,Medium,Sales,In Progress,,
CMP002537,9732-KPKBW,2020-06-07,Streaming Issue,High,Sales,Open,,
CMP002538,9732-KPKBW,2022-03-16,Poor Network,Medium,Technical,Resolved,2.0,1.0
CMP002539,9732-KPKBW,2020-11-13,Frequent Disconnections,High,Billing,In Progress,,
CMP002540,3389-YGYAI,2022-03-02,Slow Internet,Medium,Network,Closed,1.0,3.0
CMP002541,3389-YGYAI,2025-08-03,Installation Delay,High,Network,Resolved,9.0,2.0
CMP002542,9560-ARGQJ,2021-11-18,Poor Customer Support,Low,Technical,In Progress,,
CMP002543,9560-ARGQJ,2020-03-09,Frequent Disconnections,Medium,Billing,In Progress,,
CMP002544,5134-IKDAY,2024-07-07,Installation Delay,High,Technical,Closed,5.0,2.0
CMP002545,5134-IKDAY,2021-02-27,Wrong Charges,Low,Sales,Resolved,14.0,2.0
CMP002546,5134-IKDAY,2022-06-26,Frequent Disconnections,Medium,Technical,In Progress,,
CMP002547,3070-DVEYC,2023-02-26,Frequent Disconnections,Low,Technical,Resolved,2.0,3.0
CMP002548,3070-DVEYC,2024-07-28,Low Download Speed,Medium,Customer Care,Resolved,9.0,3.0
CMP002549,3070-DVEYC,2025-10-03,Call Drop,Medium,Customer Care,Closed,9.0,3.0
CMP002550,5707-ORNDZ,2021-04-12,Billing Complaint,High,Network,Closed,2.0,2.0
CMP002551,8696-JKZNU,2021-07-27,Billing Complaint,Medium,Technical,Closed,7.0,2.0
CMP002552,8696-JKZNU,2024-12-28,Billing Complaint,High,Billing,In Progress,,
CMP002553,8696-JKZNU,2020-07-07,Poor Network,High,Technical,Closed,12.0,2.0
CMP002554,5380-AFSSK,2025-10-20,Billing Complaint,Medium,Network,In Progress,,
CMP002555,5380-AFSSK,2023-12-04,Installation Delay,Medium,Customer Care,Open,,
CMP002556,2055-PDADH,2025-02-09,Billing Complaint,High,Technical,Resolved,6.0,2.0
CMP002557,8714-EUHJO,2025-03-24,Slow Internet,High,Sales,In Progress,,
CMP002558,8714-EUHJO,2022-05-15,Billing Complaint,High,Billing,Closed,5.0,3.0
CMP002559,3721-CNEYS,2020-05-20,Installation Delay,High,Billing,Resolved,4.0,2.0
CMP002560,3721-CNEYS,2021-07-01,Slow Internet,High,Sales,Resolved,11.0,1.0
CMP002561,3721-CNEYS,2020-09-01,Call Drop,Low,Billing,In Progress,,
CMP002562,2568-OIADY,2024-08-13,Call Drop,High,Technical,Closed,4.0,2.0
CMP002563,2568-OIADY,2021-08-28,Low Download Speed,Low,Network,Closed,7.0,3.0
CMP002564,2568-OIADY,2022-11-19,Installation Delay,High,Technical,Open,,
CMP002565,1193-RTSLK,2023-08-25,Call Drop,High,Customer Care,Resolved,9.0,3.0
CMP002566,1193-RTSLK,2023-08-19,Slow Internet,High,Sales,Resolved,1.0,3.0
CMP002567,1193-RTSLK,2020-03-23,Frequent Disconnections,Medium,Sales,Open,,
CMP002568,2302-ANTDP,2022-06-06,Payment Issue,Medium,Billing,Resolved,3.0,1.0
CMP002569,2302-ANTDP,2021-06-21,Streaming Issue,Medium,Network,Closed,12.0,1.0
CMP002570,2302-ANTDP,2022-04-21,Wrong Charges,High,Sales,In Progress,,
CMP002571,5923-GXUOC,2023-01-17,Low Download Speed,High,Sales,Resolved,13.0,1.0
CMP002572,5923-GXUOC,2025-02-06,Streaming Issue,High,Network,Resolved,6.0,3.0
CMP002573,5923-GXUOC,2021-09-17,Low Download Speed,High,Technical,In Progress,,
CMP002574,5233-GEEAX,2020-09-05,Slow Internet,High,Technical,Resolved,11.0,1.0
CMP002575,4432-ADRLB,2024-11-13,Installation Delay,Medium,Billing,Open,,
CMP002576,4432-ADRLB,2021-02-27,Wrong Charges,Low,Network,Open,,
CMP002577,4432-ADRLB,2023-02-11,Call Drop,High,Sales,Open,,
CMP002578,8993-PHFWD,2025-02-23,Billing Complaint,High,Customer Care,Resolved,14.0,2.0
CMP002579,1565-RHDJD,2022-01-26,Low Download Speed,Medium,Technical,Resolved,13.0,2.0
CMP002580,1565-RHDJD,2021-01-08,Poor Network,High,Billing,Resolved,15.0,3.0
CMP002581,7137-RYLPP,2025-10-11,Payment Issue,High,Network,Resolved,12.0,2.0
CMP002582,3765-JXVKY,2025-08-20,Streaming Issue,High,Technical,Resolved,3.0,2.0
CMP002583,7330-WZLNC,2025-08-04,Streaming Issue,Medium,Billing,Resolved,9.0,3.0
CMP002584,3957-LXOLK,2020-02-24,Payment Issue,Medium,Network,Closed,4.0,3.0
CMP002585,6635-MYYYZ,2022-09-18,Billing Complaint,Low,Billing,Closed,7.0,2.0
CMP002586,6635-MYYYZ,2025-06-22,Billing Complaint,Low,Billing,Resolved,9.0,3.0
CMP002587,6635-MYYYZ,2022-03-28,Installation Delay,Medium,Billing,Resolved,13.0,1.0
CMP002588,5281-BUZGT,2023-08-20,Call Drop,High,Sales,Resolved,3.0,2.0
CMP002589,5281-BUZGT,2020-07-18,Service Outage,Medium,Customer Care,Resolved,2.0,2.0
CMP002590,5281-BUZGT,2021-04-08,Streaming Issue,Medium,Customer Care,Open,,
CMP002591,5378-IKEEG,2025-10-22,Call Drop,Low,Technical,Open,,
CMP002592,5378-IKEEG,2023-06-23,Billing Complaint,Low,Network,In Progress,,
CMP002593,5378-IKEEG,2022-04-03,Installation Delay,High,Technical,Open,,
CMP002594,2718-GAXQD,2024-05-28,Call Drop,High,Billing,Resolved,4.0,2.0
CMP002595,2718-GAXQD,2024-12-08,Installation Delay,High,Customer Care,Resolved,8.0,1.0
CMP002596,6413-XKKPU,2025-06-15,Low Download Speed,High,Sales,Resolved,8.0,1.0
CMP002597,1449-XQEMT,2022-10-23,Billing Complaint,Low,Customer Care,Resolved,14.0,1.0
CMP002598,2626-URJFX,2024-08-09,Poor Customer Support,Medium,Sales,In Progress,,
CMP002599,2626-URJFX,2023-11-25,Installation Delay,Medium,Sales,In Progress,,
CMP002600,2626-URJFX,2022-04-13,Streaming Issue,Low,Billing,Resolved,3.0,3.0
CMP002601,2612-RRIDN,2020-05-08,Streaming Issue,Low,Technical,Resolved,5.0,2.0
CMP002602,2612-RRIDN,2023-01-18,Poor Customer Support,Low,Billing,Closed,2.0,3.0
CMP002603,4735-ASGMA,2025-08-06,Frequent Disconnections,High,Technical,Closed,15.0,2.0
CMP002604,4735-ASGMA,2025-12-21,Low Download Speed,Medium,Customer Care,Resolved,2.0,2.0
CMP002605,3669-LVWZB,2022-09-22,Streaming Issue,High,Customer Care,Closed,6.0,2.0
CMP002606,3669-LVWZB,2020-06-06,Poor Customer Support,Medium,Sales,Closed,9.0,1.0
CMP002607,6892-EZDTG,2021-11-04,Service Outage,Medium,Billing,Resolved,12.0,3.0
CMP002608,9725-SCPZG,2021-03-11,Service Outage,High,Billing,In Progress,,
CMP002609,9725-SCPZG,2022-09-15,Billing Complaint,High,Sales,Open,,
CMP002610,9725-SCPZG,2020-08-12,Wrong Charges,High,Billing,Open,,
CMP002611,5884-GCYMI,2021-02-08,Low Download Speed,High,Sales,In Progress,,
CMP002612,3217-FZDMN,2024-01-05,Payment Issue,High,Network,Closed,13.0,3.0
CMP002613,3217-FZDMN,2024-09-28,Poor Customer Support,Medium,Billing,Resolved,2.0,1.0
CMP002614,3217-FZDMN,2024-03-23,Poor Customer Support,High,Technical,Resolved,5.0,1.0
CMP002615,7853-GVUDZ,2024-08-28,Payment Issue,Low,Customer Care,Resolved,5.0,1.0
CMP002616,7480-QNVZJ,2025-08-03,Slow Internet,Medium,Sales,Closed,1.0,1.0
CMP002617,7480-QNVZJ,2025-09-17,Frequent Disconnections,High,Customer Care,Resolved,7.0,3.0
CMP002618,7480-QNVZJ,2024-05-09,Streaming Issue,High,Network,Open,,
CMP002619,3943-KDREE,2020-11-08,Installation Delay,Low,Network,Resolved,13.0,1.0
CMP002620,9239-ZBZZV,2023-06-02,Low Download Speed,Medium,Sales,Resolved,9.0,1.0
CMP002621,9239-ZBZZV,2021-03-09,Wrong Charges,Medium,Customer Care,Resolved,12.0,2.0
CMP002622,9239-ZBZZV,2022-04-14,Call Drop,Medium,Sales,In Progress,,
CMP002623,4398-HSCJH,2025-06-02,Poor Network,High,Customer Care,Closed,3.0,3.0
CMP002624,4430-UZIPO,2022-10-18,Wrong Charges,High,Technical,Closed,8.0,2.0
CMP002625,4430-UZIPO,2025-08-12,Frequent Disconnections,Low,Sales,In Progress,,
CMP002626,4430-UZIPO,2025-02-01,Frequent Disconnections,Medium,Customer Care,In Progress,,
CMP002627,4855-SNKMY,2024-01-26,Billing Complaint,High,Customer Care,Closed,8.0,3.0
CMP002628,4855-SNKMY,2024-09-19,Installation Delay,High,Sales,Resolved,15.0,3.0
CMP002629,4855-SNKMY,2023-03-01,Service Outage,High,Customer Care,Open,,
CMP002630,8008-HAWED,2023-10-04,Service Outage,High,Sales,Resolved,4.0,3.0
CMP002631,8008-HAWED,2020-07-20,Payment Issue,Medium,Customer Care,Closed,11.0,3.0
CMP002632,8008-HAWED,2020-07-07,Slow Internet,High,Technical,Resolved,15.0,1.0
CMP002633,7124-UGSUR,2023-02-15,Low Download Speed,High,Network,Resolved,4.0,2.0
CMP002634,7124-UGSUR,2020-05-02,Streaming Issue,High,Customer Care,Resolved,15.0,1.0
CMP002635,7124-UGSUR,2024-05-18,Poor Network,High,Customer Care,Resolved,8.0,2.0
CMP002636,1862-SKORY,2021-01-19,Poor Network,High,Customer Care,Resolved,12.0,1.0
CMP002637,1862-SKORY,2024-10-07,Service Outage,Medium,Technical,Open,,
CMP002638,1502-XFCVR,2020-03-01,Billing Complaint,Medium,Technical,Resolved,14.0,3.0
CMP002639,1502-XFCVR,2025-02-23,Frequent Disconnections,High,Technical,In Progress,,
CMP002640,9692-TUSXH,2024-06-25,Service Outage,High,Technical,Open,,
CMP002641,7912-SYRQT,2025-11-28,Service Outage,Medium,Technical,Resolved,13.0,3.0
CMP002642,7912-SYRQT,2021-08-05,Frequent Disconnections,High,Network,Resolved,10.0,2.0
CMP002643,4816-JBHOV,2024-10-10,Call Drop,Low,Customer Care,Resolved,13.0,3.0
CMP002644,4816-JBHOV,2021-02-10,Low Download Speed,Low,Sales,Resolved,15.0,2.0
CMP002645,8292-TYSPY,2023-03-03,Frequent Disconnections,High,Customer Care,Resolved,4.0,1.0
CMP002646,8292-TYSPY,2024-12-27,Low Download Speed,Medium,Customer Care,In Progress,,
CMP002647,8292-TYSPY,2024-07-07,Service Outage,Medium,Technical,Resolved,8.0,1.0
CMP002648,1867-BDVFH,2021-01-08,Call Drop,Low,Billing,Resolved,10.0,1.0
CMP002649,2359-QWQUL,2025-09-05,Call Drop,High,Sales,In Progress,,
CMP002650,9103-TCIHJ,2024-07-22,Frequent Disconnections,Low,Billing,Open,,
CMP002651,9103-TCIHJ,2025-12-10,Billing Complaint,High,Network,Resolved,1.0,3.0
CMP002652,9103-TCIHJ,2023-09-20,Poor Customer Support,Medium,Billing,Resolved,3.0,2.0
CMP002653,4140-WJAWW,2025-03-25,Customer Support,High,Sales,In Progress,,
CMP002654,6653-CBBOM,2020-01-18,Installation Delay,High,Billing,Resolved,10.0,3.0
CMP002655,3247-ZVOUO,2024-07-27,Streaming Issue,Medium,Billing,In Progress,,
CMP002656,3247-ZVOUO,2020-03-19,Billing Complaint,Medium,Network,Resolved,11.0,3.0
CMP002657,6101-IMRMM,2022-12-15,Billing Complaint,Low,Customer Care,Resolved,1.0,3.0
CMP002658,1268-ASBGA,2023-11-09,Payment Issue,Medium,Network,Resolved,2.0,2.0
CMP002659,1268-ASBGA,2025-11-22,Billing Complaint,Low,Billing,In Progress,,
CMP002660,8943-URTMR,2020-01-21,Service Outage,Medium,Network,Closed,5.0,1.0
CMP002661,4713-LZDRV,2024-02-14,Installation Delay,Low,Sales,Closed,14.0,3.0
CMP002662,4713-LZDRV,2021-02-27,Billing Complaint,High,Sales,Resolved,13.0,3.0
CMP002663,4325-NFSKC,2024-12-26,Poor Customer Support,Medium,Technical,In Progress,,
CMP002664,4325-NFSKC,2021-06-17,Service Outage,Medium,Billing,Open,,
CMP002665,4325-NFSKC,2021-10-15,Payment Issue,High,Sales,Open,,
CMP002666,2955-PSXOE,2025-03-27,Billing Complaint,High,Sales,Resolved,12.0,1.0
CMP002667,2955-PSXOE,2023-10-28,Billing Complaint,High,Customer Care,Closed,7.0,2.0
CMP002668,7762-URZQH,2023-04-25,Billing Complaint,High,Billing,Open,,
CMP002669,7762-URZQH,2023-08-11,Wrong Charges,High,Technical,Resolved,1.0,1.0
CMP002670,7762-URZQH,2023-10-21,Frequent Disconnections,Low,Sales,Resolved,7.0,2.0
CMP002671,6907-NZZIJ,2021-08-02,Frequent Disconnections,High,Customer Care,In Progress,,
CMP002672,6907-NZZIJ,2023-11-19,Installation Delay,Medium,Billing,Open,,
CMP002673,6907-NZZIJ,2020-03-27,Installation Delay,Medium,Customer Care,Resolved,2.0,2.0
CMP002674,2911-UREFD,2024-11-23,Frequent Disconnections,High,Customer Care,Open,,
CMP002675,2911-UREFD,2025-03-26,Call Drop,High,Technical,Resolved,1.0,3.0
CMP002676,2911-UREFD,2025-10-22,Poor Network,Medium,Customer Care,Closed,3.0,2.0
CMP002677,3744-ZRRDZ,2025-05-01,Service Outage,Medium,Customer Care,Resolved,8.0,1.0
CMP002678,5673-TIYIB,2023-07-11,Payment Issue,High,Sales,Open,,
CMP002679,1602-IJQQE,2023-06-04,Payment Issue,Low,Sales,Closed,13.0,1.0
CMP002680,1602-IJQQE,2021-12-15,Installation Delay,High,Customer Care,In Progress,,
CMP002681,4628-WQCQQ,2024-08-11,Payment Issue,High,Sales,Resolved,7.0,1.0
CMP002682,4628-WQCQQ,2025-09-16,Billing Complaint,High,Sales,Closed,13.0,2.0
CMP002683,1644-IRKSF,2024-12-26,Call Drop,High,Billing,In Progress,,
CMP002684,3705-PSNGL,2021-01-10,Billing Complaint,Low,Sales,Closed,5.0,3.0
CMP002685,3705-PSNGL,2024-05-24,Payment Issue,Low,Technical,Resolved,4.0,1.0
CMP002686,6502-HCJTI,2023-01-02,Poor Customer Support,Medium,Billing,Open,,
CMP002687,2606-RMDHZ,2024-06-08,Poor Network,High,Billing,Resolved,6.0,3.0
CMP002688,8258-GSTJK,2024-04-05,Poor Customer Support,Medium,Customer Care,In Progress,,
CMP002689,8258-GSTJK,2022-10-07,Call Drop,Low,Sales,In Progress,,
CMP002690,6861-OKBCE,2024-03-10,Customer Support,High,Sales,Closed,7.0,2.0
CMP002691,6861-OKBCE,2021-08-22,Payment Issue,High,Network,Closed,13.0,1.0
CMP002692,6861-OKBCE,2020-01-28,Billing Complaint,High,Sales,Resolved,3.0,2.0
CMP002693,9940-RHLFB,2021-02-26,Frequent Disconnections,Medium,Network,Open,,
CMP002694,9940-RHLFB,2020-06-24,Payment Issue,High,Network,Resolved,6.0,3.0
CMP002695,2995-UPRYS,2020-12-27,Payment Issue,Low,Sales,Open,,
CMP002696,2995-UPRYS,2024-09-21,Payment Issue,High,Sales,Open,,
CMP002697,2995-UPRYS,2024-04-06,Frequent Disconnections,High,Customer Care,Closed,12.0,1.0
CMP002698,6686-YPGHK,2024-06-10,Poor Network,High,Customer Care,Closed,12.0,2.0
CMP002699,1383-EZRWL,2025-06-17,Billing Complaint,Low,Customer Care,In Progress,,
CMP002700,4759-TRPLW,2021-03-03,Slow Internet,High,Customer Care,Closed,1.0,1.0
CMP002701,8563-IIOXK,2021-10-12,Call Drop,High,Sales,Resolved,15.0,1.0
CMP002702,8563-IIOXK,2022-03-11,Slow Internet,High,Sales,Resolved,12.0,3.0
CMP002703,8563-IIOXK,2024-02-18,Payment Issue,High,Sales,Closed,10.0,3.0
CMP002704,8020-BWHYL,2021-03-18,Payment Issue,High,Network,Resolved,5.0,1.0
CMP002705,8020-BWHYL,2023-12-02,Streaming Issue,Low,Technical,Resolved,14.0,3.0
CMP002706,2982-VPSGI,2022-12-07,Slow Internet,High,Network,Resolved,10.0,3.0
CMP002707,2982-VPSGI,2024-03-23,Frequent Disconnections,Medium,Network,Resolved,10.0,3.0
CMP002708,2982-VPSGI,2020-09-02,Slow Internet,Medium,Customer Care,Closed,11.0,1.0
CMP002709,8199-ZLLSA,2025-02-06,Low Download Speed,Low,Technical,In Progress,,
CMP002710,8199-ZLLSA,2020-02-26,Payment Issue,Low,Sales,Open,,
CMP002711,8199-ZLLSA,2021-11-15,Call Drop,Medium,Technical,Closed,2.0,2.0
CMP002712,4625-EWPTF,2023-10-07,Service Outage,High,Network,In Progress,,
CMP002713,4625-EWPTF,2021-09-08,Payment Issue,High,Sales,Closed,9.0,2.0
CMP002714,5980-NOPLP,2024-06-06,Streaming Issue,Medium,Network,Open,,
CMP002715,5980-NOPLP,2021-02-04,Payment Issue,Medium,Network,Resolved,10.0,2.0
CMP002716,6892-XPFPU,2021-01-08,Streaming Issue,Medium,Network,Resolved,15.0,3.0
CMP002717,6892-XPFPU,2022-05-22,Call Drop,Low,Customer Care,Resolved,13.0,1.0
CMP002718,6892-XPFPU,2024-08-11,Billing Complaint,Low,Sales,In Progress,,
CMP002719,8010-EZLOU,2023-02-22,Slow Internet,High,Network,Resolved,7.0,3.0
CMP002720,9874-QLCLH,2020-08-18,Poor Network,Medium,Sales,Closed,4.0,2.0
CMP002721,8062-YBDOE,2021-05-11,Poor Customer Support,High,Sales,Resolved,11.0,2.0
CMP002722,6000-APYLU,2020-07-28,Service Outage,High,Billing,In Progress,,
CMP002723,0947-IDHRQ,2022-06-18,Payment Issue,High,Billing,Resolved,15.0,1.0
CMP002724,0947-IDHRQ,2022-11-27,Poor Network,Low,Billing,In Progress,,
CMP002725,3672-YITQD,2021-12-16,Billing Complaint,High,Customer Care,Open,,
CMP002726,3672-YITQD,2024-03-05,Slow Internet,High,Technical,Closed,2.0,2.0
CMP002727,3672-YITQD,2023-11-20,Service Outage,High,Sales,In Progress,,
CMP002728,9048-JVYVF,2020-01-15,Installation Delay,High,Billing,Open,,
CMP002729,9048-JVYVF,2025-01-12,Frequent Disconnections,High,Technical,Resolved,5.0,1.0
CMP002730,8988-ECPJR,2021-05-12,Streaming Issue,High,Network,Resolved,12.0,1.0
CMP002731,3776-EKTKM,2020-08-23,Frequent Disconnections,High,Network,Resolved,4.0,2.0
CMP002732,3776-EKTKM,2024-08-09,Payment Issue,High,Network,Closed,5.0,3.0
CMP002733,3776-EKTKM,2024-08-11,Payment Issue,High,Billing,Closed,5.0,2.0
CMP002734,1902-XBTFB,2020-05-14,Low Download Speed,High,Customer Care,Open,,
CMP002735,1902-XBTFB,2020-09-16,Service Outage,Low,Billing,Resolved,9.0,3.0
CMP002736,0643-OKLRP,2023-10-24,Installation Delay,High,Technical,Open,,
CMP002737,0643-OKLRP,2023-02-23,Poor Network,Medium,Billing,Resolved,5.0,3.0
CMP002738,0643-OKLRP,2021-09-07,Payment Issue,High,Customer Care,Resolved,7.0,3.0
CMP002739,9381-NDKME,2025-04-19,Wrong Charges,Low,Billing,Resolved,3.0,2.0
CMP002740,9381-NDKME,2023-05-26,Poor Network,High,Technical,Closed,4.0,1.0
CMP002741,9381-NDKME,2021-12-02,Payment Issue,High,Billing,Resolved,13.0,2.0
CMP002742,2794-XIMMO,2024-11-08,Frequent Disconnections,High,Network,Resolved,10.0,2.0
CMP002743,2794-XIMMO,2020-07-27,Call Drop,High,Network,Closed,14.0,2.0
CMP002744,2794-XIMMO,2025-07-15,Billing Complaint,High,Network,Resolved,9.0,3.0
CMP002745,8382-SHQEH,2022-09-10,Poor Customer Support,High,Sales,In Progress,,
CMP002746,8382-SHQEH,2022-07-23,Frequent Disconnections,High,Customer Care,Resolved,12.0,3.0
CMP002747,8382-SHQEH,2024-08-14,Low Download Speed,Medium,Sales,In Progress,,
CMP002748,2983-ZANRP,2025-01-22,Poor Customer Support,Medium,Customer Care,Closed,6.0,3.0
CMP002749,7845-URHJN,2023-08-08,Payment Issue,High,Technical,Resolved,15.0,2.0
CMP002750,3034-ZBEQN,2021-02-03,Call Drop,Low,Billing,Open,,
CMP002751,3034-ZBEQN,2024-10-24,Slow Internet,Medium,Technical,Closed,7.0,2.0
CMP002752,8327-LZKAS,2022-02-16,Streaming Issue,Low,Customer Care,Open,,
CMP002753,8327-LZKAS,2025-03-21,Wrong Charges,High,Technical,Resolved,11.0,1.0
CMP002754,8327-LZKAS,2024-04-20,Streaming Issue,Medium,Sales,Resolved,13.0,3.0
CMP002755,1075-BGWOH,2022-11-06,Streaming Issue,High,Network,Resolved,13.0,1.0
CMP002756,0302-JOIVN,2023-03-12,Service Outage,Medium,Network,Resolved,3.0,3.0
CMP002757,0302-JOIVN,2021-05-24,Payment Issue,Medium,Sales,Open,,
CMP002758,0302-JOIVN,2023-05-03,Slow Internet,High,Sales,Closed,12.0,2.0
CMP002759,5366-IJEQJ,2025-08-17,Streaming Issue,High,Network,In Progress,,
CMP002760,5366-IJEQJ,2022-11-21,Wrong Charges,High,Sales,Closed,9.0,3.0
CMP002761,5366-IJEQJ,2025-07-09,Slow Internet,Medium,Network,Resolved,4.0,1.0
CMP002762,1981-INRFU,2023-08-11,Wrong Charges,High,Network,Resolved,10.0,3.0
CMP002763,4971-PUYQO,2023-06-08,Wrong Charges,Medium,Network,Resolved,9.0,1.0
CMP002764,4971-PUYQO,2022-04-22,Installation Delay,Medium,Sales,Resolved,14.0,3.0
CMP002765,8485-GJCDN,2021-06-11,Poor Network,High,Billing,Resolved,4.0,1.0
CMP002766,1527-SXDPN,2020-09-25,Billing Complaint,High,Sales,Closed,7.0,2.0
CMP002767,1527-SXDPN,2020-01-27,Billing Complaint,Low,Sales,Resolved,6.0,1.0
CMP002768,1527-SXDPN,2021-12-27,Low Download Speed,High,Technical,In Progress,,
CMP002769,6029-WTIPC,2023-10-25,Frequent Disconnections,Medium,Network,Resolved,5.0,3.0
CMP002770,6029-WTIPC,2021-08-06,Wrong Charges,Low,Technical,In Progress,,
CMP002771,8634-CILSZ,2022-05-05,Poor Network,Low,Sales,Closed,8.0,1.0
CMP002772,8634-CILSZ,2021-12-12,Wrong Charges,High,Sales,In Progress,,
CMP002773,6682-QJDGB,2025-04-07,Slow Internet,High,Customer Care,Resolved,11.0,2.0
CMP002774,8780-IXSTS,2023-03-26,Call Drop,Medium,Customer Care,Open,,
CMP002775,9530-EHPOH,2022-08-24,Poor Customer Support,Low,Technical,Resolved,10.0,2.0
CMP002776,9530-EHPOH,2022-09-18,Poor Network,High,Billing,Open,,
CMP002777,0345-HKJVM,2020-12-02,Poor Network,High,Network,Closed,1.0,3.0
CMP002778,0345-HKJVM,2021-06-28,Billing Complaint,High,Billing,Closed,3.0,2.0
CMP002779,3049-SOLAY,2024-04-22,Poor Customer Support,High,Technical,Resolved,12.0,3.0
CMP002780,3049-SOLAY,2020-09-17,Payment Issue,Medium,Customer Care,Open,,
CMP002781,3049-SOLAY,2024-07-22,Payment Issue,Low,Network,In Progress,,
CMP002782,3317-HRTNN,2025-03-12,Poor Network,High,Customer Care,Open,,
CMP002783,3235-ETOOB,2021-10-10,Poor Customer Support,High,Billing,Resolved,11.0,1.0
CMP002784,3235-ETOOB,2024-05-20,Call Drop,High,Network,Closed,9.0,1.0
CMP002785,8058-INTPH,2023-02-26,Service Outage,High,Network,Closed,14.0,2.0
CMP002786,8058-INTPH,2020-08-05,Installation Delay,High,Customer Care,In Progress,,
CMP002787,5569-OUICF,2020-08-14,Call Drop,High,Sales,Resolved,7.0,2.0
CMP002788,5569-OUICF,2022-03-28,Payment Issue,High,Technical,Open,,
CMP002789,5569-OUICF,2023-10-12,Slow Internet,Medium,Technical,In Progress,,
CMP002790,8821-XNHVZ,2022-08-26,Service Outage,Low,Billing,Resolved,13.0,2.0
CMP002791,8821-XNHVZ,2021-12-01,Call Drop,High,Customer Care,In Progress,,
CMP002792,8821-XNHVZ,2021-08-11,Service Outage,Medium,Network,Open,,
CMP002793,2082-OJVTK,2025-12-25,Service Outage,High,Customer Care,In Progress,,
CMP002794,5940-NFXKV,2024-07-09,Poor Network,Medium,Technical,Open,,
CMP002795,8053-WWDRO,2020-03-07,Payment Issue,Medium,Billing,Resolved,12.0,1.0
CMP002796,9564-KCLHR,2021-09-07,Wrong Charges,Low,Billing,Resolved,2.0,2.0
CMP002797,2082-CEFLT,2023-09-24,Frequent Disconnections,Low,Sales,Resolved,1.0,3.0
CMP002798,1213-NGCUN,2025-08-17,Payment Issue,High,Technical,Closed,12.0,1.0
CMP002799,1213-NGCUN,2025-12-04,Wrong Charges,Medium,Technical,Resolved,2.0,1.0
CMP002800,1213-NGCUN,2022-06-16,Payment Issue,High,Customer Care,Resolved,5.0,3.0
CMP002801,5688-KZTSN,2022-12-25,Customer Support,High,Technical,Resolved,12.0,1.0
CMP002802,5688-KZTSN,2021-01-06,Billing Complaint,Low,Billing,Resolved,11.0,3.0
CMP002803,2894-QOJRX,2025-03-18,Service Outage,High,Sales,Open,,
CMP002804,2894-QOJRX,2021-09-19,Poor Customer Support,Medium,Network,In Progress,,
CMP002805,5747-PMBSQ,2020-01-21,Payment Issue,Medium,Technical,In Progress,,
CMP002806,5747-PMBSQ,2024-10-12,Installation Delay,High,Technical,In Progress,,
CMP002807,3143-JQEGI,2020-03-27,Streaming Issue,Medium,Customer Care,Closed,6.0,3.0
CMP002808,3143-JQEGI,2021-07-13,Payment Issue,High,Network,Open,,
CMP002809,6386-SZZKH,2021-08-08,Frequent Disconnections,High,Sales,Resolved,13.0,2.0
CMP002810,2982-IHMFT,2024-05-08,Billing Complaint,High,Customer Care,Closed,13.0,1.0
CMP002811,3521-SYVOR,2021-01-14,Billing Complaint,High,Technical,Open,,
CMP002812,9526-JAWYF,2023-10-17,Call Drop,High,Sales,Closed,5.0,2.0
CMP002813,9526-JAWYF,2023-10-11,Service Outage,High,Network,Resolved,1.0,3.0
CMP002814,5649-VUKMC,2022-05-20,Low Download Speed,High,Technical,Resolved,10.0,2.0
CMP002815,5649-VUKMC,2020-05-02,Frequent Disconnections,Medium,Sales,Resolved,11.0,1.0
CMP002816,5649-VUKMC,2021-05-20,Slow Internet,High,Customer Care,Resolved,3.0,3.0
CMP002817,5143-EGQFK,2023-10-13,Call Drop,Low,Network,Resolved,5.0,1.0
CMP002818,5143-EGQFK,2022-06-27,Streaming Issue,Medium,Network,Resolved,3.0,2.0
CMP002819,5143-EGQFK,2025-11-27,Poor Network,Low,Customer Care,Closed,4.0,1.0
CMP002820,4919-IKATY,2025-05-13,Frequent Disconnections,Medium,Technical,Open,,
CMP002821,4919-IKATY,2024-10-24,Streaming Issue,Low,Network,Resolved,2.0,3.0
CMP002822,9050-QLROH,2025-10-15,Poor Customer Support,High,Customer Care,Closed,3.0,1.0
CMP002823,9050-QLROH,2022-02-12,Low Download Speed,Medium,Billing,Resolved,13.0,3.0
CMP002824,9050-QLROH,2025-02-08,Streaming Issue,High,Customer Care,In Progress,,
CMP002825,6168-WFVVF,2020-06-02,Poor Customer Support,High,Technical,Closed,13.0,2.0
CMP002826,6168-WFVVF,2023-03-13,Payment Issue,High,Network,In Progress,,
CMP002827,0877-SDMBN,2025-07-20,Poor Network,Medium,Customer Care,Closed,5.0,1.0
CMP002828,0877-SDMBN,2020-01-27,Poor Network,Medium,Billing,In Progress,,
CMP002829,0877-SDMBN,2023-10-04,Payment Issue,High,Technical,Resolved,14.0,1.0
CMP002830,8065-YKXKD,2025-12-04,Wrong Charges,High,Technical,Resolved,8.0,1.0
CMP002831,9637-EIHEQ,2025-02-16,Poor Network,Low,Technical,In Progress,,
CMP002832,9637-EIHEQ,2024-02-12,Low Download Speed,Medium,Technical,Closed,3.0,1.0
CMP002833,9637-EIHEQ,2022-09-19,Poor Network,High,Sales,Resolved,6.0,2.0
CMP002834,9689-PTNPG,2020-09-07,Frequent Disconnections,High,Technical,Closed,5.0,2.0
CMP002835,9689-PTNPG,2025-07-01,Poor Customer Support,High,Technical,Resolved,2.0,1.0
CMP002836,9689-PTNPG,2025-01-10,Frequent Disconnections,High,Technical,Closed,6.0,2.0
CMP002837,9465-RWMXL,2021-11-06,Wrong Charges,Medium,Sales,Closed,8.0,2.0
CMP002838,2362-IBOOY,2022-01-27,Billing Complaint,High,Network,Closed,1.0,3.0
CMP002839,0843-WTBXE,2022-06-17,Payment Issue,Low,Sales,Resolved,13.0,1.0
CMP002840,0843-WTBXE,2024-12-26,Frequent Disconnections,High,Network,In Progress,,
CMP002841,5515-IDEJJ,2024-05-28,Payment Issue,Medium,Customer Care,Resolved,2.0,1.0
CMP002842,5515-IDEJJ,2025-12-04,Billing Complaint,Low,Technical,Open,,
CMP002843,7450-NWRTR,2022-04-13,Poor Network,Medium,Billing,In Progress,,
CMP002844,7450-NWRTR,2023-04-19,Slow Internet,Low,Customer Care,Closed,9.0,2.0
CMP002845,7450-NWRTR,2025-07-09,Streaming Issue,Medium,Billing,Closed,13.0,3.0
CMP002846,5376-DEQCP,2022-09-24,Billing Complaint,High,Sales,In Progress,,
CMP002847,5376-DEQCP,2022-08-08,Payment Issue,High,Technical,Open,,
CMP002848,5376-DEQCP,2024-01-03,Poor Customer Support,High,Customer Care,In Progress,,
CMP002849,9095-HFAFX,2020-07-16,Poor Network,High,Network,Closed,2.0,2.0
CMP002850,2379-ENZGV,2021-08-14,Streaming Issue,High,Billing,Resolved,10.0,3.0
CMP002851,6005-OBZPH,2020-04-23,Poor Network,Low,Technical,In Progress,,
CMP002852,7932-WPTDS,2025-02-04,Payment Issue,Medium,Network,Resolved,9.0,3.0
CMP002853,2722-VOJQL,2024-03-01,Poor Customer Support,High,Technical,Resolved,7.0,1.0
CMP002854,2722-VOJQL,2022-03-22,Installation Delay,High,Customer Care,Resolved,3.0,2.0
CMP002855,2722-VOJQL,2022-07-14,Poor Customer Support,High,Billing,Resolved,5.0,1.0
CMP002856,5228-EXCET,2023-07-24,Payment Issue,Low,Customer Care,Closed,6.0,2.0
CMP002857,7394-FKDNK,2021-09-17,Poor Customer Support,Medium,Sales,Closed,14.0,3.0
CMP002858,6331-LWDTQ,2023-02-06,Payment Issue,Low,Billing,Resolved,1.0,1.0
CMP002859,1597-FZREH,2023-12-25,Service Outage,Low,Network,Resolved,14.0,3.0
CMP002860,7000-WCEVQ,2024-01-19,Service Outage,High,Technical,Resolved,9.0,1.0
CMP002861,7000-WCEVQ,2024-02-28,Service Outage,Low,Sales,In Progress,,
CMP002862,0727-IWKVK,2023-05-26,Streaming Issue,High,Customer Care,Resolved,15.0,2.0
CMP002863,5959-BELXA,2020-06-19,Payment Issue,Low,Network,In Progress,,
CMP002864,5959-BELXA,2023-12-14,Frequent Disconnections,Medium,Billing,Resolved,15.0,1.0
CMP002865,5959-BELXA,2021-01-01,Call Drop,High,Network,Resolved,5.0,3.0
CMP002866,3512-IZIKN,2022-03-22,Frequent Disconnections,Medium,Sales,Closed,1.0,2.0
CMP002867,6141-OOXUQ,2025-02-02,Billing Complaint,Medium,Sales,Closed,14.0,2.0
CMP002868,7503-ZGUZJ,2024-04-19,Frequent Disconnections,High,Technical,In Progress,,
CMP002869,2506-TNFCO,2025-08-25,Low Download Speed,High,Technical,Resolved,12.0,2.0
CMP002870,2506-TNFCO,2025-05-26,Streaming Issue,High,Sales,Open,,
CMP002871,2506-TNFCO,2020-01-18,Call Drop,High,Billing,Resolved,6.0,1.0
CMP002872,8718-PTMEZ,2025-08-02,Poor Network,Low,Customer Care,Resolved,2.0,1.0
CMP002873,8718-PTMEZ,2022-03-10,Poor Network,High,Network,Open,,
CMP002874,8718-PTMEZ,2025-03-17,Billing Complaint,High,Billing,Resolved,14.0,1.0
CMP002875,2207-OBZNX,2024-01-15,Installation Delay,Medium,Network,Resolved,11.0,3.0
CMP002876,2207-OBZNX,2023-02-25,Frequent Disconnections,High,Sales,In Progress,,
CMP002877,2207-OBZNX,2025-03-16,Streaming Issue,High,Network,Resolved,10.0,1.0
CMP002878,6142-VSJQO,2021-08-13,Low Download Speed,High,Customer Care,In Progress,,
CMP002879,6142-VSJQO,2023-06-28,Installation Delay,High,Sales,Open,,
CMP002880,6437-UKHMV,2024-09-18,Poor Customer Support,High,Technical,In Progress,,
CMP002881,6437-UKHMV,2025-01-14,Billing Complaint,High,Technical,Resolved,8.0,3.0
CMP002882,6437-UKHMV,2025-02-25,Streaming Issue,Low,Customer Care,In Progress,,
CMP002883,1114-CENIM,2025-08-11,Call Drop,High,Technical,Closed,1.0,3.0
CMP002884,1114-CENIM,2024-10-26,Low Download Speed,High,Customer Care,Open,,
CMP002885,6060-DRTNL,2023-09-06,Call Drop,High,Billing,Closed,13.0,2.0
CMP002886,6060-DRTNL,2021-10-10,Service Outage,High,Sales,Resolved,11.0,2.0
CMP002887,8473-VUVJN,2021-05-27,Poor Customer Support,Medium,Billing,Closed,14.0,2.0
CMP002888,8473-VUVJN,2021-10-15,Slow Internet,Medium,Sales,Resolved,13.0,2.0
CMP002889,8473-VUVJN,2025-10-18,Slow Internet,Medium,Billing,Open,,
CMP002890,6289-CPNLD,2022-09-11,Payment Issue,High,Customer Care,Resolved,8.0,2.0
CMP002891,6289-CPNLD,2024-10-03,Streaming Issue,Medium,Customer Care,Open,,
CMP002892,5536-SLHPM,2025-07-18,Call Drop,Medium,Customer Care,Resolved,15.0,2.0
CMP002893,5536-SLHPM,2024-12-02,Service Outage,Medium,Billing,Resolved,9.0,2.0
CMP002894,5536-SLHPM,2024-02-04,Payment Issue,Medium,Network,Open,,
CMP002895,0196-VULGZ,2020-03-28,Service Outage,Low,Customer Care,Resolved,1.0,3.0
CMP002896,0196-VULGZ,2023-03-07,Payment Issue,High,Technical,Resolved,7.0,2.0
CMP002897,8837-VVWLQ,2024-12-23,Service Outage,Low,Customer Care,Closed,8.0,1.0
CMP002898,8837-VVWLQ,2022-10-07,Installation Delay,High,Billing,Closed,13.0,2.0
CMP002899,2696-NARTR,2021-03-10,Wrong Charges,Medium,Sales,Closed,5.0,1.0
CMP002900,2696-NARTR,2024-09-13,Streaming Issue,High,Network,Resolved,10.0,1.0
CMP002901,7614-QVWQL,2021-11-14,Billing Complaint,Low,Technical,In Progress,,
CMP002902,7614-QVWQL,2025-04-07,Low Download Speed,High,Billing,In Progress,,
CMP002903,1976-CFOCS,2021-11-21,Slow Internet,High,Sales,Resolved,8.0,3.0
CMP002904,4631-OACRM,2023-10-10,Service Outage,Medium,Sales,Resolved,15.0,2.0
CMP002905,4631-OACRM,2023-08-11,Poor Network,High,Sales,In Progress,,
CMP002906,4631-OACRM,2022-06-20,Low Download Speed,Low,Sales,In Progress,,
CMP002907,3755-JBMNH,2023-04-20,Installation Delay,Medium,Billing,Closed,1.0,2.0
CMP002908,6345-ULYRW,2023-09-07,Call Drop,High,Billing,Open,,
CMP002909,1809-DMJHQ,2020-04-28,Installation Delay,High,Network,Resolved,11.0,2.0
CMP002910,6923-EFPNL,2021-06-25,Service Outage,Low,Sales,In Progress,,
CMP002911,9574-RKJIF,2025-04-05,Low Download Speed,High,Sales,In Progress,,
CMP002912,9574-RKJIF,2021-05-28,Poor Network,Medium,Sales,Resolved,9.0,1.0
CMP002913,2619-WFQWU,2023-06-28,Call Drop,Low,Billing,Open,,
CMP002914,2619-WFQWU,2024-12-11,Frequent Disconnections,Medium,Customer Care,Resolved,15.0,2.0
CMP002915,2619-WFQWU,2023-02-28,Poor Customer Support,Medium,Technical,In Progress,,
CMP002916,0778-NELLA,2021-08-07,Payment Issue,High,Customer Care,In Progress,,
CMP002917,4614-NUVZD,2024-11-02,Billing Complaint,Low,Sales,In Progress,,
CMP002918,3803-KMQFW,2021-08-04,Payment Issue,Medium,Billing,Resolved,13.0,2.0
CMP002919,3803-KMQFW,2021-03-19,Customer Support,Medium,Billing,Open,,
CMP002920,6804-GDMOI,2024-11-22,Billing Complaint,High,Sales,Closed,11.0,2.0
CMP002921,6804-GDMOI,2025-02-12,Frequent Disconnections,Low,Customer Care,Closed,3.0,1.0
CMP002922,6804-GDMOI,2020-05-25,Wrong Charges,Medium,Sales,Resolved,12.0,2.0
CMP002923,9572-MTILT,2020-11-08,Payment Issue,Low,Network,Resolved,14.0,1.0
CMP002924,9572-MTILT,2022-10-21,Wrong Charges,Low,Billing,Closed,12.0,1.0
CMP002925,9611-CTWIH,2022-05-21,Wrong Charges,High,Sales,In Progress,,
CMP002926,0329-GTIAJ,2023-12-04,Streaming Issue,High,Billing,Open,,
CMP002927,6629-CZTTH,2022-12-11,Low Download Speed,Medium,Billing,Closed,12.0,1.0
CMP002928,6629-CZTTH,2021-05-24,Billing Complaint,Medium,Network,Resolved,3.0,1.0
CMP002929,5364-EVNIB,2025-06-20,Poor Network,High,Billing,Resolved,5.0,1.0
CMP002930,5087-SUURX,2025-07-22,Installation Delay,High,Customer Care,In Progress,,
CMP002931,5087-SUURX,2022-01-21,Streaming Issue,Medium,Technical,Resolved,2.0,2.0
CMP002932,5087-SUURX,2021-06-26,Call Drop,Low,Customer Care,In Progress,,
CMP002933,0013-EXCHZ,2025-05-11,Frequent Disconnections,High,Technical,In Progress,,
CMP002934,5550-VFRLC,2020-12-03,Poor Customer Support,Medium,Sales,Resolved,1.0,3.0
CMP002935,5550-VFRLC,2023-04-13,Slow Internet,Medium,Sales,In Progress,,
CMP002936,4929-BSTRX,2023-09-15,Payment Issue,High,Sales,Open,,
CMP002937,4929-BSTRX,2022-12-15,Low Download Speed,High,Sales,Closed,2.0,3.0
CMP002938,4929-BSTRX,2024-02-13,Installation Delay,High,Network,Resolved,7.0,1.0
CMP002939,2225-ZRGSG,2020-10-17,Installation Delay,High,Sales,Resolved,10.0,3.0
CMP002940,2225-ZRGSG,2025-12-09,Streaming Issue,High,Billing,Closed,8.0,3.0
CMP002941,2225-ZRGSG,2021-01-06,Service Outage,High,Billing,Resolved,12.0,2.0
CMP002942,5271-YNWVR,2025-12-14,Frequent Disconnections,High,Billing,Resolved,1.0,2.0
CMP002943,5271-YNWVR,2023-02-09,Poor Customer Support,High,Network,Resolved,1.0,2.0
CMP002944,2657-ALMWY,2024-07-13,Wrong Charges,High,Technical,Resolved,9.0,3.0
CMP002945,2657-ALMWY,2024-05-12,Low Download Speed,Medium,Billing,Closed,2.0,3.0
CMP002946,6330-JKLPC,2021-12-02,Poor Customer Support,High,Technical,Open,,
CMP002947,4667-OHGKG,2022-11-19,Billing Complaint,Medium,Network,Resolved,3.0,2.0
CMP002948,1660-HSOOQ,2022-11-10,Low Download Speed,Medium,Network,Resolved,7.0,1.0
CMP002949,1660-HSOOQ,2024-04-11,Poor Customer Support,Medium,Billing,In Progress,,
CMP002950,7253-UVNDW,2025-04-10,Poor Customer Support,High,Network,Closed,12.0,3.0
CMP002951,7253-UVNDW,2021-01-23,Poor Customer Support,High,Network,Resolved,1.0,2.0
CMP002952,7228-OMTPN,2021-06-04,Call Drop,High,Customer Care,Closed,7.0,1.0
CMP002953,6284-AHOOQ,2025-11-03,Poor Customer Support,Low,Sales,Open,,
CMP002954,2344-JMOGN,2020-01-04,Billing Complaint,High,Sales,Resolved,7.0,1.0
CMP002955,2344-JMOGN,2025-09-27,Payment Issue,High,Customer Care,Open,,
CMP002956,2344-JMOGN,2025-02-10,Call Drop,Low,Sales,Resolved,15.0,1.0
CMP002957,3799-ISUZQ,2025-11-11,Wrong Charges,Medium,Network,Resolved,8.0,2.0
CMP002958,3799-ISUZQ,2022-06-18,Frequent Disconnections,Medium,Sales,Resolved,11.0,2.0
CMP002959,1794-HBQTJ,2022-08-28,Streaming Issue,High,Customer Care,In Progress,,
CMP002960,1794-HBQTJ,2025-06-19,Frequent Disconnections,Medium,Customer Care,Closed,2.0,1.0
CMP002961,1794-HBQTJ,2023-10-17,Slow Internet,Medium,Network,Resolved,10.0,3.0
CMP002962,2460-FPSYH,2021-05-25,Slow Internet,Low,Sales,In Progress,,
CMP002963,2460-FPSYH,2022-12-19,Slow Internet,Low,Billing,Resolved,5.0,3.0
CMP002964,4818-DRBQT,2020-08-16,Frequent Disconnections,Medium,Technical,Resolved,6.0,1.0
CMP002965,1320-HTRDR,2021-02-08,Billing Complaint,High,Network,Resolved,10.0,2.0
CMP002966,1320-HTRDR,2023-07-19,Poor Network,Medium,Network,Resolved,15.0,1.0
CMP002967,1493-AMTIE,2024-12-21,Payment Issue,Medium,Billing,Open,,
CMP002968,1493-AMTIE,2022-06-10,Customer Support,Medium,Network,Resolved,6.0,2.0
CMP002969,6424-ELEYH,2020-02-19,Poor Customer Support,Low,Billing,Resolved,15.0,1.0
CMP002970,6424-ELEYH,2023-06-24,Frequent Disconnections,High,Sales,Resolved,7.0,2.0
CMP002971,4391-RESHN,2021-05-26,Streaming Issue,Medium,Customer Care,Closed,1.0,2.0
CMP002972,6821-BUXUX,2022-03-18,Call Drop,Medium,Customer Care,Closed,13.0,1.0
CMP002973,6821-BUXUX,2022-06-13,Billing Complaint,Low,Customer Care,In Progress,,
CMP002974,5028-HTLJB,2023-09-12,Billing Complaint,High,Network,Resolved,12.0,3.0
CMP002975,5028-HTLJB,2021-12-11,Customer Support,High,Customer Care,Closed,8.0,2.0
CMP002976,5028-HTLJB,2021-01-09,Customer Support,High,Customer Care,Closed,8.0,3.0
CMP002977,9801-GDWGV,2020-12-25,Poor Network,Medium,Network,In Progress,,
CMP002978,9801-GDWGV,2023-09-05,Frequent Disconnections,Medium,Technical,Closed,15.0,2.0
CMP002979,9801-GDWGV,2021-11-23,Call Drop,High,Sales,Open,,
CMP002980,2320-JRSDE,2025-11-14,Payment Issue,High,Technical,Resolved,10.0,2.0
CMP002981,2320-JRSDE,2021-03-17,Payment Issue,High,Network,Resolved,2.0,1.0
CMP002982,2320-JRSDE,2021-04-23,Customer Support,Low,Sales,Resolved,4.0,1.0
CMP002983,0601-WZHJF,2025-10-22,Call Drop,Low,Billing,In Progress,,
CMP002984,0601-WZHJF,2022-08-06,Slow Internet,High,Sales,Resolved,12.0,2.0
CMP002985,0601-WZHJF,2020-12-08,Streaming Issue,Medium,Technical,Open,,
CMP002986,5143-WMWOG,2021-06-01,Payment Issue,High,Technical,Resolved,14.0,1.0
CMP002987,5143-WMWOG,2023-03-21,Payment Issue,High,Sales,Resolved,7.0,2.0
CMP002988,5393-RXQSZ,2021-10-27,Service Outage,High,Customer Care,Resolved,1.0,2.0
CMP002989,0231-LXVAP,2023-01-07,Payment Issue,High,Sales,Resolved,10.0,3.0
CMP002990,0231-LXVAP,2023-06-28,Poor Customer Support,Low,Customer Care,Open,,
CMP002991,0231-LXVAP,2023-07-25,Installation Delay,High,Customer Care,Closed,3.0,2.0
CMP002992,9444-JTXHZ,2020-03-17,Call Drop,High,Technical,Resolved,13.0,2.0
CMP002993,9444-JTXHZ,2025-01-06,Streaming Issue,High,Sales,Resolved,4.0,1.0
CMP002994,5510-BOIUJ,2025-05-04,Payment Issue,Medium,Technical,In Progress,,
CMP002995,4471-KXAUH,2025-05-27,Installation Delay,Medium,Customer Care,Closed,7.0,1.0
CMP002996,7638-QVMVY,2023-09-15,Low Download Speed,High,Billing,Open,,
CMP002997,7638-QVMVY,2023-02-18,Service Outage,High,Customer Care,Resolved,13.0,1.0
CMP002998,7638-QVMVY,2022-09-14,Poor Network,High,Customer Care,Resolved,6.0,1.0
CMP002999,3244-DCJWY,2021-09-18,Poor Customer Support,Medium,Technical,Resolved,6.0,3.0
CMP003000,3244-DCJWY,2023-04-04,Frequent Disconnections,High,Network,Resolved,14.0,1.0
CMP003001,3244-DCJWY,2020-01-19,Poor Network,Low,Technical,Resolved,12.0,2.0
CMP003002,0875-CABNR,2021-10-25,Frequent Disconnections,High,Technical,Resolved,3.0,2.0
CMP003003,7812-FZHPE,2023-12-08,Customer Support,Low,Customer Care,Open,,
CMP003004,7812-FZHPE,2023-07-02,Payment Issue,High,Billing,Resolved,5.0,1.0
CMP003005,4797-AXPXK,2021-10-25,Payment Issue,Low,Customer Care,In Progress,,
CMP003006,4797-AXPXK,2023-09-28,Slow Internet,Medium,Sales,Open,,
CMP003007,5229-PRWKT,2020-06-02,Poor Network,High,Network,Closed,4.0,3.0
CMP003008,5229-PRWKT,2023-09-26,Streaming Issue,High,Billing,Resolved,5.0,1.0
CMP003009,6982-UQZLY,2020-11-07,Billing Complaint,High,Sales,In Progress,,
CMP003010,6982-UQZLY,2020-11-13,Customer Support,Medium,Billing,Closed,3.0,3.0
CMP003011,5057-LCOUI,2022-05-25,Call Drop,High,Network,Resolved,5.0,2.0
CMP003012,0193-ESZXP,2023-05-13,Service Outage,High,Billing,Closed,4.0,3.0
CMP003013,0193-ESZXP,2025-09-11,Frequent Disconnections,High,Network,Open,,
CMP003014,0193-ESZXP,2024-09-05,Wrong Charges,Medium,Sales,Resolved,1.0,3.0
CMP003015,4369-HTUIF,2020-11-14,Low Download Speed,Low,Technical,Closed,1.0,3.0
CMP003016,0156-FVPTA,2025-07-08,Billing Complaint,Low,Sales,Resolved,3.0,1.0
CMP003017,0156-FVPTA,2021-04-05,Payment Issue,Low,Network,In Progress,,
CMP003018,0156-FVPTA,2024-05-18,Installation Delay,High,Customer Care,Resolved,9.0,2.0
CMP003019,1984-FCOWB,2023-01-18,Service Outage,Medium,Customer Care,Open,,
CMP003020,0654-HMSHN,2025-03-21,Slow Internet,Medium,Technical,Resolved,14.0,1.0
CMP003021,5287-QWLKY,2020-05-21,Slow Internet,Medium,Technical,In Progress,,
CMP003022,5196-SGOAK,2021-12-25,Wrong Charges,Medium,Sales,Closed,3.0,3.0
CMP003023,5196-SGOAK,2024-10-07,Frequent Disconnections,High,Sales,Resolved,15.0,3.0
CMP003024,1891-UAWWU,2021-03-17,Streaming Issue,Medium,Billing,Resolved,5.0,1.0
CMP003025,6108-OQZDQ,2025-03-24,Billing Complaint,High,Customer Care,Resolved,10.0,1.0
CMP003026,6108-OQZDQ,2024-03-22,Slow Internet,Medium,Sales,Resolved,3.0,3.0
CMP003027,6108-OQZDQ,2023-11-11,Wrong Charges,High,Network,Resolved,11.0,1.0
CMP003028,0363-QJVFX,2020-02-11,Payment Issue,Medium,Sales,Closed,10.0,3.0
CMP003029,0363-QJVFX,2024-02-17,Low Download Speed,High,Sales,Resolved,2.0,1.0
CMP003030,0363-QJVFX,2024-02-10,Wrong Charges,Medium,Technical,Resolved,1.0,1.0
CMP003031,9840-DVNDC,2023-12-18,Wrong Charges,High,Sales,Open,,
CMP003032,9840-DVNDC,2021-06-24,Low Download Speed,Medium,Network,Resolved,4.0,3.0
CMP003033,3096-JRDSO,2022-06-19,Call Drop,High,Sales,Resolved,7.0,2.0
CMP003034,3096-JRDSO,2022-01-21,Billing Complaint,High,Technical,Resolved,2.0,2.0
CMP003035,8042-JVNFH,2023-12-05,Service Outage,High,Customer Care,Closed,10.0,2.0
CMP003036,8042-JVNFH,2020-06-02,Installation Delay,High,Sales,Resolved,5.0,3.0
CMP003037,8042-JVNFH,2024-06-28,Call Drop,Medium,Billing,Open,,
CMP003038,3374-LXDEV,2022-11-15,Call Drop,Medium,Sales,Resolved,6.0,1.0
CMP003039,3374-LXDEV,2023-09-12,Poor Customer Support,Low,Network,Closed,6.0,3.0
CMP003040,3374-LXDEV,2022-01-20,Wrong Charges,Medium,Network,In Progress,,
CMP003041,5049-GLYVG,2022-03-06,Customer Support,Low,Technical,In Progress,,
CMP003042,5049-GLYVG,2021-04-28,Billing Complaint,Low,Billing,Resolved,15.0,1.0
CMP003043,5049-GLYVG,2021-01-16,Customer Support,Medium,Technical,Open,,
CMP003044,5883-GTGVD,2021-12-05,Streaming Issue,Medium,Sales,Closed,6.0,1.0
CMP003045,5883-GTGVD,2021-03-13,Billing Complaint,High,Billing,Open,,
CMP003046,4817-QRJSX,2023-08-17,Call Drop,High,Billing,Resolved,8.0,1.0
CMP003047,4817-QRJSX,2025-02-07,Payment Issue,Medium,Billing,Resolved,1.0,3.0
CMP003048,2398-YPMUR,2020-11-23,Service Outage,High,Sales,In Progress,,
CMP003049,2398-YPMUR,2025-03-18,Installation Delay,Low,Billing,Closed,2.0,2.0
CMP003050,2398-YPMUR,2025-09-11,Call Drop,Low,Sales,Resolved,1.0,2.0
CMP003051,9985-MWVIX,2025-07-05,Poor Customer Support,High,Sales,Resolved,2.0,2.0
CMP003052,1265-XTECC,2024-01-09,Poor Customer Support,Medium,Network,Closed,12.0,3.0
CMP003053,1265-XTECC,2025-11-17,Wrong Charges,High,Billing,Resolved,10.0,2.0
CMP003054,1265-XTECC,2021-02-16,Call Drop,Low,Sales,Closed,2.0,1.0
CMP003055,2237-ZFSMY,2020-09-17,Frequent Disconnections,Medium,Technical,Resolved,13.0,3.0
CMP003056,4871-JTKJF,2021-02-26,Payment Issue,High,Customer Care,Resolved,2.0,2.0
CMP003057,1415-YFWLT,2021-03-27,Call Drop,High,Technical,Closed,2.0,2.0
CMP003058,1415-YFWLT,2020-07-19,Payment Issue,High,Customer Care,Resolved,2.0,2.0
CMP003059,1415-YFWLT,2023-03-27,Call Drop,High,Network,Resolved,6.0,1.0
CMP003060,6711-VTNRE,2024-07-18,Poor Customer Support,Medium,Customer Care,Resolved,4.0,2.0
CMP003061,6711-VTNRE,2020-12-16,Service Outage,Medium,Technical,Resolved,9.0,1.0
CMP003062,3500-RMZLT,2024-01-21,Installation Delay,Medium,Customer Care,Open,,
CMP003063,3500-RMZLT,2020-08-12,Call Drop,High,Network,In Progress,,
CMP003064,3500-RMZLT,2023-06-01,Frequent Disconnections,High,Billing,Open,,
CMP003065,4548-SDBKE,2024-10-11,Poor Network,Medium,Sales,Resolved,5.0,1.0
CMP003066,4548-SDBKE,2023-04-06,Poor Network,Low,Sales,Resolved,3.0,2.0
CMP003067,8066-POXGX,2023-03-04,Billing Complaint,High,Network,Closed,3.0,2.0
CMP003068,8066-POXGX,2025-02-25,Wrong Charges,High,Network,Resolved,5.0,3.0
CMP003069,8066-POXGX,2024-08-16,Payment Issue,High,Billing,Closed,8.0,1.0
CMP003070,4143-OOBWZ,2025-06-18,Slow Internet,High,Billing,Resolved,4.0,2.0
CMP003071,4143-OOBWZ,2022-03-05,Payment Issue,Medium,Technical,Open,,
CMP003072,4143-OOBWZ,2020-03-23,Wrong Charges,Medium,Sales,Closed,2.0,2.0
CMP003073,7854-EKTJL,2021-12-10,Customer Support,High,Sales,Resolved,7.0,2.0
CMP003074,9102-IAYHT,2022-11-16,Poor Customer Support,Low,Technical,Resolved,9.0,1.0
CMP003075,9102-IAYHT,2025-02-26,Wrong Charges,High,Customer Care,Open,,
CMP003076,3422-LYEPQ,2024-10-13,Service Outage,Medium,Customer Care,Resolved,5.0,2.0
CMP003077,3422-LYEPQ,2022-08-05,Billing Complaint,High,Customer Care,Open,,
CMP003078,2642-DTVCO,2024-06-23,Billing Complaint,Low,Network,Resolved,12.0,1.0
CMP003079,2642-DTVCO,2024-05-04,Low Download Speed,Medium,Network,Open,,
CMP003080,2642-DTVCO,2025-01-18,Payment Issue,High,Customer Care,Open,,
CMP003081,4361-JEIVL,2021-10-23,Frequent Disconnections,Medium,Technical,Closed,15.0,1.0
CMP003082,4361-JEIVL,2025-11-11,Service Outage,High,Customer Care,Resolved,3.0,1.0
CMP003083,1363-TXLSL,2024-03-22,Poor Network,High,Billing,Closed,15.0,2.0
CMP003084,1363-TXLSL,2023-01-17,Installation Delay,Medium,Customer Care,Resolved,8.0,1.0
CMP003085,1363-TXLSL,2024-12-23,Service Outage,High,Network,In Progress,,
CMP003086,9507-EXLTT,2020-08-20,Slow Internet,High,Technical,Resolved,2.0,2.0
CMP003087,9507-EXLTT,2023-06-15,Poor Customer Support,Medium,Technical,In Progress,,
CMP003088,9507-EXLTT,2023-06-04,Service Outage,Medium,Billing,Resolved,10.0,3.0
CMP003089,9846-GKXAS,2022-07-11,Payment Issue,High,Network,In Progress,,
CMP003090,6017-PPLPX,2021-09-08,Payment Issue,Low,Customer Care,In Progress,,
CMP003091,7136-RVDTZ,2025-06-21,Payment Issue,High,Customer Care,Open,,
CMP003092,7136-RVDTZ,2025-04-11,Poor Network,High,Technical,Resolved,12.0,2.0
CMP003093,4581-SSPWD,2023-04-12,Payment Issue,High,Technical,Resolved,7.0,3.0
CMP003094,4581-SSPWD,2020-11-11,Low Download Speed,High,Network,Resolved,4.0,3.0
CMP003095,4581-SSPWD,2021-06-02,Low Download Speed,Low,Network,Resolved,13.0,3.0
CMP003096,6927-WTFIV,2020-04-02,Service Outage,Low,Customer Care,In Progress,,
CMP003097,3398-ZOUAA,2020-06-26,Call Drop,Medium,Network,In Progress,,
CMP003098,0378-NHQXU,2025-09-20,Streaming Issue,Low,Network,Closed,12.0,1.0
CMP003099,0378-NHQXU,2024-06-07,Low Download Speed,High,Sales,Closed,14.0,3.0
CMP003100,0378-NHQXU,2025-07-25,Payment Issue,Medium,Technical,Open,,
CMP003101,4512-ZUIYL,2024-09-07,Service Outage,Medium,Technical,Resolved,12.0,1.0
CMP003102,7969-AULMZ,2022-04-06,Poor Customer Support,High,Customer Care,Resolved,1.0,2.0
CMP003103,7969-AULMZ,2024-07-03,Poor Network,High,Network,Resolved,4.0,3.0
CMP003104,7969-AULMZ,2024-06-21,Streaming Issue,Medium,Billing,In Progress,,
CMP003105,0568-ONFPC,2020-06-27,Billing Complaint,High,Customer Care,Resolved,14.0,3.0
CMP003106,0568-ONFPC,2024-07-27,Customer Support,High,Customer Care,Open,,
CMP003107,0733-VUNUW,2023-02-02,Billing Complaint,Medium,Technical,Resolved,10.0,1.0
CMP003108,4550-EVXNY,2023-09-03,Installation Delay,Medium,Sales,Open,,
CMP003109,4550-EVXNY,2021-03-05,Poor Network,Medium,Sales,Resolved,11.0,1.0
CMP003110,2968-SSGAA,2021-12-26,Installation Delay,Low,Sales,In Progress,,
CMP003111,4844-JJWUY,2020-04-02,Frequent Disconnections,Medium,Sales,Closed,7.0,2.0
CMP003112,4844-JJWUY,2020-04-12,Streaming Issue,High,Billing,Resolved,6.0,2.0
CMP003113,4844-JJWUY,2023-10-24,Frequent Disconnections,Medium,Sales,Closed,5.0,1.0
CMP003114,6777-TGHTM,2020-12-15,Billing Complaint,High,Sales,Closed,1.0,2.0
CMP003115,3538-WZPHD,2024-02-12,Service Outage,High,Sales,Resolved,8.0,3.0
CMP003116,3538-WZPHD,2020-10-05,Payment Issue,Medium,Customer Care,Closed,6.0,1.0
CMP003117,4785-QRJHC,2022-06-24,Poor Customer Support,Medium,Network,Resolved,3.0,3.0
CMP003118,8610-WFCJF,2021-06-20,Streaming Issue,High,Network,Resolved,4.0,3.0
CMP003119,8610-WFCJF,2021-11-11,Wrong Charges,Low,Technical,Closed,12.0,2.0
CMP003120,8610-WFCJF,2020-02-06,Call Drop,High,Billing,Resolved,8.0,1.0
CMP003121,4905-JEFDW,2020-10-01,Billing Complaint,Medium,Billing,Resolved,3.0,1.0
CMP003122,4905-JEFDW,2024-04-05,Billing Complaint,Medium,Technical,Closed,8.0,1.0
CMP003123,7881-INRLC,2021-05-09,Payment Issue,Medium,Customer Care,In Progress,,
CMP003124,7881-INRLC,2025-07-16,Wrong Charges,High,Technical,Closed,8.0,2.0
CMP003125,0117-LFRMW,2025-11-10,Installation Delay,High,Customer Care,In Progress,,
CMP003126,6172-FECYY,2021-01-18,Slow Internet,High,Customer Care,Open,,
CMP003127,6172-FECYY,2022-12-25,Frequent Disconnections,High,Customer Care,Closed,7.0,2.0
CMP003128,1965-AKTSX,2024-09-15,Call Drop,Medium,Sales,Closed,12.0,3.0
CMP003129,1965-AKTSX,2020-01-22,Low Download Speed,Medium,Customer Care,Open,,
CMP003130,4786-UKSNZ,2021-06-23,Payment Issue,High,Sales,In Progress,,
CMP003131,7248-VZQLC,2024-02-13,Payment Issue,High,Billing,Resolved,1.0,3.0
CMP003132,0011-IGKFF,2021-03-13,Slow Internet,Medium,Technical,Resolved,8.0,2.0
CMP003133,0011-IGKFF,2022-04-13,Wrong Charges,Medium,Billing,Closed,11.0,1.0
CMP003134,4192-GORJT,2023-01-11,Poor Customer Support,High,Billing,Closed,15.0,1.0
CMP003135,4192-GORJT,2024-06-10,Service Outage,Medium,Billing,Closed,10.0,3.0
CMP003136,4192-GORJT,2021-05-21,Service Outage,Low,Billing,Open,,
CMP003137,6496-SLWHQ,2024-03-19,Poor Customer Support,High,Billing,Resolved,14.0,1.0
CMP003138,9912-GVSEQ,2021-12-03,Frequent Disconnections,High,Network,Resolved,4.0,2.0
CMP003139,5383-MMTWC,2022-12-03,Low Download Speed,High,Network,Resolved,4.0,3.0
CMP003140,5383-MMTWC,2020-02-16,Poor Customer Support,High,Technical,Resolved,3.0,3.0
CMP003141,5383-MMTWC,2025-02-27,Frequent Disconnections,High,Network,Open,,
CMP003142,7240-ETPTR,2025-06-10,Poor Customer Support,High,Technical,Resolved,13.0,3.0
CMP003143,2202-CUYXZ,2022-11-03,Slow Internet,Medium,Billing,Resolved,13.0,2.0
CMP003144,2202-CUYXZ,2022-02-28,Service Outage,Medium,Sales,Resolved,1.0,3.0
CMP003145,5995-OIGLP,2025-03-15,Poor Customer Support,Medium,Sales,In Progress,,
CMP003146,5995-OIGLP,2022-01-27,Poor Network,Low,Technical,Resolved,6.0,2.0
CMP003147,5995-OIGLP,2021-06-05,Wrong Charges,Medium,Technical,Resolved,15.0,1.0
CMP003148,6261-RCVNS,2024-08-27,Poor Customer Support,Low,Billing,Open,,
CMP003149,6261-RCVNS,2022-07-11,Streaming Issue,Low,Sales,Resolved,1.0,3.0
CMP003150,7951-QKZPL,2024-08-13,Customer Support,Medium,Network,Resolved,14.0,3.0
CMP003151,7951-QKZPL,2020-10-11,Customer Support,Low,Sales,Resolved,4.0,1.0
CMP003152,7951-QKZPL,2022-06-08,Customer Support,High,Technical,Closed,2.0,2.0
CMP003153,3640-PHQXK,2024-12-03,Call Drop,High,Technical,Resolved,14.0,3.0
CMP003154,3640-PHQXK,2022-02-28,Poor Network,Low,Billing,Open,,
CMP003155,6877-LGWXO,2025-03-21,Frequent Disconnections,Medium,Customer Care,In Progress,,
CMP003156,6877-LGWXO,2024-07-10,Service Outage,High,Technical,Resolved,14.0,3.0
CMP003157,6877-LGWXO,2021-04-24,Slow Internet,High,Network,Resolved,8.0,1.0
CMP003158,8019-ENHXU,2020-09-15,Slow Internet,Medium,Billing,Closed,7.0,1.0
CMP003159,8019-ENHXU,2025-02-20,Billing Complaint,High,Customer Care,Resolved,1.0,1.0
CMP003160,8019-ENHXU,2022-02-28,Payment Issue,Medium,Technical,Resolved,5.0,1.0
CMP003161,5167-GBFRE,2022-05-25,Wrong Charges,Medium,Technical,In Progress,,
CMP003162,5167-GBFRE,2021-11-06,Frequent Disconnections,Low,Billing,Resolved,4.0,2.0
CMP003163,5167-GBFRE,2020-10-03,Service Outage,Medium,Billing,Open,,
CMP003164,9033-EOXWV,2025-09-23,Billing Complaint,Medium,Network,Resolved,14.0,2.0
CMP003165,9033-EOXWV,2023-07-06,Low Download Speed,High,Customer Care,Resolved,7.0,1.0
CMP003166,1324-NLTJE,2025-12-10,Slow Internet,High,Network,Resolved,10.0,1.0
CMP003167,1324-NLTJE,2023-07-27,Low Download Speed,High,Network,Resolved,13.0,1.0
CMP003168,1522-VVDMG,2021-10-02,Poor Customer Support,High,Network,In Progress,,
CMP003169,1522-VVDMG,2021-12-08,Wrong Charges,Medium,Network,Resolved,5.0,1.0
CMP003170,1522-VVDMG,2022-09-20,Billing Complaint,High,Billing,Open,,
CMP003171,9185-TQCVP,2023-04-12,Service Outage,Low,Sales,Resolved,11.0,3.0
CMP003172,9185-TQCVP,2023-06-07,Payment Issue,Medium,Billing,In Progress,,
CMP003173,5567-WSELE,2023-08-25,Poor Network,Low,Customer Care,Resolved,2.0,1.0
CMP003174,8063-RJYNF,2020-09-28,Service Outage,High,Customer Care,Open,,
CMP003175,8063-RJYNF,2025-10-19,Call Drop,Medium,Network,Resolved,1.0,2.0
CMP003176,0687-ZVTHB,2021-11-17,Poor Customer Support,High,Network,In Progress,,
CMP003177,0687-ZVTHB,2022-01-13,Payment Issue,Low,Network,In Progress,,
CMP003178,0687-ZVTHB,2024-07-14,Slow Internet,High,Sales,In Progress,,
CMP003179,9661-ACXBS,2024-11-28,Frequent Disconnections,Medium,Sales,Resolved,9.0,3.0
CMP003180,9661-ACXBS,2025-04-05,Wrong Charges,High,Network,Resolved,5.0,2.0
CMP003181,3727-RJMEO,2021-04-21,Installation Delay,High,Sales,In Progress,,
CMP003182,6646-VRFOL,2023-09-25,Slow Internet,High,Network,In Progress,,
CMP003183,6646-VRFOL,2024-07-01,Service Outage,Medium,Billing,Open,,
CMP003184,5685-IIXLY,2021-06-05,Installation Delay,High,Network,Open,,
CMP003185,5685-IIXLY,2024-11-24,Service Outage,Medium,Billing,Resolved,4.0,2.0
CMP003186,5685-IIXLY,2024-11-22,Low Download Speed,High,Network,Resolved,2.0,2.0
CMP003187,4250-ZBWLV,2023-01-19,Call Drop,Medium,Sales,Closed,10.0,1.0
CMP003188,5095-AESKG,2022-12-13,Billing Complaint,Low,Network,Resolved,6.0,3.0
CMP003189,1871-MOWRM,2021-02-09,Poor Customer Support,Medium,Billing,Closed,1.0,3.0
CMP003190,2027-OAQQC,2020-04-23,Low Download Speed,High,Sales,Resolved,4.0,3.0
CMP003191,2027-OAQQC,2025-08-10,Call Drop,Medium,Sales,Resolved,13.0,2.0
CMP003192,9090-SGQXL,2025-08-08,Call Drop,Medium,Billing,Resolved,4.0,2.0
CMP003193,9090-SGQXL,2020-06-02,Poor Customer Support,High,Technical,Resolved,11.0,3.0
CMP003194,9090-SGQXL,2024-08-11,Service Outage,Low,Billing,Resolved,1.0,3.0
CMP003195,6595-YGXIT,2021-12-21,Poor Customer Support,High,Sales,Resolved,5.0,2.0
CMP003196,9835-ZIITK,2021-09-02,Poor Network,High,Customer Care,Closed,11.0,3.0
CMP003197,9835-ZIITK,2022-09-09,Payment Issue,High,Sales,In Progress,,
CMP003198,9835-ZIITK,2025-03-21,Wrong Charges,High,Technical,Open,,
CMP003199,1555-DJEQW,2022-03-10,Slow Internet,High,Sales,Resolved,6.0,1.0
CMP003200,1555-DJEQW,2022-01-11,Low Download Speed,High,Billing,In Progress,,
CMP003201,5649-TJHOV,2022-10-07,Installation Delay,Medium,Customer Care,Closed,11.0,2.0
CMP003202,5649-TJHOV,2020-11-27,Wrong Charges,Low,Sales,Closed,4.0,2.0
CMP003203,0519-XUZJU,2020-07-19,Streaming Issue,High,Network,In Progress,,
CMP003204,0519-XUZJU,2025-03-17,Streaming Issue,Medium,Billing,Open,,
CMP003205,0519-XUZJU,2023-07-02,Service Outage,Medium,Billing,Open,,
CMP003206,6338-AVWCY,2023-08-15,Wrong Charges,High,Billing,Closed,15.0,3.0
CMP003207,6338-AVWCY,2021-09-18,Frequent Disconnections,High,Customer Care,Resolved,7.0,1.0
CMP003208,6338-AVWCY,2024-09-28,Payment Issue,High,Customer Care,Resolved,6.0,2.0
CMP003209,9253-QXKBE,2024-03-11,Low Download Speed,Medium,Technical,In Progress,,
CMP003210,9253-QXKBE,2020-08-25,Call Drop,Medium,Technical,Closed,1.0,2.0
CMP003211,9445-SZLCH,2025-01-12,Call Drop,Low,Network,In Progress,,
CMP003212,7568-PODML,2025-03-16,Wrong Charges,High,Network,Closed,2.0,2.0
CMP003213,7568-PODML,2024-05-13,Streaming Issue,Medium,Customer Care,Resolved,6.0,2.0
CMP003214,7568-PODML,2025-02-14,Poor Customer Support,Low,Network,Resolved,6.0,1.0
CMP003215,5349-IECLD,2023-07-05,Payment Issue,High,Billing,In Progress,,
CMP003216,5349-IECLD,2022-01-08,Billing Complaint,High,Technical,Open,,
CMP003217,5349-IECLD,2020-04-14,Poor Customer Support,Medium,Customer Care,Open,,
CMP003218,3945-GFWQL,2022-07-13,Billing Complaint,Medium,Network,In Progress,,
CMP003219,3797-VTIDR,2020-08-16,Wrong Charges,High,Customer Care,Resolved,13.0,3.0
CMP003220,3797-VTIDR,2023-12-09,Installation Delay,Low,Sales,Closed,5.0,1.0
CMP003221,9526-BIHHD,2023-12-21,Service Outage,High,Sales,Resolved,10.0,3.0
CMP003222,4523-WXCEF,2022-06-22,Service Outage,Medium,Technical,Closed,5.0,1.0
CMP003223,8364-TRMMK,2025-08-22,Payment Issue,Low,Network,Resolved,1.0,2.0
CMP003224,8364-TRMMK,2025-11-01,Poor Customer Support,Medium,Billing,Closed,10.0,3.0
CMP003225,8364-TRMMK,2024-05-03,Wrong Charges,High,Sales,Resolved,13.0,1.0
CMP003226,3063-QFSZL,2025-01-12,Low Download Speed,Medium,Billing,Resolved,6.0,3.0
CMP003227,3063-QFSZL,2020-11-21,Service Outage,High,Billing,Closed,7.0,3.0
CMP003228,8775-LHDJH,2023-03-21,Billing Complaint,High,Billing,Resolved,11.0,2.0
CMP003229,3097-NQYSN,2025-01-08,Slow Internet,Low,Customer Care,Resolved,9.0,3.0
CMP003230,3097-NQYSN,2025-01-24,Service Outage,High,Network,Closed,12.0,1.0
CMP003231,3565-UNOCC,2023-10-15,Wrong Charges,Medium,Customer Care,Closed,11.0,1.0
CMP003232,3565-UNOCC,2023-06-22,Poor Network,Medium,Customer Care,Open,,
CMP003233,3565-UNOCC,2023-11-26,Wrong Charges,Medium,Network,Resolved,1.0,2.0
CMP003234,9249-FXSCK,2020-01-08,Low Download Speed,High,Customer Care,Open,,
CMP003235,9249-FXSCK,2024-09-26,Payment Issue,High,Customer Care,Resolved,15.0,2.0
CMP003236,9249-FXSCK,2021-02-19,Installation Delay,Medium,Billing,Resolved,14.0,1.0
CMP003237,5493-SDRDQ,2023-03-21,Poor Customer Support,High,Sales,Open,,
CMP003238,5493-SDRDQ,2025-04-18,Wrong Charges,Low,Billing,In Progress,,
CMP003239,0871-URUWO,2025-02-05,Low Download Speed,Low,Technical,Resolved,12.0,2.0
CMP003240,9190-MFJLN,2020-05-22,Wrong Charges,Medium,Network,Closed,12.0,2.0
CMP003241,9190-MFJLN,2025-08-14,Billing Complaint,Medium,Technical,Closed,9.0,2.0
CMP003242,1095-JUDTC,2022-04-19,Installation Delay,High,Customer Care,In Progress,,
CMP003243,0870-VEMYL,2021-06-04,Wrong Charges,Medium,Technical,In Progress,,
CMP003244,5385-SUIRI,2024-03-03,Streaming Issue,High,Network,Closed,4.0,2.0
CMP003245,5385-SUIRI,2020-03-16,Wrong Charges,Medium,Billing,Resolved,12.0,1.0
CMP003246,5385-SUIRI,2023-12-11,Service Outage,High,Sales,Closed,15.0,2.0
CMP003247,3982-XWFZQ,2020-04-22,Billing Complaint,Low,Billing,Resolved,9.0,2.0
CMP003248,3982-XWFZQ,2025-07-10,Installation Delay,High,Billing,In Progress,,
CMP003249,4009-ALQFH,2025-10-25,Wrong Charges,High,Sales,Closed,12.0,2.0
CMP003250,4009-ALQFH,2023-09-20,Frequent Disconnections,Medium,Customer Care,Resolved,14.0,1.0
CMP003251,4009-ALQFH,2021-07-01,Billing Complaint,High,Sales,Resolved,4.0,1.0
CMP003252,3627-FCRDW,2025-08-15,Service Outage,High,Customer Care,Closed,2.0,3.0
CMP003253,7562-GSUHK,2023-02-21,Service Outage,High,Sales,Resolved,8.0,2.0
CMP003254,7562-GSUHK,2020-08-17,Payment Issue,Medium,Customer Care,Closed,3.0,2.0
CMP003255,4903-UYAVB,2022-06-07,Payment Issue,High,Billing,Closed,9.0,3.0
CMP003256,6776-TLWOI,2023-06-05,Payment Issue,Low,Technical,Closed,4.0,3.0
CMP003257,6776-TLWOI,2024-07-18,Customer Support,Medium,Billing,In Progress,,
CMP003258,6776-TLWOI,2020-10-06,Billing Complaint,Low,Network,In Progress,,
CMP003259,4077-CROMM,2024-04-26,Poor Network,High,Sales,Resolved,6.0,3.0
CMP003260,2868-MZAGQ,2024-10-22,Wrong Charges,Medium,Sales,Open,,
CMP003261,2868-MZAGQ,2022-06-02,Service Outage,Low,Technical,Closed,11.0,2.0
CMP003262,4847-QNOKA,2023-06-07,Billing Complaint,High,Sales,In Progress,,
CMP003263,6379-RXJRQ,2025-01-19,Installation Delay,Medium,Sales,Resolved,14.0,2.0
CMP003264,8650-RHRKE,2024-10-22,Installation Delay,High,Network,In Progress,,
CMP003265,8650-RHRKE,2024-02-06,Frequent Disconnections,Low,Sales,Resolved,1.0,1.0
CMP003266,0475-RIJEP,2021-04-27,Call Drop,High,Network,In Progress,,
CMP003267,0475-RIJEP,2020-01-20,Call Drop,High,Sales,In Progress,,
CMP003268,1260-TTRXI,2023-06-14,Slow Internet,Low,Customer Care,Closed,9.0,2.0
CMP003269,1260-TTRXI,2021-09-07,Poor Customer Support,High,Technical,Closed,10.0,1.0
CMP003270,1260-TTRXI,2024-04-22,Wrong Charges,Medium,Customer Care,Open,,
CMP003271,6328-ZPBGN,2025-06-20,Low Download Speed,High,Sales,Resolved,1.0,2.0
CMP003272,4789-KWMXN,2021-04-02,Installation Delay,Medium,Sales,Resolved,4.0,1.0
CMP003273,4789-KWMXN,2025-12-16,Low Download Speed,Medium,Technical,Resolved,3.0,1.0
CMP003274,4789-KWMXN,2021-04-17,Slow Internet,Medium,Billing,Open,,
CMP003275,2867-UIMSS,2021-09-09,Low Download Speed,High,Billing,Closed,5.0,3.0
CMP003276,2867-UIMSS,2021-01-12,Low Download Speed,High,Network,In Progress,,
CMP003277,8111-RKSPX,2024-09-02,Call Drop,High,Billing,Resolved,13.0,2.0
CMP003278,8111-RKSPX,2024-04-11,Streaming Issue,Low,Customer Care,Closed,15.0,1.0
CMP003279,8111-RKSPX,2023-05-20,Payment Issue,High,Sales,Resolved,3.0,2.0
CMP003280,1585-MQSSU,2022-04-02,Call Drop,High,Customer Care,Resolved,5.0,2.0
CMP003281,1585-MQSSU,2020-01-12,Poor Customer Support,Low,Sales,Resolved,11.0,2.0
CMP003282,1585-MQSSU,2022-08-27,Billing Complaint,Low,Technical,In Progress,,
CMP003283,2856-NNASM,2022-12-23,Low Download Speed,High,Customer Care,Open,,
CMP003284,8559-CIZFV,2025-03-05,Billing Complaint,Medium,Sales,Resolved,10.0,2.0
CMP003285,8559-CIZFV,2021-08-07,Frequent Disconnections,High,Technical,In Progress,,
CMP003286,8559-CIZFV,2023-10-10,Poor Network,High,Network,Resolved,7.0,3.0
CMP003287,7547-EKNFS,2024-06-13,Frequent Disconnections,Medium,Technical,In Progress,,
CMP003288,6769-DYBQN,2022-09-14,Billing Complaint,High,Technical,Resolved,1.0,2.0
CMP003289,6769-DYBQN,2022-10-04,Service Outage,High,Billing,Resolved,9.0,2.0
CMP003290,4439-JMPMT,2025-01-18,Wrong Charges,Medium,Customer Care,Closed,15.0,3.0
CMP003291,4439-JMPMT,2020-06-19,Payment Issue,Low,Sales,Closed,9.0,3.0
CMP003292,4439-JMPMT,2020-09-16,Poor Network,Low,Network,Closed,4.0,1.0
CMP003293,2446-BEGGB,2020-10-12,Streaming Issue,Low,Sales,In Progress,,
CMP003294,1496-GGSUK,2023-04-25,Poor Customer Support,High,Network,Resolved,6.0,2.0
CMP003295,2575-GFSOE,2022-03-14,Slow Internet,Medium,Customer Care,Resolved,7.0,1.0
CMP003296,2842-JTCCU,2020-10-13,Slow Internet,Low,Billing,Resolved,8.0,1.0
CMP003297,2842-JTCCU,2023-04-23,Frequent Disconnections,High,Sales,In Progress,,
CMP003298,3296-SILRA,2025-12-02,Wrong Charges,Medium,Customer Care,Closed,7.0,2.0
CMP003299,3296-SILRA,2023-01-02,Service Outage,Medium,Billing,Closed,7.0,2.0
CMP003300,9681-OXGVC,2020-10-16,Wrong Charges,Medium,Customer Care,Closed,6.0,2.0
CMP003301,5180-UCIIQ,2021-09-23,Poor Customer Support,High,Technical,Resolved,5.0,3.0
CMP003302,5180-UCIIQ,2024-03-23,Payment Issue,High,Network,Closed,3.0,1.0
CMP003303,7153-OANIO,2022-05-11,Low Download Speed,Medium,Customer Care,Resolved,15.0,2.0
CMP003304,6521-YYTYI,2020-11-14,Streaming Issue,High,Technical,Resolved,2.0,1.0
CMP003305,6521-YYTYI,2025-10-10,Wrong Charges,Medium,Sales,Closed,4.0,1.0
CMP003306,6521-YYTYI,2024-06-12,Poor Network,Low,Customer Care,In Progress,,
CMP003307,8878-HMWBV,2025-02-07,Billing Complaint,Medium,Sales,Resolved,15.0,1.0
CMP003308,3751-KTZEL,2022-12-04,Call Drop,High,Customer Care,Resolved,8.0,3.0
CMP003309,3751-KTZEL,2020-09-23,Payment Issue,Low,Technical,Resolved,12.0,3.0
CMP003310,3751-KTZEL,2025-11-20,Streaming Issue,High,Network,Open,,
CMP003311,1977-STDKI,2023-12-23,Service Outage,High,Technical,Resolved,4.0,2.0
CMP003312,5813-UECBU,2023-11-16,Service Outage,Medium,Network,In Progress,,
CMP003313,0328-GRPMV,2020-09-14,Installation Delay,High,Network,Resolved,5.0,3.0
CMP003314,0328-GRPMV,2020-08-06,Low Download Speed,High,Sales,Closed,6.0,1.0
CMP003315,0328-GRPMV,2020-08-04,Call Drop,Medium,Network,In Progress,,
CMP003316,4342-HENTK,2023-03-20,Wrong Charges,Medium,Billing,Resolved,14.0,2.0
CMP003317,4342-HENTK,2024-02-14,Service Outage,High,Sales,Resolved,12.0,2.0
CMP003318,4342-HENTK,2020-04-18,Installation Delay,Medium,Network,Resolved,14.0,1.0
CMP003319,4195-SMMNX,2025-11-16,Payment Issue,High,Customer Care,In Progress,,
CMP003320,4195-SMMNX,2021-07-17,Billing Complaint,Low,Technical,Resolved,9.0,2.0
CMP003321,6956-SMUCM,2020-04-21,Poor Network,Medium,Billing,Resolved,10.0,3.0
CMP003322,6956-SMUCM,2022-08-02,Poor Customer Support,High,Customer Care,Resolved,10.0,1.0
CMP003323,6956-SMUCM,2020-04-17,Service Outage,Medium,Network,Resolved,11.0,2.0
CMP003324,3223-WZWJM,2025-12-23,Service Outage,High,Billing,Resolved,15.0,1.0
CMP003325,3223-WZWJM,2023-02-09,Streaming Issue,Low,Network,Resolved,15.0,2.0
CMP003326,3223-WZWJM,2020-08-16,Wrong Charges,Low,Technical,Resolved,12.0,2.0
CMP003327,9053-JZFKV,2022-10-09,Billing Complaint,High,Technical,In Progress,,
CMP003328,2530-ENDWQ,2024-10-22,Poor Customer Support,High,Customer Care,In Progress,,
CMP003329,2530-ENDWQ,2024-11-04,Slow Internet,High,Technical,Resolved,14.0,3.0
CMP003330,6615-ZGEDR,2024-03-03,Billing Complaint,Medium,Network,Resolved,13.0,2.0
CMP003331,6615-ZGEDR,2025-01-24,Customer Support,High,Billing,Closed,6.0,3.0
CMP003332,6615-ZGEDR,2025-09-25,Customer Support,Medium,Network,Closed,1.0,2.0
CMP003333,9250-WYPLL,2022-03-07,Billing Complaint,Medium,Billing,Closed,11.0,3.0
CMP003334,2754-XBHTB,2020-10-24,Low Download Speed,Medium,Sales,Open,,
CMP003335,2754-XBHTB,2024-11-11,Wrong Charges,High,Network,Closed,11.0,2.0
CMP003336,2754-XBHTB,2021-08-28,Installation Delay,High,Sales,Open,,
CMP003337,1597-LHYNC,2025-02-07,Installation Delay,Low,Sales,In Progress,,
CMP003338,7055-VKGDA,2021-11-09,Call Drop,Medium,Technical,Closed,4.0,3.0
CMP003339,7055-VKGDA,2020-12-02,Call Drop,High,Billing,Closed,1.0,1.0
CMP003340,0754-UKWQP,2022-05-03,Slow Internet,High,Technical,Closed,4.0,2.0
CMP003341,0754-UKWQP,2024-08-04,Poor Network,Medium,Network,Resolved,3.0,2.0
CMP003342,7493-TPUWZ,2021-10-15,Payment Issue,High,Technical,Closed,15.0,2.0
CMP003343,7493-TPUWZ,2021-02-18,Frequent Disconnections,Medium,Sales,Closed,2.0,3.0
CMP003344,7493-TPUWZ,2025-07-13,Installation Delay,High,Network,Resolved,5.0,3.0
CMP003345,1577-HKTFG,2021-11-09,Customer Support,High,Sales,Closed,8.0,1.0
CMP003346,1577-HKTFG,2020-07-20,Payment Issue,Medium,Customer Care,Resolved,5.0,1.0
CMP003347,1577-HKTFG,2020-03-14,Payment Issue,High,Customer Care,Open,,
CMP003348,8752-STIVR,2022-05-26,Wrong Charges,High,Network,Closed,3.0,1.0
CMP003349,8752-STIVR,2025-07-28,Payment Issue,Medium,Network,Open,,
CMP003350,8752-STIVR,2024-10-16,Installation Delay,High,Technical,Resolved,10.0,1.0
CMP003351,4558-FANTW,2024-12-12,Wrong Charges,Medium,Network,In Progress,,
CMP003352,4558-FANTW,2025-08-13,Installation Delay,Medium,Network,In Progress,,
CMP003353,4558-FANTW,2021-03-25,Payment Issue,Medium,Sales,In Progress,,
CMP003354,8651-ENBZX,2025-10-24,Service Outage,Medium,Network,Resolved,13.0,3.0
CMP003355,8651-ENBZX,2021-06-01,Poor Network,Medium,Technical,Resolved,4.0,1.0
CMP003356,7623-TRNQN,2025-12-03,Low Download Speed,Medium,Billing,Open,,
CMP003357,9330-IJWIO,2025-11-26,Service Outage,High,Customer Care,In Progress,,
CMP003358,9330-IJWIO,2022-11-06,Poor Customer Support,Medium,Technical,Resolved,4.0,2.0
CMP003359,9330-IJWIO,2024-10-28,Poor Customer Support,Medium,Sales,Resolved,5.0,2.0
CMP003360,9286-DOJGF,2020-12-21,Wrong Charges,Medium,Technical,Open,,
CMP003361,9286-DOJGF,2021-05-23,Slow Internet,High,Sales,Closed,5.0,1.0
CMP003362,9661-MHUMO,2022-02-03,Billing Complaint,Medium,Technical,In Progress,,
CMP003363,9661-MHUMO,2020-01-23,Installation Delay,Low,Network,Closed,2.0,1.0
CMP003364,9661-MHUMO,2025-05-01,Slow Internet,Medium,Billing,Resolved,14.0,2.0
CMP003365,1842-EZJMK,2021-12-13,Poor Customer Support,Low,Billing,Resolved,15.0,1.0
CMP003366,1842-EZJMK,2024-11-01,Billing Complaint,Low,Technical,Closed,4.0,2.0
CMP003367,8079-XRJRS,2024-12-20,Frequent Disconnections,Medium,Technical,Resolved,7.0,3.0
CMP003368,8073-IJDCM,2021-09-19,Payment Issue,Medium,Sales,Resolved,5.0,1.0
CMP003369,8073-IJDCM,2021-12-22,Payment Issue,High,Network,Resolved,6.0,3.0
CMP003370,8073-IJDCM,2025-05-24,Billing Complaint,Medium,Network,Closed,4.0,2.0
CMP003371,8884-ADFVN,2022-05-12,Poor Customer Support,Low,Sales,Resolved,8.0,2.0
CMP003372,8884-ADFVN,2020-12-14,Poor Network,High,Network,In Progress,,
CMP003373,2720-WGKHP,2023-10-25,Streaming Issue,High,Technical,Resolved,3.0,1.0
CMP003374,2720-WGKHP,2022-03-18,Installation Delay,Low,Customer Care,Resolved,3.0,2.0
CMP003375,2720-WGKHP,2023-04-05,Poor Network,Medium,Network,Open,,
CMP003376,2869-ADAWR,2020-05-06,Wrong Charges,Medium,Network,Resolved,9.0,3.0
CMP003377,2869-ADAWR,2023-11-26,Frequent Disconnections,High,Network,In Progress,,
CMP003378,9894-EZEWG,2023-07-20,Low Download Speed,Medium,Network,Resolved,7.0,2.0
CMP003379,9894-EZEWG,2024-09-27,Poor Customer Support,High,Billing,Resolved,7.0,3.0
CMP003380,9894-EZEWG,2023-12-19,Slow Internet,Medium,Sales,Resolved,12.0,1.0
CMP003381,7851-FLGGQ,2025-01-04,Payment Issue,High,Network,In Progress,,
CMP003382,7851-FLGGQ,2025-09-01,Payment Issue,High,Network,In Progress,,
CMP003383,7851-FLGGQ,2021-03-27,Poor Customer Support,Medium,Customer Care,Closed,7.0,1.0
CMP003384,0637-UBJRP,2025-08-14,Installation Delay,High,Sales,In Progress,,
CMP003385,0637-UBJRP,2025-05-08,Payment Issue,Medium,Network,Resolved,2.0,3.0
CMP003386,0940-OUQEC,2021-09-03,Billing Complaint,Medium,Network,Closed,4.0,1.0
CMP003387,0940-OUQEC,2021-03-09,Call Drop,High,Sales,Closed,6.0,2.0
CMP003388,0702-PGIBZ,2020-02-24,Installation Delay,Low,Technical,Resolved,3.0,3.0
CMP003389,1963-VAUKV,2020-02-17,Customer Support,High,Technical,Resolved,7.0,2.0
CMP003390,1963-VAUKV,2023-06-07,Customer Support,High,Sales,Closed,10.0,1.0
CMP003391,3058-HJCUY,2025-12-11,Billing Complaint,Low,Billing,In Progress,,
CMP003392,3259-FDWOY,2021-09-13,Payment Issue,Low,Billing,Resolved,13.0,1.0
CMP003393,0807-ZABDG,2025-10-04,Frequent Disconnections,Medium,Technical,In Progress,,
CMP003394,0807-ZABDG,2024-03-09,Service Outage,Medium,Technical,Closed,9.0,3.0
CMP003395,0807-ZABDG,2025-09-05,Billing Complaint,Medium,Sales,Resolved,8.0,3.0
CMP003396,5748-RNCJT,2024-10-12,Slow Internet,Medium,Billing,In Progress,,
CMP003397,5748-RNCJT,2025-03-27,Poor Network,High,Technical,Open,,
CMP003398,7739-LAXOG,2023-05-24,Call Drop,Low,Billing,Closed,3.0,3.0
CMP003399,7739-LAXOG,2023-03-13,Poor Network,High,Technical,Closed,15.0,3.0
CMP003400,7739-LAXOG,2023-02-10,Poor Network,High,Network,Resolved,2.0,1.0
CMP003401,9776-CLUJA,2025-09-03,Installation Delay,High,Customer Care,Closed,1.0,2.0
CMP003402,9776-CLUJA,2020-03-17,Poor Network,Medium,Billing,Open,,
CMP003403,6034-ZRYCV,2020-09-16,Poor Customer Support,High,Customer Care,Resolved,2.0,3.0
CMP003404,6034-ZRYCV,2021-11-14,Installation Delay,Medium,Technical,Resolved,10.0,2.0
CMP003405,2079-FBMZK,2024-03-02,Low Download Speed,Medium,Customer Care,Resolved,5.0,2.0
CMP003406,2079-FBMZK,2021-04-24,Streaming Issue,High,Sales,In Progress,,
CMP003407,2079-FBMZK,2020-12-13,Installation Delay,Medium,Technical,Resolved,1.0,3.0
CMP003408,6608-QQLVK,2025-10-13,Poor Network,Medium,Technical,Resolved,8.0,1.0
CMP003409,6608-QQLVK,2023-02-20,Frequent Disconnections,Medium,Network,Resolved,15.0,1.0
CMP003410,6608-QQLVK,2024-05-26,Poor Network,High,Customer Care,In Progress,,
CMP003411,3551-HUAZH,2023-07-27,Call Drop,High,Customer Care,Resolved,13.0,3.0
CMP003412,3551-HUAZH,2022-02-12,Low Download Speed,High,Billing,Resolved,12.0,3.0
CMP003413,3551-HUAZH,2023-10-02,Payment Issue,High,Network,Resolved,12.0,1.0
CMP003414,6302-JGYRJ,2021-01-21,Billing Complaint,Low,Customer Care,Resolved,15.0,3.0
CMP003415,6302-JGYRJ,2021-08-21,Service Outage,Medium,Customer Care,Closed,7.0,3.0
CMP003416,6302-JGYRJ,2020-04-16,Wrong Charges,Medium,Sales,Closed,11.0,1.0
CMP003417,3685-YLCMQ,2024-02-17,Poor Customer Support,High,Customer Care,Closed,10.0,1.0
CMP003418,3685-YLCMQ,2024-10-10,Streaming Issue,High,Network,Resolved,6.0,1.0
CMP003419,3685-YLCMQ,2025-12-16,Frequent Disconnections,Medium,Network,Resolved,2.0,1.0
CMP003420,8634-MPHTR,2020-02-27,Poor Customer Support,Medium,Billing,Closed,11.0,1.0
CMP003421,8761-NSOBC,2023-05-24,Slow Internet,Medium,Sales,Open,,
CMP003422,8761-NSOBC,2025-09-07,Poor Customer Support,Low,Billing,Closed,15.0,3.0
CMP003423,8413-VONUO,2023-03-15,Call Drop,High,Technical,Open,,
CMP003424,9223-UCPVT,2020-06-02,Call Drop,High,Sales,Closed,9.0,1.0
CMP003425,9223-UCPVT,2024-03-15,Wrong Charges,Medium,Network,In Progress,,
CMP003426,9223-UCPVT,2025-09-21,Frequent Disconnections,High,Billing,Resolved,1.0,3.0
CMP003427,4351-QLCSU,2021-12-09,Frequent Disconnections,High,Network,Open,,
CMP003428,4351-QLCSU,2024-12-06,Streaming Issue,Medium,Network,Open,,
CMP003429,4351-QLCSU,2020-10-08,Installation Delay,High,Customer Care,Open,,
CMP003430,5419-JPRRN,2024-12-20,Service Outage,Medium,Technical,Resolved,3.0,2.0
CMP003431,5419-JPRRN,2021-03-05,Wrong Charges,High,Customer Care,In Progress,,
CMP003432,5419-JPRRN,2022-12-08,Billing Complaint,Low,Technical,Open,,
CMP003433,2100-BDNSN,2024-10-11,Billing Complaint,High,Sales,Resolved,2.0,1.0
CMP003434,0488-GSLFR,2021-05-03,Streaming Issue,Low,Billing,Open,,
CMP003435,0488-GSLFR,2020-08-13,Poor Customer Support,Low,Network,Resolved,2.0,1.0
CMP003436,0488-GSLFR,2024-10-05,Frequent Disconnections,High,Billing,In Progress,,
CMP003437,9318-NKNFC,2021-11-24,Billing Complaint,Low,Billing,Open,,
CMP003438,9318-NKNFC,2020-02-22,Customer Support,Low,Network,Resolved,6.0,3.0
CMP003439,9728-FTTVZ,2021-11-15,Service Outage,High,Technical,Resolved,11.0,1.0
CMP003440,9728-FTTVZ,2020-11-02,Low Download Speed,Medium,Billing,In Progress,,
CMP003441,9728-FTTVZ,2025-08-07,Low Download Speed,Medium,Technical,Resolved,8.0,2.0
CMP003442,7254-IQWOZ,2023-02-05,Slow Internet,High,Network,Resolved,8.0,2.0
CMP003443,7254-IQWOZ,2024-09-05,Billing Complaint,Medium,Billing,Resolved,6.0,1.0
CMP003444,2474-BRUCM,2023-06-27,Low Download Speed,High,Technical,In Progress,,
CMP003445,2474-BRUCM,2021-08-16,Poor Network,High,Billing,Resolved,4.0,3.0
CMP003446,0742-NXBGR,2020-11-18,Call Drop,High,Network,Resolved,3.0,1.0
CMP003447,0742-NXBGR,2020-01-26,Wrong Charges,Medium,Billing,Resolved,12.0,1.0
CMP003448,6110-OHIHY,2020-02-03,Wrong Charges,Medium,Customer Care,Closed,2.0,3.0
CMP003449,6110-OHIHY,2025-11-03,Billing Complaint,High,Billing,In Progress,,
CMP003450,5889-LFOLL,2021-12-21,Frequent Disconnections,High,Technical,Resolved,15.0,2.0
CMP003451,5889-LFOLL,2024-11-02,Frequent Disconnections,Medium,Billing,Open,,
CMP003452,5708-EVONK,2023-01-10,Poor Network,High,Sales,Resolved,11.0,1.0
CMP003453,8708-XPXHZ,2024-10-05,Poor Customer Support,High,Sales,Resolved,7.0,3.0
CMP003454,8708-XPXHZ,2022-03-23,Wrong Charges,High,Billing,Open,,
CMP003455,8708-XPXHZ,2022-09-28,Poor Customer Support,High,Network,In Progress,,
CMP003456,0616-ATFGB,2025-04-10,Frequent Disconnections,Medium,Customer Care,Resolved,11.0,3.0
CMP003457,0616-ATFGB,2024-01-26,Payment Issue,High,Sales,Resolved,3.0,1.0
CMP003458,0616-ATFGB,2022-03-18,Wrong Charges,High,Sales,In Progress,,
CMP003459,7016-BPGEU,2022-04-05,Service Outage,Medium,Sales,In Progress,,
CMP003460,7016-BPGEU,2025-09-23,Wrong Charges,Medium,Sales,Resolved,10.0,1.0
CMP003461,7016-BPGEU,2022-06-04,Call Drop,Medium,Billing,In Progress,,
CMP003462,6876-ADESB,2021-10-09,Streaming Issue,Medium,Technical,Open,,
CMP003463,1963-SVUCV,2025-07-04,Payment Issue,High,Network,Closed,8.0,2.0
CMP003464,1963-SVUCV,2024-06-19,Payment Issue,Low,Billing,Resolved,2.0,2.0
CMP003465,0220-EBGCE,2023-04-18,Wrong Charges,Medium,Customer Care,In Progress,,
CMP003466,0220-EBGCE,2020-09-12,Service Outage,Low,Sales,Closed,5.0,1.0
CMP003467,2754-VDLTR,2022-07-22,Low Download Speed,Medium,Sales,In Progress,,
CMP003468,3190-XFANI,2025-09-21,Wrong Charges,Medium,Network,Closed,15.0,3.0
CMP003469,3190-XFANI,2024-02-24,Service Outage,High,Technical,In Progress,,
CMP003470,3190-XFANI,2025-09-15,Slow Internet,High,Billing,Resolved,15.0,1.0
CMP003471,7551-DACSP,2022-04-13,Installation Delay,High,Network,In Progress,,
CMP003472,7551-DACSP,2020-07-14,Poor Network,Low,Billing,Closed,15.0,1.0
CMP003473,7235-NXZCP,2022-07-22,Frequent Disconnections,Medium,Billing,Resolved,7.0,3.0
CMP003474,0520-FDVVT,2020-01-09,Payment Issue,Medium,Technical,Resolved,6.0,1.0
CMP003475,0520-FDVVT,2022-05-14,Poor Network,High,Network,In Progress,,
CMP003476,0520-FDVVT,2022-05-25,Call Drop,Medium,Technical,Resolved,3.0,1.0
CMP003477,1444-VVSGW,2025-09-10,Slow Internet,High,Technical,Resolved,3.0,1.0
CMP003478,1444-VVSGW,2022-08-08,Streaming Issue,Medium,Network,In Progress,,
CMP003479,1444-VVSGW,2025-04-13,Frequent Disconnections,Medium,Sales,Resolved,11.0,2.0
CMP003480,5712-PTIWW,2025-05-04,Call Drop,High,Network,Closed,4.0,2.0
CMP003481,3315-TOTBP,2023-10-20,Wrong Charges,High,Sales,In Progress,,
CMP003482,3315-TOTBP,2023-12-27,Payment Issue,Medium,Billing,Resolved,4.0,1.0
CMP003483,3315-TOTBP,2025-05-07,Low Download Speed,Medium,Network,Closed,13.0,2.0
CMP003484,6661-HBGWL,2022-03-12,Call Drop,Low,Customer Care,Closed,11.0,1.0
CMP003485,6661-HBGWL,2022-07-22,Service Outage,High,Billing,Resolved,9.0,2.0
CMP003486,6661-HBGWL,2023-02-03,Payment Issue,Low,Technical,Resolved,15.0,1.0
CMP003487,1518-VOWAV,2023-02-23,Call Drop,High,Technical,In Progress,,
CMP003488,1518-VOWAV,2025-09-21,Payment Issue,High,Customer Care,Closed,8.0,3.0
CMP003489,5909-ECHUI,2025-08-17,Payment Issue,High,Sales,Open,,
CMP003490,5909-ECHUI,2022-04-19,Wrong Charges,Low,Billing,Resolved,6.0,1.0
CMP003491,5909-ECHUI,2020-09-11,Poor Customer Support,High,Network,Closed,2.0,2.0
CMP003492,1309-BXVOQ,2020-04-06,Call Drop,High,Customer Care,Open,,
CMP003493,9317-WZPGV,2025-08-09,Billing Complaint,High,Billing,Closed,12.0,2.0
CMP003494,9317-WZPGV,2020-10-24,Service Outage,Medium,Technical,Closed,8.0,1.0
CMP003495,9317-WZPGV,2022-05-11,Low Download Speed,High,Sales,Resolved,14.0,2.0
CMP003496,2856-HYAPG,2022-01-12,Slow Internet,High,Sales,Resolved,15.0,1.0
CMP003497,4488-PSYCG,2024-05-18,Customer Support,High,Sales,Resolved,7.0,1.0
CMP003498,3621-CEOVK,2022-08-25,Frequent Disconnections,High,Billing,Closed,3.0,1.0
CMP003499,6906-ANDWJ,2023-10-12,Poor Network,High,Sales,Open,,
CMP003500,6906-ANDWJ,2025-06-26,Billing Complaint,Medium,Network,Closed,7.0,2.0
CMP003501,6906-ANDWJ,2022-08-05,Poor Network,Low,Billing,Resolved,12.0,2.0
CMP003502,1031-IIDEO,2023-04-20,Low Download Speed,Medium,Sales,Closed,4.0,1.0
CMP003503,1031-IIDEO,2025-01-12,Installation Delay,Medium,Billing,Closed,6.0,3.0
CMP003504,5832-XKAES,2021-08-25,Frequent Disconnections,Low,Sales,Resolved,5.0,1.0
CMP003505,5832-XKAES,2025-07-11,Streaming Issue,High,Sales,In Progress,,
CMP003506,5832-XKAES,2020-03-18,Low Download Speed,High,Customer Care,Resolved,3.0,2.0
CMP003507,4701-AHWMW,2024-12-03,Poor Customer Support,Low,Technical,Closed,2.0,2.0
CMP003508,4701-AHWMW,2021-05-22,Installation Delay,High,Network,Closed,2.0,2.0
CMP003509,9210-IAHGH,2020-11-08,Streaming Issue,High,Network,In Progress,,
CMP003510,0023-XUOPT,2022-09-07,Slow Internet,Medium,Sales,In Progress,,
CMP003511,4592-IWTJI,2025-12-26,Installation Delay,Medium,Sales,In Progress,,
CMP003512,7632-MNYOY,2025-02-24,Frequent Disconnections,High,Customer Care,Open,,
CMP003513,6518-LGAOV,2022-08-20,Installation Delay,High,Billing,Resolved,4.0,3.0
CMP003514,6518-LGAOV,2021-07-08,Low Download Speed,Medium,Customer Care,Closed,13.0,3.0
CMP003515,6518-LGAOV,2025-07-21,Frequent Disconnections,High,Billing,In Progress,,
CMP003516,7242-QZLXF,2021-05-05,Billing Complaint,High,Customer Care,Open,,
CMP003517,4576-CSAJH,2020-11-11,Streaming Issue,Low,Technical,Resolved,9.0,1.0
CMP003518,1000-AJSLD,2022-11-20,Payment Issue,High,Sales,Resolved,1.0,2.0
CMP003519,1062-LHZOD,2021-08-13,Slow Internet,Medium,Technical,In Progress,,
CMP003520,1062-LHZOD,2022-01-21,Wrong Charges,High,Network,In Progress,,
CMP003521,9600-NAXZN,2024-02-16,Payment Issue,Low,Customer Care,In Progress,,
CMP003522,6457-USBER,2020-01-22,Service Outage,High,Customer Care,Closed,9.0,3.0
CMP003523,6457-USBER,2024-03-02,Service Outage,Medium,Network,In Progress,,
CMP003524,4662-EKDPQ,2021-03-27,Slow Internet,Medium,Sales,Resolved,11.0,3.0
CMP003525,4662-EKDPQ,2022-01-11,Payment Issue,Low,Billing,Closed,5.0,1.0
CMP003526,9248-OJYKK,2022-03-03,Low Download Speed,High,Customer Care,Resolved,2.0,3.0
CMP003527,3398-FSHON,2020-09-28,Low Download Speed,Medium,Customer Care,Closed,7.0,3.0
CMP003528,3319-DWOEP,2023-09-25,Poor Customer Support,High,Billing,Resolved,11.0,2.0
CMP003529,9259-PACGQ,2021-05-23,Streaming Issue,High,Network,Closed,4.0,3.0
CMP003530,4415-IJZTP,2025-02-03,Billing Complaint,High,Billing,Resolved,9.0,2.0
CMP003531,1465-VINDH,2020-10-11,Slow Internet,Medium,Sales,In Progress,,
CMP003532,1465-VINDH,2024-04-25,Call Drop,High,Billing,Closed,2.0,1.0
CMP003533,2810-FTLEM,2022-07-05,Slow Internet,Medium,Billing,Closed,6.0,2.0
CMP003534,2810-FTLEM,2023-11-04,Low Download Speed,High,Technical,Resolved,13.0,3.0
CMP003535,1925-TIBLE,2025-09-25,Low Download Speed,High,Customer Care,Resolved,13.0,2.0
CMP003536,1925-TIBLE,2021-12-22,Streaming Issue,High,Billing,Resolved,8.0,1.0
CMP003537,0818-OCPZO,2023-12-19,Installation Delay,Low,Sales,Open,,
CMP003538,0818-OCPZO,2022-04-02,Wrong Charges,High,Technical,Closed,15.0,3.0
CMP003539,1447-GIQMR,2023-11-14,Low Download Speed,High,Network,Closed,2.0,2.0
CMP003540,0872-NXJYS,2025-08-21,Streaming Issue,High,Billing,Open,,
CMP003541,0872-NXJYS,2024-03-20,Wrong Charges,High,Technical,In Progress,,
CMP003542,0872-NXJYS,2023-05-13,Billing Complaint,Medium,Technical,Open,,
CMP003543,9412-ARGBX,2021-04-03,Poor Network,High,Sales,Closed,8.0,3.0
CMP003544,9412-ARGBX,2024-03-14,Wrong Charges,Medium,Sales,Resolved,15.0,3.0
CMP003545,1389-CXMLU,2020-05-25,Poor Customer Support,Medium,Customer Care,Open,,
CMP003546,1389-CXMLU,2022-07-26,Frequent Disconnections,Low,Billing,Open,,
CMP003547,5561-NWEVX,2024-12-25,Billing Complaint,Medium,Technical,In Progress,,
CMP003548,2737-WFVYW,2025-09-16,Frequent Disconnections,Low,Network,Resolved,7.0,3.0
CMP003549,2737-WFVYW,2021-03-16,Poor Network,High,Sales,Open,,
CMP003550,2737-WFVYW,2025-04-21,Poor Network,High,Sales,Resolved,7.0,2.0
CMP003551,2272-QAGFO,2022-09-18,Frequent Disconnections,High,Network,In Progress,,
CMP003552,2272-QAGFO,2024-03-24,Streaming Issue,Medium,Customer Care,Resolved,12.0,3.0
CMP003553,2272-QAGFO,2024-12-25,Poor Network,Medium,Customer Care,In Progress,,
CMP003554,9850-OWRHQ,2020-06-17,Service Outage,Medium,Network,Closed,13.0,3.0
CMP003555,9850-OWRHQ,2021-11-24,Poor Customer Support,Medium,Billing,Resolved,14.0,3.0
CMP003556,3768-NLUBH,2020-01-02,Installation Delay,Low,Technical,Resolved,2.0,3.0
CMP003557,3768-NLUBH,2024-05-12,Slow Internet,Low,Sales,Resolved,11.0,1.0
CMP003558,3768-NLUBH,2023-11-28,Streaming Issue,High,Network,In Progress,,
CMP003559,8676-TRMJS,2022-07-17,Billing Complaint,Medium,Billing,Closed,12.0,3.0
CMP003560,7359-SSBJK,2021-02-07,Slow Internet,High,Technical,Resolved,4.0,2.0
CMP003561,0685-MLYYM,2022-03-09,Payment Issue,Medium,Sales,Resolved,7.0,2.0
CMP003562,0685-MLYYM,2020-07-20,Low Download Speed,High,Billing,Closed,5.0,3.0
CMP003563,8182-PNAGI,2023-09-06,Installation Delay,High,Sales,Resolved,1.0,1.0
CMP003564,8182-PNAGI,2023-02-18,Payment Issue,High,Billing,Resolved,8.0,1.0
CMP003565,8182-PNAGI,2021-09-27,Poor Network,High,Sales,Resolved,12.0,1.0
CMP003566,7957-RYHQD,2024-09-21,Poor Network,High,Technical,Resolved,6.0,1.0
CMP003567,2180-DXNEG,2023-04-16,Low Download Speed,High,Sales,Closed,5.0,3.0
CMP003568,2180-DXNEG,2021-07-11,Call Drop,High,Customer Care,Resolved,1.0,2.0
CMP003569,5515-AKOAJ,2024-11-21,Service Outage,Low,Network,In Progress,,
CMP003570,5515-AKOAJ,2025-06-23,Slow Internet,Medium,Billing,Resolved,5.0,3.0
CMP003571,8976-OQHGT,2024-11-05,Poor Customer Support,High,Customer Care,Resolved,15.0,3.0
CMP003572,8976-OQHGT,2021-10-14,Installation Delay,Medium,Customer Care,Closed,2.0,3.0
CMP003573,6230-BSUXY,2021-11-08,Wrong Charges,Medium,Sales,Closed,11.0,3.0
CMP003574,6230-BSUXY,2025-08-09,Poor Customer Support,Medium,Customer Care,Closed,7.0,1.0
CMP003575,6230-BSUXY,2024-08-08,Low Download Speed,Low,Customer Care,Closed,15.0,1.0
CMP003576,5294-CDGWY,2021-11-27,Low Download Speed,Medium,Network,Open,,
CMP003577,5295-PCJOO,2025-04-11,Call Drop,Medium,Network,Open,,
CMP003578,5295-PCJOO,2021-12-08,Wrong Charges,High,Network,In Progress,,
CMP003579,5295-PCJOO,2022-05-13,Call Drop,Medium,Billing,Closed,7.0,3.0
CMP003580,9863-JZAIC,2022-08-05,Slow Internet,High,Billing,Resolved,1.0,3.0
CMP003581,7660-HDPJV,2021-06-17,Installation Delay,Low,Billing,Resolved,1.0,1.0
CMP003582,7660-HDPJV,2025-04-15,Service Outage,Medium,Technical,Resolved,13.0,1.0
CMP003583,7660-HDPJV,2021-09-01,Wrong Charges,High,Technical,In Progress,,
CMP003584,7931-PXHFC,2022-06-27,Service Outage,High,Customer Care,In Progress,,
CMP003585,7931-PXHFC,2023-12-20,Service Outage,High,Technical,Resolved,3.0,1.0
CMP003586,7931-PXHFC,2020-06-26,Streaming Issue,Medium,Technical,In Progress,,
CMP003587,3990-QYKBE,2025-02-09,Call Drop,Medium,Technical,In Progress,,
CMP003588,4919-MOAVT,2021-11-01,Frequent Disconnections,Medium,Technical,In Progress,,
CMP003589,4919-MOAVT,2022-11-22,Frequent Disconnections,Medium,Technical,Resolved,12.0,1.0
CMP003590,3090-HAWSU,2021-11-08,Slow Internet,Medium,Network,Resolved,13.0,1.0
CMP003591,9820-RMCQV,2020-06-05,Poor Network,Low,Sales,Open,,
CMP003592,9820-RMCQV,2020-03-21,Installation Delay,High,Customer Care,Closed,14.0,3.0
CMP003593,7839-QRKXN,2023-02-08,Customer Support,Medium,Network,In Progress,,
CMP003594,5204-QZXPU,2025-08-06,Slow Internet,Medium,Technical,Closed,10.0,3.0
CMP003595,5204-QZXPU,2020-07-27,Frequent Disconnections,High,Billing,In Progress,,
CMP003596,5204-QZXPU,2024-01-21,Billing Complaint,Medium,Network,Resolved,6.0,3.0
CMP003597,4597-ELFTS,2025-05-07,Customer Support,High,Technical,Resolved,10.0,3.0
CMP003598,4597-ELFTS,2022-12-01,Payment Issue,High,Sales,Resolved,2.0,2.0
CMP003599,4597-ELFTS,2022-06-15,Billing Complaint,Medium,Customer Care,Closed,2.0,3.0
CMP003600,8450-JOVAH,2021-08-04,Wrong Charges,High,Sales,Resolved,6.0,3.0
CMP003601,8450-JOVAH,2020-11-11,Slow Internet,Medium,Billing,Resolved,1.0,3.0
CMP003602,1113-IUJYX,2024-08-05,Service Outage,High,Customer Care,Resolved,1.0,2.0
CMP003603,9274-CNFMO,2022-10-24,Low Download Speed,High,Billing,Closed,11.0,3.0
CMP003604,9274-CNFMO,2021-03-10,Installation Delay,High,Network,Resolved,2.0,3.0
CMP003605,7758-XKCBS,2024-04-10,Poor Network,Medium,Customer Care,Closed,15.0,3.0
CMP003606,7758-XKCBS,2021-10-07,Poor Network,Medium,Customer Care,Resolved,9.0,2.0
CMP003607,7758-XKCBS,2021-12-10,Wrong Charges,High,Sales,Open,,
CMP003608,8992-JQYUN,2024-08-14,Slow Internet,Medium,Sales,Resolved,11.0,1.0
CMP003609,0617-AQNWT,2023-11-22,Low Download Speed,Low,Billing,Closed,1.0,3.0
CMP003610,2446-PLQVO,2020-02-21,Low Download Speed,Medium,Billing,Open,,
CMP003611,3005-NFMTA,2020-09-27,Call Drop,Medium,Sales,Resolved,8.0,1.0
CMP003612,3005-NFMTA,2025-08-04,Poor Customer Support,High,Technical,Closed,7.0,1.0
CMP003613,8784-CGILN,2023-08-25,Service Outage,Medium,Billing,Resolved,14.0,1.0
CMP003614,8784-CGILN,2025-12-23,Poor Network,High,Customer Care,Open,,
CMP003615,8784-CGILN,2022-07-01,Low Download Speed,High,Sales,In Progress,,
CMP003616,5389-FFVKB,2024-02-18,Poor Network,High,Customer Care,Closed,6.0,2.0
CMP003617,5389-FFVKB,2021-05-24,Poor Customer Support,High,Network,Open,,
CMP003618,5389-FFVKB,2020-08-14,Billing Complaint,Low,Sales,Open,,
CMP003619,8444-WRIDW,2024-02-04,Poor Customer Support,High,Network,In Progress,,
CMP003620,8444-WRIDW,2024-07-04,Payment Issue,Medium,Billing,Resolved,13.0,1.0
CMP003621,8444-WRIDW,2023-06-05,Streaming Issue,High,Billing,Open,,
CMP003622,9451-LPGOO,2020-07-06,Call Drop,Low,Billing,Closed,7.0,3.0
CMP003623,5868-YWPDW,2022-02-28,Low Download Speed,Medium,Technical,Resolved,3.0,1.0
CMP003624,2025-JKFWI,2020-02-02,Billing Complaint,Medium,Network,Closed,9.0,3.0
CMP003625,4078-SAYYN,2021-02-07,Wrong Charges,High,Technical,Open,,
CMP003626,4078-SAYYN,2024-06-23,Low Download Speed,Medium,Customer Care,Resolved,3.0,3.0
CMP003627,9940-HPQPG,2021-03-01,Call Drop,High,Technical,Open,,
CMP003628,9940-HPQPG,2023-10-19,Slow Internet,Medium,Customer Care,Resolved,4.0,2.0
CMP003629,9940-HPQPG,2022-08-11,Low Download Speed,Low,Customer Care,Resolved,13.0,1.0
CMP003630,6618-RYATB,2021-11-14,Call Drop,Medium,Billing,In Progress,,
CMP003631,6618-RYATB,2022-01-15,Frequent Disconnections,Medium,Customer Care,In Progress,,
CMP003632,9079-YEXQJ,2024-09-21,Streaming Issue,Medium,Technical,Closed,2.0,2.0
CMP003633,9079-YEXQJ,2025-04-25,Payment Issue,Medium,Billing,In Progress,,
CMP003634,2685-SREOM,2021-08-13,Frequent Disconnections,Low,Network,Open,,
CMP003635,0402-CQAJN,2021-01-17,Slow Internet,Low,Sales,Closed,10.0,3.0
CMP003636,6692-UDPJC,2023-07-13,Wrong Charges,High,Network,Resolved,4.0,3.0
CMP003637,6692-UDPJC,2025-10-13,Billing Complaint,Low,Sales,Resolved,12.0,3.0
CMP003638,6692-UDPJC,2020-10-03,Call Drop,High,Network,Resolved,12.0,1.0
CMP003639,1273-MTETI,2023-12-27,Frequent Disconnections,Medium,Technical,Resolved,7.0,2.0
CMP003640,5480-HPRRX,2020-02-08,Payment Issue,Low,Customer Care,Resolved,1.0,1.0
CMP003641,5480-HPRRX,2024-01-06,Installation Delay,Medium,Customer Care,In Progress,,
CMP003642,5480-HPRRX,2020-09-05,Poor Customer Support,Medium,Technical,In Progress,,
CMP003643,0295-PPHDO,2021-07-06,Wrong Charges,Medium,Billing,Open,,
CMP003644,0295-PPHDO,2023-01-26,Low Download Speed,Low,Customer Care,Resolved,14.0,1.0
CMP003645,0295-PPHDO,2021-07-03,Payment Issue,Medium,Billing,In Progress,,
CMP003646,1195-OIYEJ,2020-09-16,Call Drop,High,Billing,In Progress,,
CMP003647,5906-CVLHP,2024-07-13,Poor Customer Support,High,Network,Resolved,15.0,3.0
CMP003648,5906-CVLHP,2023-10-24,Streaming Issue,High,Sales,In Progress,,
CMP003649,5906-CVLHP,2025-06-21,Low Download Speed,High,Sales,Resolved,12.0,2.0
CMP003650,4501-EQDRN,2023-10-20,Wrong Charges,Low,Network,Resolved,1.0,1.0
CMP003651,4501-EQDRN,2023-09-28,Low Download Speed,Medium,Customer Care,Closed,8.0,3.0
CMP003652,2990-HWIML,2020-05-02,Call Drop,High,Billing,In Progress,,
CMP003653,2990-HWIML,2024-01-08,Streaming Issue,Medium,Billing,Resolved,2.0,2.0
CMP003654,2990-HWIML,2025-08-13,Billing Complaint,High,Billing,Resolved,3.0,3.0
CMP003655,7384-GHBPI,2022-12-07,Billing Complaint,High,Billing,In Progress,,
CMP003656,7603-USHJS,2025-03-06,Payment Issue,Medium,Technical,Resolved,15.0,1.0
CMP003657,7603-USHJS,2021-04-10,Wrong Charges,High,Billing,Open,,
CMP003658,7234-FECYN,2023-07-07,Low Download Speed,High,Technical,Closed,10.0,1.0
CMP003659,7234-FECYN,2024-05-02,Frequent Disconnections,Medium,Technical,Resolved,2.0,2.0
CMP003660,7234-FECYN,2020-05-08,Call Drop,Medium,Sales,Resolved,2.0,2.0
CMP003661,5876-HZVZM,2023-12-09,Frequent Disconnections,High,Technical,Closed,12.0,3.0
CMP003662,5876-HZVZM,2024-01-19,Service Outage,High,Billing,Open,,
CMP003663,5876-HZVZM,2024-05-26,Frequent Disconnections,High,Sales,Resolved,1.0,2.0
CMP003664,1400-MMYXY,2024-12-22,Poor Customer Support,High,Network,Resolved,3.0,1.0
CMP003665,1400-MMYXY,2020-09-01,Call Drop,High,Technical,Open,,
CMP003666,3085-QUOZK,2022-08-24,Billing Complaint,Medium,Technical,In Progress,,
CMP003667,3926-CUQZX,2023-08-19,Frequent Disconnections,Medium,Sales,Closed,14.0,2.0
CMP003668,3926-CUQZX,2020-03-11,Slow Internet,High,Customer Care,Resolved,10.0,1.0
CMP003669,1041-RXHRA,2021-12-26,Installation Delay,Medium,Customer Care,Resolved,10.0,2.0
CMP003670,1041-RXHRA,2021-09-10,Low Download Speed,High,Customer Care,Resolved,7.0,3.0
CMP003671,1750-CSKKM,2024-09-27,Billing Complaint,Low,Billing,Open,,
CMP003672,1750-CSKKM,2023-02-15,Billing Complaint,High,Network,Open,,
CMP003673,7142-HVGBG,2022-08-17,Wrong Charges,Medium,Customer Care,Open,,
CMP003674,8267-ZNYVZ,2021-11-23,Billing Complaint,Medium,Sales,Resolved,11.0,3.0
CMP003675,8267-ZNYVZ,2021-01-27,Installation Delay,High,Network,In Progress,,
CMP003676,8267-ZNYVZ,2025-12-07,Service Outage,High,Sales,Closed,11.0,1.0
CMP003677,6457-GIRWB,2022-10-14,Wrong Charges,Medium,Customer Care,Resolved,14.0,3.0
CMP003678,1450-SKCVI,2020-07-27,Installation Delay,High,Billing,Resolved,11.0,2.0
CMP003679,1450-SKCVI,2024-09-21,Billing Complaint,High,Billing,In Progress,,
CMP003680,5570-PTWEH,2023-07-14,Call Drop,High,Network,In Progress,,
CMP003681,6502-MJQAE,2025-05-11,Poor Network,Medium,Network,Closed,5.0,1.0
CMP003682,7693-LCKZL,2021-01-21,Poor Customer Support,High,Billing,Resolved,2.0,1.0
CMP003683,0032-PGELS,2023-01-23,Call Drop,High,Network,Resolved,3.0,1.0
CMP003684,0032-PGELS,2025-10-09,Slow Internet,Medium,Customer Care,Resolved,5.0,1.0
CMP003685,0032-PGELS,2022-07-28,Billing Complaint,High,Network,Closed,12.0,1.0
CMP003686,6797-LNAQX,2021-07-19,Low Download Speed,High,Network,Open,,
CMP003687,6797-LNAQX,2022-06-19,Poor Customer Support,Medium,Billing,Resolved,13.0,1.0
CMP003688,6797-LNAQX,2020-02-04,Billing Complaint,Medium,Billing,Open,,
CMP003689,6394-MFYNG,2024-05-06,Payment Issue,High,Billing,Open,,
CMP003690,6394-MFYNG,2025-09-22,Streaming Issue,Medium,Customer Care,Resolved,12.0,3.0
CMP003691,1564-NTYXF,2020-12-03,Service Outage,Medium,Technical,Resolved,4.0,3.0
CMP003692,1564-NTYXF,2020-03-21,Billing Complaint,Medium,Technical,Resolved,6.0,3.0
CMP003693,1564-NTYXF,2024-01-17,Call Drop,High,Network,Resolved,5.0,1.0
CMP003694,8155-IBNHG,2024-01-23,Slow Internet,Low,Technical,Resolved,12.0,3.0
CMP003695,8155-IBNHG,2021-08-02,Frequent Disconnections,Low,Sales,Resolved,5.0,1.0
CMP003696,8155-IBNHG,2023-12-12,Streaming Issue,High,Network,Resolved,11.0,3.0
CMP003697,0886-QGENL,2025-04-25,Poor Network,Medium,Sales,Resolved,11.0,3.0
CMP003698,8739-WWKDU,2022-05-08,Streaming Issue,High,Network,Open,,
CMP003699,8685-WHQPW,2022-02-14,Call Drop,Medium,Billing,Resolved,4.0,3.0
CMP003700,8685-WHQPW,2024-01-08,Service Outage,Medium,Technical,Closed,10.0,2.0
CMP003701,4745-LSPLO,2022-11-25,Customer Support,High,Network,Resolved,14.0,3.0
CMP003702,4745-LSPLO,2024-10-16,Customer Support,High,Customer Care,In Progress,,
CMP003703,4745-LSPLO,2020-07-22,Customer Support,Medium,Network,Resolved,9.0,3.0
CMP003704,8083-YTZES,2023-11-26,Slow Internet,High,Network,Resolved,14.0,2.0
CMP003705,8083-YTZES,2025-04-09,Installation Delay,High,Customer Care,Resolved,3.0,3.0
CMP003706,7240-FQLHE,2020-04-13,Poor Network,High,Billing,Open,,
CMP003707,7240-FQLHE,2022-07-18,Poor Customer Support,Low,Billing,In Progress,,
CMP003708,7240-FQLHE,2025-03-24,Installation Delay,High,Billing,In Progress,,
CMP003709,6664-FPDAC,2025-05-01,Call Drop,High,Customer Care,Closed,2.0,2.0
CMP003710,6664-FPDAC,2023-05-06,Call Drop,High,Sales,Resolved,15.0,3.0
CMP003711,6664-FPDAC,2025-11-25,Slow Internet,High,Network,In Progress,,
CMP003712,0786-VSSUD,2021-01-12,Low Download Speed,Medium,Technical,Resolved,1.0,3.0
CMP003713,0786-VSSUD,2022-09-20,Slow Internet,High,Network,Open,,
CMP003714,3976-BWUCK,2020-02-26,Service Outage,High,Network,Open,,
CMP003715,3976-BWUCK,2020-06-01,Low Download Speed,Medium,Sales,In Progress,,
CMP003716,3976-BWUCK,2023-10-22,Payment Issue,High,Billing,Open,,
CMP003717,3585-ISXZP,2022-03-22,Billing Complaint,Low,Network,In Progress,,
CMP003718,6583-QGCSI,2024-12-20,Installation Delay,Low,Customer Care,Resolved,11.0,1.0
CMP003719,6583-QGCSI,2025-08-26,Poor Network,High,Billing,Resolved,11.0,3.0
CMP003720,4174-LPGTI,2023-10-05,Low Download Speed,Low,Sales,Open,,
CMP003721,2108-XWMPY,2020-12-12,Streaming Issue,High,Technical,Closed,2.0,3.0
CMP003722,6304-IJFSQ,2025-09-26,Slow Internet,High,Billing,In Progress,,
CMP003723,6304-IJFSQ,2021-10-17,Service Outage,Low,Billing,Open,,
CMP003724,6304-IJFSQ,2022-01-18,Installation Delay,Medium,Technical,In Progress,,
CMP003725,0093-XWZFY,2022-09-18,Billing Complaint,High,Billing,Closed,11.0,1.0
CMP003726,1980-KXVPM,2023-07-24,Streaming Issue,High,Sales,Resolved,9.0,1.0
CMP003727,1980-KXVPM,2023-02-05,Installation Delay,Low,Network,In Progress,,
CMP003728,7703-ZEKEF,2024-12-12,Low Download Speed,High,Sales,Resolved,2.0,2.0
CMP003729,7703-ZEKEF,2022-10-24,Call Drop,High,Customer Care,Resolved,1.0,2.0
CMP003730,0723-DRCLG,2021-07-28,Low Download Speed,High,Sales,Resolved,3.0,2.0
CMP003731,5482-NUPNA,2023-04-16,Installation Delay,High,Customer Care,Open,,
CMP003732,5482-NUPNA,2025-07-19,Call Drop,Medium,Billing,In Progress,,
CMP003733,5482-NUPNA,2020-06-08,Poor Customer Support,High,Sales,Resolved,12.0,2.0
CMP003734,1122-JWTJW,2023-08-03,Low Download Speed,High,Customer Care,Open,,
CMP003735,1122-JWTJW,2024-09-21,Call Drop,Medium,Technical,In Progress,,
CMP003736,1699-HPSBG,2020-06-16,Service Outage,Medium,Billing,Open,,
CMP003737,1699-HPSBG,2023-07-18,Wrong Charges,High,Customer Care,Resolved,14.0,1.0
CMP003738,8775-CEBBJ,2023-01-17,Payment Issue,High,Sales,Open,,
CMP003739,8775-CEBBJ,2023-01-11,Payment Issue,Medium,Technical,Resolved,14.0,1.0
CMP003740,6894-LFHLY,2021-04-06,Installation Delay,Medium,Sales,Open,,
CMP003741,0639-TSIQW,2023-04-19,Payment Issue,High,Network,Open,,
CMP003742,0639-TSIQW,2025-02-23,Low Download Speed,Medium,Billing,In Progress,,
CMP003743,0639-TSIQW,2023-12-08,Service Outage,High,Sales,In Progress,,
CMP003744,8361-LTMKD,2021-05-19,Slow Internet,Medium,Billing,Closed,13.0,2.0
CMP003745,8361-LTMKD,2022-05-26,Slow Internet,High,Technical,Resolved,1.0,3.0
CMP003746,1452-KIOVK,2021-07-16,Slow Internet,Medium,Technical,In Progress,,
CMP003747,1452-KIOVK,2021-07-22,Call Drop,Medium,Sales,Closed,2.0,3.0
CMP003748,6713-OKOMC,2021-07-18,Low Download Speed,Medium,Sales,In Progress,,
CMP003749,8091-TTVAX,2024-10-16,Poor Customer Support,Low,Technical,Closed,1.0,5.0
CMP003750,5129-JLPIS,2023-03-04,Poor Customer Support,Low,Customer Care,Resolved,14.0,3.0
CMP003751,8191-XWSZG,2020-04-05,Billing Complaint,Low,Sales,Closed,3.0,4.0
CMP003752,9959-WOFKT,2022-04-10,Low Download Speed,Medium,Billing,Open,,
CMP003753,4183-MYFRB,2021-10-17,Poor Customer Support,Low,Customer Care,Resolved,4.0,5.0
CMP003754,1680-VDCWW,2020-03-07,Billing Complaint,Medium,Technical,In Progress,,
CMP003755,3638-WEABW,2020-11-09,Service Outage,Medium,Customer Care,Resolved,5.0,4.0
CMP003756,6865-JZNKO,2020-12-16,Low Download Speed,Medium,Billing,Resolved,15.0,5.0
CMP003757,6865-JZNKO,2025-04-09,Frequent Disconnections,Medium,Customer Care,In Progress,,
CMP003758,3841-NFECX,2025-02-07,Service Outage,Low,Billing,Resolved,8.0,4.0
CMP003759,4929-XIHVW,2024-01-15,Call Drop,Medium,Sales,Resolved,3.0,5.0
CMP003760,3413-BMNZE,2025-12-13,Slow Internet,Low,Sales,Resolved,9.0,3.0
CMP003761,3413-BMNZE,2021-10-11,Frequent Disconnections,Medium,Technical,Open,,
CMP003762,6572-ADKRS,2020-07-21,Poor Customer Support,Medium,Network,In Progress,,
CMP003763,8865-TNMNX,2023-12-04,Installation Delay,Low,Billing,Open,,
CMP003764,8865-TNMNX,2025-12-27,Poor Network,Medium,Billing,Resolved,8.0,5.0
CMP003765,9489-DEDVP,2023-01-08,Billing Complaint,Low,Network,Closed,2.0,5.0
CMP003766,9489-DEDVP,2021-04-27,Slow Internet,Medium,Customer Care,Resolved,15.0,3.0
CMP003767,4080-IIARD,2025-09-20,Slow Internet,High,Billing,Open,,
CMP003768,3714-NTNFO,2022-02-01,Frequent Disconnections,Low,Network,Closed,4.0,5.0
CMP003769,8012-SOUDQ,2022-11-02,Poor Network,Medium,Sales,In Progress,,
CMP003770,6575-SUVOI,2023-05-25,Streaming Issue,Low,Customer Care,Open,,
CMP003771,8769-KKTPH,2021-12-16,Poor Customer Support,Medium,Customer Care,Resolved,15.0,5.0
CMP003772,5067-XJQFU,2022-12-11,Low Download Speed,Medium,Customer Care,Resolved,9.0,4.0
CMP003773,5954-BDFSG,2022-03-25,Poor Network,Low,Sales,Resolved,11.0,3.0
CMP003774,0434-CSFON,2025-11-01,Streaming Issue,Medium,Customer Care,Closed,5.0,4.0
CMP003775,1215-FIGMP,2024-05-21,Poor Customer Support,Low,Network,Open,,
CMP003776,1215-FIGMP,2020-04-28,Call Drop,Low,Technical,Resolved,15.0,3.0
CMP003777,0526-SXDJP,2020-01-14,Low Download Speed,Low,Technical,Open,,
CMP003778,0526-SXDJP,2020-08-24,Call Drop,Medium,Customer Care,Resolved,10.0,3.0
CMP003779,0557-ASKVU,2023-09-03,Service Outage,High,Technical,Closed,13.0,5.0
CMP003780,7410-OIEDU,2023-04-20,Poor Network,Low,Network,Closed,13.0,5.0
CMP003781,7410-OIEDU,2023-11-17,Wrong Charges,Medium,Network,Resolved,13.0,3.0
CMP003782,5630-AHZIL,2025-07-07,Poor Customer Support,Low,Network,Resolved,5.0,5.0
CMP003783,2673-CXQEU,2025-06-21,Low Download Speed,Medium,Sales,Resolved,12.0,3.0
CMP003784,6416-JNVRK,2025-02-05,Wrong Charges,Medium,Network,Resolved,2.0,3.0
CMP003785,5590-ZSKRV,2022-09-02,Call Drop,Medium,Sales,Closed,15.0,3.0
CMP003786,0191-ZHSKZ,2020-12-23,Low Download Speed,Medium,Technical,In Progress,,
CMP003787,0191-ZHSKZ,2023-12-03,Payment Issue,Medium,Network,In Progress,,
CMP003788,8108-UXRQN,2022-10-05,Frequent Disconnections,Medium,Technical,In Progress,,
CMP003789,8108-UXRQN,2020-11-15,Streaming Issue,Low,Sales,Resolved,1.0,4.0
CMP003790,0318-ZOPWS,2023-05-15,Payment Issue,Low,Sales,Resolved,12.0,3.0
CMP003791,4445-ZJNMU,2024-12-21,Poor Network,Medium,Technical,Open,,
CMP003792,4445-ZJNMU,2023-08-03,Service Outage,High,Technical,Resolved,4.0,5.0
CMP003793,4808-YNLEU,2021-08-26,Poor Network,High,Technical,Closed,4.0,5.0
CMP003794,1862-QRWPE,2021-10-20,Billing Complaint,Low,Customer Care,Resolved,10.0,5.0
CMP003795,2796-NNUFI,2023-07-01,Customer Support,High,Network,Closed,3.0,4.0
CMP003796,3016-KSVCP,2024-10-27,Payment Issue,High,Billing,Resolved,14.0,4.0
CMP003797,4767-HZZHQ,2024-08-09,Billing Complaint,Low,Billing,Open,,
CMP003798,4767-HZZHQ,2023-11-01,Low Download Speed,Low,Billing,Resolved,2.0,5.0
CMP003799,6067-NGCEU,2024-11-27,Billing Complaint,Low,Sales,Closed,15.0,4.0
CMP003800,9848-JQJTX,2021-09-28,Installation Delay,Low,Technical,In Progress,,
CMP003801,6380-ARCEH,2021-02-15,Payment Issue,High,Sales,In Progress,,
CMP003802,3679-XASPY,2024-02-10,Customer Support,Medium,Billing,Closed,10.0,4.0
CMP003803,6180-YBIQI,2024-03-17,Slow Internet,Medium,Customer Care,Resolved,13.0,3.0
CMP003804,6728-DKUCO,2020-10-19,Billing Complaint,Low,Technical,Resolved,7.0,3.0
CMP003805,9750-BOOHV,2021-10-11,Poor Network,Low,Network,Closed,4.0,4.0
CMP003806,9750-BOOHV,2020-08-08,Call Drop,Low,Sales,Open,,
CMP003807,2848-YXSMW,2024-08-05,Customer Support,High,Technical,Open,,
CMP003808,5712-AHQNN,2022-07-04,Call Drop,Medium,Customer Care,Resolved,10.0,5.0
CMP003809,5256-SKJGO,2021-12-20,Call Drop,Medium,Billing,Open,,
CMP003810,3071-VBYPO,2021-08-18,Installation Delay,Medium,Network,Closed,6.0,5.0
CMP003811,9560-BBZXK,2020-03-20,Installation Delay,High,Network,Closed,4.0,5.0
CMP003812,8402-OOOHJ,2022-10-17,Customer Support,Low,Billing,Resolved,10.0,3.0
CMP003813,9445-ZUEQE,2023-04-16,Low Download Speed,Medium,Billing,In Progress,,
CMP003814,1091-SOZGA,2024-08-08,Installation Delay,Low,Customer Care,In Progress,,
CMP003815,1091-SOZGA,2024-08-02,Wrong Charges,Low,Customer Care,Open,,
CMP003816,2928-HLDBA,2025-03-10,Payment Issue,Medium,Billing,Resolved,14.0,3.0
CMP003817,6497-TILVL,2022-07-20,Payment Issue,Medium,Customer Care,Resolved,2.0,3.0
CMP003818,6734-PSBAW,2025-11-18,Billing Complaint,Medium,Network,Open,,
CMP003819,2639-UGMAZ,2022-11-01,Payment Issue,Medium,Network,Resolved,9.0,4.0
CMP003820,2876-GZYZC,2025-05-27,Service Outage,Medium,Customer Care,Open,,
CMP003821,2876-GZYZC,2022-08-05,Low Download Speed,Low,Sales,Open,,
CMP003822,8587-XYZSF,2021-08-01,Low Download Speed,Medium,Billing,Open,,
CMP003823,7850-VWJUU,2022-12-26,Slow Internet,High,Sales,In Progress,,
CMP003824,7850-VWJUU,2024-09-23,Wrong Charges,Medium,Technical,Resolved,14.0,3.0
CMP003825,1095-WGNGG,2022-12-24,Service Outage,Medium,Sales,Open,,
CMP003826,2636-SJDOU,2025-08-13,Slow Internet,High,Billing,Resolved,9.0,3.0
CMP003827,1131-QQZEB,2023-01-17,Billing Complaint,High,Billing,In Progress,,
CMP003828,6440-DKQGE,2024-03-22,Call Drop,Medium,Network,Resolved,3.0,5.0
CMP003829,3780-YVMFA,2021-12-21,Wrong Charges,Low,Network,Resolved,12.0,5.0
CMP003830,1679-JRFBR,2024-03-24,Service Outage,Low,Technical,Resolved,14.0,3.0
CMP003831,9073-ZZIAY,2021-08-12,Low Download Speed,Medium,Billing,Resolved,3.0,3.0
CMP003832,3077-RSNTJ,2022-10-01,Billing Complaint,Low,Network,In Progress,,
CMP003833,9167-APMXZ,2025-02-22,Poor Customer Support,Low,Customer Care,Open,,
CMP003834,2749-CTKAJ,2021-05-18,Payment Issue,Low,Sales,Resolved,7.0,3.0
CMP003835,6371-NZYEG,2024-02-18,Poor Customer Support,Medium,Sales,Resolved,13.0,4.0
CMP003836,6371-NZYEG,2023-03-28,Wrong Charges,High,Network,Closed,12.0,3.0
CMP003837,7554-NEWDD,2021-01-15,Customer Support,Low,Billing,Resolved,10.0,4.0
CMP003838,5997-OPVFA,2022-01-20,Poor Network,Medium,Sales,Open,,
CMP003839,6727-IOTLZ,2025-01-05,Installation Delay,Medium,Billing,Closed,4.0,4.0
CMP003840,5947-SGKCL,2024-07-06,Slow Internet,Medium,Billing,Resolved,13.0,5.0
CMP003841,3712-PKXZA,2024-07-20,Billing Complaint,High,Technical,Resolved,6.0,3.0
CMP003842,6582-OIVSP,2020-03-24,Payment Issue,Low,Sales,In Progress,,
CMP003843,6582-OIVSP,2023-08-20,Low Download Speed,Medium,Customer Care,Resolved,10.0,3.0
CMP003844,4827-USJHP,2021-04-07,Service Outage,Medium,Billing,Closed,6.0,4.0
CMP003845,4827-USJHP,2025-03-11,Poor Network,Medium,Billing,Closed,6.0,3.0
CMP003846,0956-SYCWG,2022-08-27,Billing Complaint,High,Customer Care,Resolved,5.0,4.0
CMP003847,8017-UVSZU,2022-02-02,Streaming Issue,High,Network,Closed,15.0,3.0
CMP003848,2146-EGVDT,2024-04-12,Customer Support,Medium,Sales,Resolved,11.0,5.0
CMP003849,2604-IJPDU,2022-06-18,Wrong Charges,Medium,Customer Care,Resolved,9.0,3.0
CMP003850,6168-YBYNP,2020-08-27,Wrong Charges,Medium,Billing,Resolved,3.0,5.0
CMP003851,7255-SSFBC,2025-07-14,Frequent Disconnections,Low,Customer Care,Resolved,14.0,3.0
CMP003852,3645-DEYGF,2024-08-28,Billing Complaint,Low,Sales,Closed,8.0,3.0
CMP003853,3363-DTIVD,2024-08-27,Wrong Charges,Low,Technical,Closed,6.0,5.0
CMP003854,3363-DTIVD,2020-02-13,Installation Delay,Low,Customer Care,In Progress,,
CMP003855,7018-WBJNK,2025-03-26,Wrong Charges,Medium,Customer Care,Closed,5.0,4.0
CMP003856,7018-WBJNK,2022-07-07,Call Drop,Low,Network,Resolved,12.0,4.0
CMP003857,1347-KTTTA,2025-03-12,Payment Issue,Medium,Customer Care,Open,,
CMP003858,4195-NZGTA,2023-08-15,Wrong Charges,Medium,Customer Care,Resolved,13.0,4.0
CMP003859,7157-SMCFK,2024-03-18,Billing Complaint,Low,Network,Closed,10.0,5.0
CMP003860,2504-DSHIH,2023-12-24,Poor Network,Medium,Network,Resolved,9.0,3.0
CMP003861,2504-DSHIH,2024-05-01,Billing Complaint,Low,Customer Care,In Progress,,
CMP003862,9286-BHDQG,2023-06-20,Frequent Disconnections,High,Technical,Resolved,12.0,5.0
CMP003863,2040-LDIWQ,2022-03-25,Call Drop,Medium,Billing,In Progress,,
CMP003864,6469-MRVET,2022-02-13,Payment Issue,Low,Customer Care,Open,,
CMP003865,5961-VUSRV,2024-02-28,Payment Issue,Medium,Network,Closed,7.0,3.0
CMP003866,6341-JVQGF,2021-11-20,Wrong Charges,Medium,Customer Care,Resolved,7.0,5.0
CMP003867,4811-JBUVU,2024-03-15,Payment Issue,Low,Customer Care,Resolved,4.0,5.0
CMP003868,0945-TSONX,2021-06-02,Streaming Issue,High,Sales,Resolved,9.0,5.0
CMP003869,2651-ZCBXV,2023-10-20,Payment Issue,High,Network,Resolved,5.0,4.0
CMP003870,7083-MIOPC,2022-12-16,Payment Issue,Medium,Customer Care,In Progress,,
CMP003871,1984-GPTEH,2021-01-20,Billing Complaint,Medium,Network,In Progress,,
CMP003872,9903-LYSAB,2024-08-20,Streaming Issue,Low,Technical,Closed,8.0,3.0
CMP003873,7301-ABVAD,2020-06-03,Billing Complaint,High,Technical,Resolved,4.0,5.0
CMP003874,7576-ASEJU,2023-07-12,Wrong Charges,High,Sales,Closed,2.0,3.0
CMP003875,9058-HRZSV,2024-04-15,Poor Network,High,Billing,In Progress,,
CMP003876,4522-AKYLR,2024-02-24,Low Download Speed,High,Sales,Open,,
CMP003877,4522-AKYLR,2021-04-20,Poor Network,Low,Network,Closed,7.0,3.0
CMP003878,0303-UNCIP,2020-03-23,Wrong Charges,Medium,Sales,Resolved,11.0,3.0
CMP003879,0303-UNCIP,2023-02-12,Billing Complaint,Medium,Customer Care,Resolved,12.0,4.0
CMP003880,0959-WHOKV,2024-03-06,Payment Issue,Medium,Billing,Resolved,5.0,3.0
CMP003881,0959-WHOKV,2021-08-18,Low Download Speed,High,Network,Closed,15.0,3.0
CMP003882,4075-JFPGR,2024-11-27,Service Outage,Medium,Network,Resolved,13.0,3.0
CMP003883,3282-ZISZV,2022-06-17,Streaming Issue,Low,Billing,Resolved,13.0,3.0
CMP003884,3675-YDUPJ,2025-06-22,Payment Issue,Low,Network,Resolved,3.0,3.0
CMP003885,7017-VFHAY,2021-09-28,Wrong Charges,Medium,Sales,Resolved,10.0,4.0
CMP003886,6655-LHBYW,2020-10-25,Streaming Issue,Low,Network,Resolved,3.0,3.0
CMP003887,0123-CRBRT,2023-12-01,Poor Customer Support,Medium,Billing,Closed,13.0,5.0
CMP003888,3197-ARFOY,2020-05-16,Streaming Issue,High,Technical,Closed,4.0,3.0
CMP003889,7014-ZZXAW,2024-05-26,Payment Issue,Medium,Network,In Progress,,
CMP003890,4716-HHKQH,2022-05-01,Wrong Charges,Low,Technical,Resolved,15.0,4.0
CMP003891,3179-GBRWV,2020-01-11,Poor Customer Support,Low,Billing,Resolved,12.0,5.0
CMP003892,8645-KWHJO,2021-11-11,Slow Internet,Low,Customer Care,Closed,4.0,3.0
CMP003893,4130-MZLCC,2022-10-26,Slow Internet,Medium,Sales,Open,,
CMP003894,0314-TKOSI,2024-05-12,Call Drop,Low,Sales,Resolved,12.0,3.0
CMP003895,8229-MYEJZ,2023-09-21,Billing Complaint,Low,Technical,In Progress,,
CMP003896,2080-SRCDE,2020-08-04,Billing Complaint,Low,Technical,Resolved,8.0,4.0
CMP003897,9577-WJVCQ,2020-08-09,Poor Network,Low,Customer Care,Resolved,15.0,3.0
CMP003898,6202-DYYFX,2024-04-14,Slow Internet,Low,Network,In Progress,,
CMP003899,3808-HFKDE,2020-01-06,Slow Internet,High,Sales,Resolved,2.0,5.0
CMP003900,3727-OWVYD,2020-09-17,Low Download Speed,Medium,Technical,Open,,
CMP003901,3727-OWVYD,2023-02-28,Poor Customer Support,Medium,Customer Care,Closed,11.0,4.0
CMP003902,4847-TAJYI,2025-10-03,Frequent Disconnections,Low,Network,Open,,
CMP003903,4847-TAJYI,2020-12-22,Slow Internet,Low,Customer Care,Resolved,2.0,4.0
CMP003904,6556-DBKZF,2023-03-02,Wrong Charges,High,Network,Resolved,8.0,4.0
CMP003905,6851-WEFYX,2024-02-03,Poor Customer Support,Low,Network,Resolved,7.0,4.0
CMP003906,0895-LMRSF,2023-03-14,Payment Issue,Medium,Customer Care,Resolved,3.0,3.0
CMP003907,0895-LMRSF,2025-12-27,Slow Internet,Low,Sales,Resolved,14.0,4.0
CMP003908,8181-YHCMF,2024-10-10,Installation Delay,Medium,Network,Resolved,1.0,4.0
CMP003909,3167-SNQPL,2025-10-17,Service Outage,Medium,Technical,Resolved,13.0,4.0
CMP003910,2799-ARNLO,2025-10-14,Billing Complaint,Medium,Sales,In Progress,,
CMP003911,6745-JEFZB,2021-07-21,Installation Delay,Medium,Customer Care,Resolved,10.0,4.0
CMP003912,8705-WZCYL,2025-05-23,Wrong Charges,Low,Customer Care,In Progress,,
CMP003913,8705-WZCYL,2023-07-25,Call Drop,Low,Customer Care,Resolved,3.0,3.0
CMP003914,7102-JJVTX,2023-10-19,Poor Network,Low,Network,Resolved,2.0,5.0
CMP003915,8626-PTQGE,2023-04-12,Streaming Issue,Low,Customer Care,Resolved,5.0,3.0
CMP003916,5697-GOMBF,2023-01-27,Call Drop,Medium,Customer Care,Open,,
CMP003917,5697-GOMBF,2020-01-28,Payment Issue,Low,Customer Care,Closed,15.0,5.0
CMP003918,2739-CACDQ,2021-12-25,Slow Internet,Medium,Technical,Resolved,8.0,5.0
CMP003919,9385-EHGDO,2022-12-05,Customer Support,Medium,Technical,Resolved,5.0,4.0
CMP003920,2088-IEBAU,2023-07-22,Service Outage,High,Network,Resolved,7.0,5.0
CMP003921,7982-VCELR,2023-12-27,Call Drop,Low,Billing,Resolved,3.0,4.0
CMP003922,7982-VCELR,2021-04-17,Slow Internet,High,Customer Care,In Progress,,
CMP003923,6035-BXTTY,2021-01-13,Slow Internet,Medium,Billing,Resolved,14.0,4.0
CMP003924,6885-PKOAM,2020-04-24,Payment Issue,Medium,Network,Resolved,9.0,3.0
CMP003925,7520-HQWJU,2025-08-21,Installation Delay,Low,Technical,Closed,14.0,3.0
CMP003926,0021-IKXGC,2021-10-10,Installation Delay,High,Technical,Resolved,9.0,5.0
CMP003927,6243-OZGFH,2025-01-11,Billing Complaint,Low,Technical,Closed,6.0,3.0
CMP003928,4654-DLAMQ,2025-10-12,Payment Issue,Low,Sales,Resolved,2.0,3.0
CMP003929,5160-UXJED,2025-11-19,Installation Delay,Low,Sales,Resolved,12.0,4.0
CMP003930,5160-UXJED,2023-11-08,Payment Issue,Low,Sales,Closed,8.0,3.0
CMP003931,8984-EYLLL,2021-07-10,Wrong Charges,Low,Customer Care,Closed,4.0,3.0
CMP003932,5229-DTFYB,2023-07-11,Service Outage,Low,Sales,Resolved,9.0,5.0
CMP003933,0104-PPXDV,2020-12-13,Low Download Speed,Low,Customer Care,Open,,
CMP003934,0104-PPXDV,2022-03-03,Streaming Issue,Low,Network,In Progress,,
CMP003935,9069-LGEUL,2021-07-15,Wrong Charges,Low,Billing,Resolved,9.0,3.0
CMP003936,6563-VRERX,2025-04-22,Billing Complaint,Low,Technical,Open,,
CMP003937,6862-CQUMB,2022-11-09,Slow Internet,Medium,Technical,In Progress,,
CMP003938,6862-CQUMB,2023-02-12,Poor Network,Low,Billing,Open,,
CMP003939,7156-MXBJE,2020-04-20,Low Download Speed,Medium,Billing,In Progress,,
CMP003940,6158-HDPXZ,2023-07-02,Poor Network,Medium,Network,Resolved,11.0,3.0
CMP003941,2863-IMQDR,2025-08-03,Payment Issue,High,Technical,In Progress,,
CMP003942,5651-CRHKQ,2021-05-14,Billing Complaint,Low,Customer Care,Open,,
CMP003943,1708-PBBOA,2022-10-15,Call Drop,Medium,Network,Open,,
CMP003944,8782-LKFPK,2022-12-18,Wrong Charges,Low,Sales,Open,,
CMP003945,5522-JBWMO,2025-09-27,Wrong Charges,Low,Sales,Closed,9.0,4.0
CMP003946,3597-MVHJT,2025-08-09,Slow Internet,Low,Network,Closed,12.0,3.0
CMP003947,9774-NRNAU,2025-01-27,Low Download Speed,Low,Customer Care,Open,,
CMP003948,0224-RLWWD,2023-02-11,Poor Customer Support,High,Network,Resolved,9.0,5.0
CMP003949,3951-NJCVI,2024-06-01,Payment Issue,Medium,Technical,Open,,
CMP003950,3951-NJCVI,2023-07-28,Payment Issue,Low,Customer Care,Resolved,4.0,5.0
CMP003951,2977-CEBSX,2023-10-21,Call Drop,Medium,Technical,Resolved,8.0,5.0
CMP003952,0177-PXBAT,2024-12-13,Low Download Speed,Low,Billing,In Progress,,
CMP003953,5876-QMYLD,2023-01-03,Payment Issue,Medium,Sales,In Progress,,
CMP003954,2277-AXSDC,2023-11-21,Billing Complaint,High,Sales,Open,,
CMP003955,9442-JTWDL,2024-11-18,Billing Complaint,Low,Sales,Closed,2.0,4.0
CMP003956,5495-GPSRW,2023-08-05,Payment Issue,High,Billing,Resolved,8.0,3.0
CMP003957,7606-BPHHN,2022-10-18,Billing Complaint,Medium,Technical,Resolved,14.0,3.0
CMP003958,5233-AOZUF,2024-10-16,Poor Network,Low,Network,Resolved,7.0,4.0
CMP003959,5233-AOZUF,2024-12-19,Streaming Issue,Medium,Technical,Resolved,14.0,3.0
CMP003960,1996-DBMUS,2023-03-24,Billing Complaint,High,Technical,Resolved,10.0,5.0
CMP003961,7916-VCCPB,2025-12-16,Low Download Speed,Low,Customer Care,In Progress,,
CMP003962,7916-VCCPB,2022-12-14,Low Download Speed,Medium,Billing,Closed,7.0,5.0
CMP003963,4686-GEFRM,2020-08-22,Billing Complaint,Medium,Sales,Resolved,14.0,4.0
CMP003964,7663-ZTEGJ,2020-10-21,Poor Customer Support,Medium,Sales,Resolved,11.0,4.0
CMP003965,3935-TBRZZ,2025-01-13,Billing Complaint,Medium,Network,Resolved,15.0,3.0
CMP003966,8111-BKVDS,2024-12-21,Service Outage,Low,Sales,Resolved,12.0,4.0
CMP003967,8111-BKVDS,2020-09-11,Call Drop,Low,Technical,Resolved,2.0,4.0
CMP003968,2055-SIFSS,2020-11-16,Call Drop,Medium,Technical,Open,,
CMP003969,2806-MLNTI,2024-06-16,Call Drop,Medium,Billing,Resolved,8.0,5.0
CMP003970,8734-DKSTZ,2021-12-14,Poor Network,Medium,Billing,Closed,9.0,5.0
CMP003971,4360-PNRQB,2022-06-27,Service Outage,Medium,Sales,In Progress,,
CMP003972,4360-PNRQB,2024-11-21,Installation Delay,Medium,Technical,In Progress,,
CMP003973,6152-ONASV,2020-06-16,Service Outage,High,Sales,Resolved,8.0,5.0
CMP003974,7781-HVGMK,2025-04-16,Billing Complaint,High,Sales,Open,,
CMP003975,2320-SLKMB,2021-11-03,Call Drop,High,Sales,Resolved,4.0,5.0
CMP003976,4376-KFVRS,2020-01-26,Service Outage,Low,Sales,Open,,
CMP003977,3577-AMVUX,2023-08-18,Poor Customer Support,Medium,Customer Care,In Progress,,
CMP003978,1910-FMXJM,2020-05-17,Poor Network,Low,Technical,Closed,6.0,4.0
CMP003979,1910-FMXJM,2022-04-21,Poor Customer Support,Medium,Customer Care,Closed,3.0,4.0
CMP003980,0732-OCQOC,2025-01-18,Payment Issue,Medium,Sales,In Progress,,
CMP003981,5168-MSWXT,2025-11-21,Installation Delay,Low,Billing,Resolved,12.0,3.0
CMP003982,8592-PLTMQ,2025-01-25,Customer Support,Medium,Customer Care,Resolved,14.0,4.0
CMP003983,5149-CUZUJ,2022-06-09,Low Download Speed,Medium,Technical,In Progress,,
CMP003984,0942-KOWSM,2020-06-24,Poor Network,Low,Billing,Resolved,6.0,4.0
CMP003985,1452-VOQCH,2020-11-11,Slow Internet,Medium,Sales,Open,,
CMP003986,1452-VOQCH,2023-08-01,Service Outage,Medium,Customer Care,Open,,
CMP003987,4719-UMSIY,2021-07-01,Payment Issue,Low,Technical,Closed,8.0,3.0
CMP003988,2996-XAUVF,2025-09-26,Billing Complaint,Low,Billing,In Progress,,
CMP003989,9076-AXYIK,2022-03-10,Billing Complaint,Low,Technical,In Progress,,
CMP003990,5968-XQIVE,2024-07-24,Poor Network,Low,Technical,Resolved,11.0,5.0
CMP003991,5968-XQIVE,2024-02-03,Streaming Issue,Medium,Customer Care,Open,,
CMP003992,8896-RAZCR,2021-10-22,Customer Support,Medium,Customer Care,Resolved,15.0,5.0
CMP003993,4933-IKULF,2022-06-10,Billing Complaint,High,Customer Care,Resolved,2.0,5.0
CMP003994,1304-BCCFO,2025-09-06,Call Drop,Medium,Billing,Resolved,2.0,3.0
CMP003995,1304-BCCFO,2022-01-18,Frequent Disconnections,Low,Billing,In Progress,,
CMP003996,4104-PVRPS,2021-09-19,Frequent Disconnections,Medium,Billing,Closed,5.0,5.0
CMP003997,9094-AZPHK,2025-09-16,Service Outage,High,Technical,Resolved,4.0,4.0
CMP003998,9094-AZPHK,2021-08-05,Billing Complaint,Low,Technical,In Progress,,
CMP003999,4472-LVYGI,2025-08-27,Poor Network,Medium,Customer Care,Closed,9.0,5.0
CMP004000,3552-CTCYF,2023-03-27,Call Drop,Medium,Billing,Open,,
CMP004001,3552-CTCYF,2023-10-28,Frequent Disconnections,Medium,Sales,Closed,12.0,3.0
CMP004002,5756-OZRIO,2022-08-26,Service Outage,Medium,Technical,In Progress,,
CMP004003,5756-OZRIO,2024-02-03,Billing Complaint,Low,Sales,Resolved,11.0,3.0
CMP004004,0505-SPOOW,2024-02-12,Payment Issue,Low,Customer Care,Open,,
CMP004005,4513-CXYIX,2022-07-19,Call Drop,Low,Sales,Resolved,4.0,3.0
CMP004006,5736-YEJAX,2020-11-08,Frequent Disconnections,Low,Customer Care,Open,,
CMP004007,8981-FJGLA,2023-11-14,Streaming Issue,Low,Customer Care,Closed,10.0,5.0
CMP004008,8535-SFUTN,2023-09-07,Call Drop,Medium,Billing,In Progress,,
CMP004009,8677-HDZEE,2022-09-12,Billing Complaint,Medium,Customer Care,Resolved,3.0,4.0
CMP004010,2475-MROZF,2020-11-26,Wrong Charges,Medium,Customer Care,Resolved,1.0,4.0
CMP004011,6705-LXORM,2021-07-16,Poor Customer Support,High,Network,Open,,
CMP004012,5174-ITUMV,2021-01-15,Billing Complaint,Low,Sales,Resolved,15.0,3.0
CMP004013,4109-CYRBD,2025-09-02,Low Download Speed,Medium,Billing,Closed,5.0,3.0
CMP004014,4109-CYRBD,2024-02-10,Service Outage,Medium,Customer Care,Open,,
CMP004015,0913-XWSCN,2024-06-22,Wrong Charges,Low,Sales,Open,,
CMP004016,8606-CIQUL,2022-12-28,Poor Customer Support,High,Sales,In Progress,,
CMP004017,0356-OBMAC,2023-07-26,Slow Internet,Low,Network,In Progress,,
CMP004018,8067-NIOYM,2023-01-14,Billing Complaint,Medium,Network,In Progress,,
CMP004019,4234-XTNEA,2025-05-12,Slow Internet,High,Billing,Closed,2.0,4.0
CMP004020,1297-VQDRP,2024-05-11,Poor Customer Support,High,Customer Care,Resolved,8.0,4.0
CMP004021,0621-HJWXJ,2022-03-21,Slow Internet,Low,Technical,Open,,
CMP004022,5844-QVTAT,2025-12-04,Service Outage,Low,Sales,Resolved,1.0,3.0
CMP004023,5394-MEITZ,2024-04-18,Call Drop,Medium,Customer Care,Resolved,2.0,3.0
CMP004024,6859-QNXIQ,2023-09-15,Poor Customer Support,Low,Network,Closed,2.0,5.0
CMP004025,2782-LFZVW,2023-08-20,Frequent Disconnections,High,Technical,Resolved,14.0,3.0
CMP004026,2782-LFZVW,2025-01-25,Poor Customer Support,Low,Billing,Resolved,13.0,4.0
CMP004027,2866-IKBTM,2024-01-14,Payment Issue,High,Technical,Open,,
CMP004028,7129-AZJDE,2025-12-23,Slow Internet,Low,Sales,Resolved,4.0,5.0
CMP004029,4676-MQUEA,2022-07-25,Frequent Disconnections,Low,Technical,Resolved,13.0,4.0
CMP004030,4676-MQUEA,2021-06-16,Call Drop,Medium,Technical,Closed,10.0,4.0
CMP004031,3580-HYCSP,2024-09-17,Low Download Speed,Medium,Technical,Resolved,7.0,4.0
CMP004032,3580-HYCSP,2021-09-21,Poor Customer Support,Medium,Technical,Closed,11.0,3.0
CMP004033,2075-PUEPR,2025-07-09,Customer Support,Low,Billing,Resolved,2.0,5.0
CMP004034,5791-KAJFD,2022-09-15,Payment Issue,Medium,Network,Resolved,2.0,4.0
CMP004035,2654-VBVPB,2023-06-14,Billing Complaint,Medium,Sales,Resolved,4.0,3.0
CMP004036,1154-HYWWO,2024-04-05,Streaming Issue,Medium,Customer Care,Closed,14.0,3.0
CMP004037,2501-XWWTZ,2023-08-20,Installation Delay,Medium,Technical,Open,,
CMP004038,2501-XWWTZ,2025-02-15,Frequent Disconnections,Low,Network,Resolved,2.0,3.0
CMP004039,6815-ABQFQ,2024-07-15,Payment Issue,Low,Technical,Closed,8.0,4.0
CMP004040,7343-EOBEU,2021-11-19,Payment Issue,Medium,Sales,Resolved,13.0,5.0
CMP004041,0308-IVGOK,2025-04-12,Payment Issue,Low,Billing,Resolved,8.0,4.0
CMP004042,7025-WCBNE,2024-07-10,Poor Network,Low,Network,Resolved,12.0,3.0
CMP004043,8270-RKSAP,2022-06-02,Streaming Issue,Medium,Customer Care,In Progress,,
CMP004044,8270-RKSAP,2023-05-14,Poor Network,High,Customer Care,Resolved,3.0,3.0
CMP004045,6522-YRBXD,2025-10-27,Service Outage,Low,Network,Open,,
CMP004046,2640-LYMOV,2022-09-20,Customer Support,Low,Network,Resolved,3.0,3.0
CMP004047,4568-KNYWR,2020-05-17,Slow Internet,Low,Network,Resolved,11.0,3.0
CMP004048,8752-IMQOS,2021-02-12,Customer Support,Medium,Customer Care,Resolved,14.0,5.0
CMP004049,0795-LAFGP,2024-07-17,Low Download Speed,Medium,Network,Closed,7.0,4.0
CMP004050,5512-IDZEI,2023-03-17,Payment Issue,Medium,Customer Care,Open,,
CMP004051,0459-SPZHJ,2022-06-10,Poor Customer Support,Low,Technical,Resolved,3.0,5.0
CMP004052,0459-SPZHJ,2025-07-16,Installation Delay,Low,Customer Care,In Progress,,
CMP004053,0215-BQKGS,2021-09-16,Slow Internet,Medium,Network,Resolved,7.0,3.0
CMP004054,5172-MIGPM,2020-08-08,Service Outage,Medium,Customer Care,Closed,10.0,4.0
CMP004055,1710-RCXUS,2022-07-28,Poor Network,Medium,Sales,Closed,15.0,4.0
CMP004056,1710-RCXUS,2020-05-17,Wrong Charges,Medium,Customer Care,Resolved,10.0,5.0
CMP004057,0374-FIUCA,2022-04-09,Billing Complaint,Low,Sales,Open,,
CMP004058,5839-SUYVZ,2021-11-04,Payment Issue,High,Network,In Progress,,
CMP004059,1096-ADRUX,2020-04-15,Frequent Disconnections,Medium,Sales,In Progress,,
CMP004060,1096-ADRUX,2025-04-03,Slow Internet,High,Billing,Closed,12.0,4.0
CMP004061,6516-NKQBO,2024-08-13,Installation Delay,Medium,Sales,Open,,
CMP004062,6689-VRRTK,2022-06-11,Billing Complaint,Low,Customer Care,Open,,
CMP004063,9396-ZSFLL,2024-03-28,Payment Issue,Low,Technical,Resolved,6.0,3.0
CMP004064,7134-MJPDY,2024-04-28,Wrong Charges,Low,Billing,Resolved,3.0,5.0
CMP004065,5240-CAOYT,2021-01-07,Service Outage,Medium,Sales,Open,,
CMP004066,4059-IIEBK,2025-09-14,Installation Delay,Medium,Sales,Resolved,10.0,3.0
CMP004067,4059-IIEBK,2022-08-08,Payment Issue,Medium,Network,Closed,7.0,3.0
CMP004068,4881-JVQOD,2024-11-23,Low Download Speed,Low,Customer Care,Open,,
CMP004069,4881-JVQOD,2025-09-25,Payment Issue,Low,Customer Care,Resolved,4.0,5.0
CMP004070,0516-UXRMT,2021-05-13,Low Download Speed,Low,Customer Care,Resolved,14.0,5.0
CMP004071,0516-UXRMT,2025-02-26,Frequent Disconnections,Medium,Customer Care,Resolved,13.0,3.0
CMP004072,4851-BQDNX,2024-04-25,Call Drop,High,Sales,Closed,8.0,4.0
CMP004073,3003-CMDUU,2021-09-08,Slow Internet,Medium,Network,In Progress,,
CMP004074,9931-KGHOA,2024-09-12,Wrong Charges,Medium,Sales,Resolved,12.0,3.0
CMP004075,9931-KGHOA,2022-05-24,Service Outage,High,Customer Care,Open,,
CMP004076,7665-VIGUD,2021-10-28,Customer Support,Medium,Customer Care,Resolved,10.0,4.0
CMP004077,9411-TPQQV,2024-02-02,Streaming Issue,Low,Sales,Closed,6.0,3.0
CMP004078,7954-MLBUN,2023-11-03,Poor Customer Support,Low,Network,In Progress,,
CMP004079,2077-DDHJK,2023-10-18,Slow Internet,Medium,Network,Resolved,4.0,3.0
CMP004080,9574-BOSMD,2024-01-26,Billing Complaint,Medium,Sales,Resolved,15.0,4.0
CMP004081,8404-VLQFB,2025-02-03,Billing Complaint,Low,Billing,Resolved,5.0,5.0
CMP004082,3509-GWQGF,2022-01-28,Installation Delay,High,Billing,In Progress,,
CMP004083,3509-GWQGF,2025-09-01,Service Outage,Medium,Billing,Resolved,12.0,4.0
CMP004084,5845-BZZIB,2021-07-27,Billing Complaint,Medium,Customer Care,In Progress,,
CMP004085,1140-UKVZG,2021-08-28,Payment Issue,Medium,Customer Care,In Progress,,
CMP004086,8100-PNJMH,2021-07-08,Billing Complaint,Low,Billing,Resolved,7.0,4.0
CMP004087,7838-LAZFO,2025-10-22,Low Download Speed,High,Billing,Resolved,1.0,5.0
CMP004088,7838-LAZFO,2022-07-06,Poor Network,Medium,Billing,In Progress,,
CMP004089,2085-JVGAD,2024-02-10,Payment Issue,Medium,Technical,Resolved,2.0,5.0
CMP004090,9565-FLVCG,2020-02-02,Streaming Issue,Medium,Technical,In Progress,,
CMP004091,9565-FLVCG,2025-10-05,Service Outage,Low,Sales,Open,,
CMP004092,2800-VEQXM,2023-07-11,Billing Complaint,Medium,Technical,In Progress,,
CMP004093,2800-VEQXM,2024-09-23,Streaming Issue,Medium,Sales,Resolved,3.0,3.0
CMP004094,0214-JHPFW,2020-03-15,Call Drop,Low,Customer Care,In Progress,,
CMP004095,3088-FVYWK,2025-06-20,Customer Support,Low,Customer Care,Closed,6.0,5.0
CMP004096,5760-IFJOZ,2022-03-09,Slow Internet,Medium,Billing,Resolved,14.0,4.0
CMP004097,2826-UWHIS,2020-07-02,Poor Network,Medium,Network,In Progress,,
CMP004098,2826-UWHIS,2021-06-18,Poor Network,Low,Sales,Closed,9.0,5.0
CMP004099,7501-IWUNG,2024-11-24,Service Outage,Medium,Sales,Open,,
CMP004100,7251-LJBQN,2023-04-03,Slow Internet,High,Billing,Open,,
CMP004101,1536-HBSWP,2025-10-14,Wrong Charges,Medium,Technical,Closed,5.0,5.0
CMP004102,5313-FPXWG,2024-10-01,Customer Support,Medium,Sales,In Progress,,
CMP004103,8262-COGGB,2024-05-10,Customer Support,High,Sales,Resolved,13.0,4.0
CMP004104,2480-JZOSN,2023-09-28,Billing Complaint,Medium,Network,Resolved,10.0,3.0
CMP004105,0078-XZMHT,2023-09-04,Payment Issue,High,Sales,Closed,13.0,3.0
CMP004106,9978-HYCIN,2022-01-28,Slow Internet,Medium,Technical,Closed,12.0,3.0
CMP004107,9978-HYCIN,2025-10-25,Installation Delay,High,Technical,Closed,10.0,3.0
CMP004108,1525-LNLOJ,2020-06-07,Wrong Charges,Medium,Sales,In Progress,,
CMP004109,1525-LNLOJ,2020-01-23,Wrong Charges,Low,Sales,Resolved,6.0,4.0
CMP004110,9450-TRJUU,2025-02-01,Poor Customer Support,Medium,Billing,Resolved,6.0,5.0
CMP004111,9450-TRJUU,2021-02-03,Billing Complaint,Medium,Billing,Closed,6.0,3.0
CMP004112,1766-GKNMI,2023-01-10,Billing Complaint,Medium,Customer Care,In Progress,,
CMP004113,1456-TWCGB,2020-08-13,Payment Issue,Low,Technical,Resolved,10.0,4.0
CMP004114,1456-TWCGB,2021-02-17,Slow Internet,Medium,Customer Care,In Progress,,
CMP004115,8329-UTMVM,2022-10-11,Call Drop,Medium,Network,Resolved,6.0,3.0
CMP004116,3014-WJKSM,2021-08-17,Wrong Charges,Low,Network,Resolved,5.0,5.0
CMP004117,3014-WJKSM,2021-04-14,Billing Complaint,Low,Customer Care,In Progress,,
CMP004118,9661-JALZV,2022-07-27,Billing Complaint,High,Billing,Resolved,10.0,3.0
CMP004119,5433-KYGHE,2023-09-08,Call Drop,Medium,Sales,Open,,
CMP004120,5575-TPIZQ,2022-05-13,Call Drop,Low,Technical,Resolved,14.0,4.0
CMP004121,9944-AEXBM,2023-02-23,Billing Complaint,Medium,Sales,Open,,
CMP004122,1853-ARAAQ,2022-05-05,Low Download Speed,High,Customer Care,In Progress,,
CMP004123,1853-ARAAQ,2021-11-13,Service Outage,High,Technical,Closed,3.0,4.0
CMP004124,6952-OMNWB,2021-01-24,Installation Delay,Medium,Technical,In Progress,,
CMP004125,6952-OMNWB,2022-09-10,Poor Customer Support,High,Network,Open,,
CMP004126,4697-LUPSU,2022-11-18,Customer Support,Medium,Sales,Open,,
CMP004127,8434-VGEQQ,2025-03-17,Billing Complaint,Low,Customer Care,Closed,7.0,5.0
CMP004128,4950-HKQTE,2023-11-11,Billing Complaint,Low,Network,Resolved,3.0,5.0
CMP004129,6786-OBWQR,2020-03-03,Streaming Issue,Medium,Network,Open,,
CMP004130,6621-YOBKI,2020-06-03,Billing Complaint,High,Technical,In Progress,,
CMP004131,1216-JWVUX,2021-05-21,Poor Network,Medium,Technical,In Progress,,
CMP004132,1216-JWVUX,2020-06-20,Poor Customer Support,Medium,Customer Care,Resolved,11.0,3.0
CMP004133,2521-NPUZR,2021-03-21,Call Drop,Medium,Network,In Progress,,
CMP004134,1307-TVUFB,2020-08-26,Frequent Disconnections,Low,Network,Resolved,12.0,3.0
CMP004135,1307-TVUFB,2023-04-18,Wrong Charges,Medium,Network,Closed,15.0,5.0
CMP004136,4381-MHQDC,2022-10-23,Low Download Speed,Low,Customer Care,Open,,
CMP004137,1635-FJFCC,2022-11-08,Installation Delay,Medium,Billing,In Progress,,
CMP004138,1635-FJFCC,2022-06-27,Streaming Issue,Medium,Customer Care,Resolved,1.0,4.0
CMP004139,2499-AJYUA,2023-01-05,Wrong Charges,Low,Technical,Resolved,13.0,5.0
CMP004140,3966-HRMZA,2021-03-19,Low Download Speed,Low,Technical,In Progress,,
CMP004141,3966-HRMZA,2024-11-19,Installation Delay,Medium,Network,Resolved,14.0,5.0
CMP004142,8224-IVVPA,2020-04-12,Installation Delay,Medium,Sales,Closed,1.0,5.0
CMP004143,8224-IVVPA,2022-02-02,Streaming Issue,Low,Technical,In Progress,,
CMP004144,5684-FJVYR,2024-07-23,Slow Internet,Medium,Network,Resolved,1.0,4.0
CMP004145,4013-GUXND,2021-08-27,Customer Support,Low,Customer Care,In Progress,,
CMP004146,1266-NZYUI,2022-08-16,Slow Internet,Low,Network,Resolved,1.0,4.0
CMP004147,4718-DHSMV,2021-06-19,Billing Complaint,Low,Network,Open,,
CMP004148,5175-WLYXL,2024-06-23,Installation Delay,Medium,Sales,Resolved,15.0,3.0
CMP004149,5175-WLYXL,2021-12-18,Wrong Charges,Medium,Network,Closed,5.0,5.0
CMP004150,7817-OMJNA,2021-12-07,Payment Issue,Low,Customer Care,Resolved,12.0,3.0
CMP004151,8728-SKJLR,2020-07-18,Wrong Charges,Low,Billing,Resolved,3.0,4.0
CMP004152,3137-NYQQI,2024-07-11,Service Outage,Medium,Technical,In Progress,,
CMP004153,7706-DZNKK,2025-04-26,Payment Issue,Medium,Billing,In Progress,,
CMP004154,8823-RLPWL,2022-08-20,Streaming Issue,Low,Network,Resolved,11.0,5.0
CMP004155,9505-SQFSW,2025-06-22,Poor Customer Support,Low,Sales,Closed,15.0,4.0
CMP004156,3758-CKOQL,2024-09-04,Poor Network,Low,Network,Open,,
CMP004157,7521-AFHAB,2021-01-08,Frequent Disconnections,Low,Billing,Resolved,11.0,5.0
CMP004158,7521-AFHAB,2022-08-22,Installation Delay,High,Technical,Resolved,2.0,4.0
CMP004159,5125-CNDSP,2021-03-20,Poor Customer Support,Medium,Network,Closed,6.0,3.0
CMP004160,2202-OUTMO,2025-01-02,Streaming Issue,Medium,Technical,Open,,
CMP004161,0229-LFJAF,2025-03-15,Poor Customer Support,Medium,Sales,Resolved,5.0,3.0
CMP004162,3442-ZHHCC,2021-05-27,Wrong Charges,High,Network,In Progress,,
CMP004163,4257-GAESD,2025-01-23,Wrong Charges,Low,Technical,Open,,
CMP004164,4257-GAESD,2024-11-10,Slow Internet,Medium,Sales,Resolved,13.0,4.0
CMP004165,2040-OBMLJ,2020-05-10,Wrong Charges,Medium,Network,Resolved,9.0,3.0
CMP004166,8859-AXJZP,2021-10-23,Payment Issue,Medium,Customer Care,Resolved,9.0,4.0
CMP004167,3174-AKMAS,2021-03-26,Poor Customer Support,High,Billing,In Progress,,
CMP004168,8098-TDCBU,2023-08-04,Customer Support,Low,Billing,In Progress,,
CMP004169,3551-GAEGL,2021-02-26,Installation Delay,Low,Sales,In Progress,,
CMP004170,3551-GAEGL,2024-08-28,Wrong Charges,High,Network,Closed,4.0,3.0
CMP004171,3196-NVXLZ,2022-04-17,Streaming Issue,High,Customer Care,Resolved,4.0,3.0
CMP004172,4178-EGMON,2022-01-26,Low Download Speed,High,Customer Care,Resolved,1.0,5.0
CMP004173,7975-TZMLR,2022-05-18,Slow Internet,Low,Billing,Resolved,11.0,3.0
CMP004174,0295-QVKPB,2022-02-10,Wrong Charges,Low,Technical,Resolved,6.0,5.0
CMP004175,4335-BSMJS,2025-03-01,Customer Support,High,Billing,Resolved,11.0,3.0
CMP004176,9650-VBUOG,2025-09-10,Customer Support,Medium,Network,Closed,12.0,3.0
CMP004177,3487-EARAT,2022-01-09,Call Drop,Medium,Technical,Resolved,2.0,3.0
CMP004178,2672-TGEFF,2021-02-27,Poor Customer Support,Low,Billing,Open,,
CMP004179,2672-TGEFF,2021-12-26,Call Drop,Low,Sales,In Progress,,
CMP004180,2316-ESMLS,2023-02-28,Payment Issue,Medium,Network,Closed,2.0,4.0
CMP004181,9778-OGKQZ,2020-11-20,Call Drop,Medium,Customer Care,In Progress,,
CMP004182,7408-OFWXJ,2023-09-21,Poor Network,Low,Sales,Closed,6.0,5.0
CMP004183,2252-NKNSI,2020-01-23,Call Drop,Low,Billing,Open,,
CMP004184,8713-IGZSO,2024-12-12,Billing Complaint,Medium,Billing,Closed,8.0,5.0
CMP004185,7695-PKLCZ,2024-08-27,Billing Complaint,Low,Billing,Resolved,1.0,5.0
CMP004186,8374-UULRV,2024-11-14,Poor Customer Support,Medium,Network,Closed,14.0,5.0
CMP004187,5275-PMFUT,2025-04-13,Low Download Speed,Medium,Sales,In Progress,,
CMP004188,9777-IQHWP,2024-10-23,Poor Customer Support,Low,Sales,Resolved,8.0,5.0
CMP004189,9777-IQHWP,2025-07-15,Installation Delay,Low,Network,Resolved,1.0,5.0
CMP004190,0323-XWWTN,2020-01-08,Customer Support,Low,Network,Resolved,4.0,4.0
CMP004191,1764-VUUMT,2024-09-16,Customer Support,Low,Network,Resolved,9.0,5.0
CMP004192,3050-GBUSH,2025-11-04,Call Drop,Medium,Billing,Closed,9.0,3.0
CMP004193,7876-AEHIG,2022-07-20,Payment Issue,High,Network,Resolved,6.0,4.0
CMP004194,7945-HLKEA,2024-06-16,Slow Internet,Low,Network,Closed,11.0,4.0
CMP004195,9342-VNIMQ,2022-09-01,Wrong Charges,Medium,Technical,Open,,
CMP004196,9342-VNIMQ,2025-07-11,Installation Delay,Medium,Network,Resolved,12.0,4.0
CMP004197,3523-BRGUW,2023-03-24,Payment Issue,Medium,Network,Resolved,6.0,3.0
CMP004198,4661-NJEUX,2023-01-24,Payment Issue,Low,Sales,Closed,3.0,3.0
CMP004199,1258-YMZNM,2020-02-13,Streaming Issue,Low,Technical,Resolved,11.0,5.0
CMP004200,6259-WJQLC,2022-10-20,Service Outage,Low,Billing,Resolved,9.0,3.0
CMP004201,6259-WJQLC,2020-07-11,Billing Complaint,Medium,Network,In Progress,,
CMP004202,0730-KOAVE,2022-10-03,Poor Customer Support,Medium,Customer Care,Closed,1.0,5.0
CMP004203,0678-RLHVP,2022-11-09,Low Download Speed,Medium,Customer Care,Closed,4.0,3.0
CMP004204,0678-RLHVP,2025-05-18,Payment Issue,Low,Sales,Closed,7.0,3.0
CMP004205,2267-FPIMA,2022-12-17,Installation Delay,Low,Network,Closed,1.0,4.0
CMP004206,2267-FPIMA,2023-09-08,Frequent Disconnections,Medium,Sales,Open,,
CMP004207,1051-GEJLJ,2022-09-15,Billing Complaint,Low,Billing,In Progress,,
CMP004208,5285-MVEHD,2024-12-16,Poor Network,Low,Customer Care,Resolved,6.0,4.0
CMP004209,5285-MVEHD,2023-07-10,Streaming Issue,Low,Customer Care,Resolved,10.0,4.0
CMP004210,0379-DJQHR,2021-01-27,Slow Internet,Medium,Customer Care,Resolved,9.0,3.0
CMP004211,0379-DJQHR,2021-04-08,Payment Issue,Medium,Sales,Resolved,12.0,4.0
CMP004212,5543-QDCRY,2023-12-09,Wrong Charges,Medium,Technical,Resolved,13.0,4.0
CMP004213,5543-QDCRY,2022-09-02,Service Outage,High,Billing,In Progress,,
CMP004214,4694-PHWFW,2024-03-21,Payment Issue,High,Sales,Resolved,15.0,3.0
CMP004215,0835-JKADZ,2022-11-28,Payment Issue,Low,Network,Resolved,10.0,4.0
CMP004216,7508-SMHXL,2024-10-27,Payment Issue,Medium,Customer Care,Resolved,6.0,4.0
CMP004217,7508-SMHXL,2022-10-18,Poor Customer Support,Medium,Network,Open,,
CMP004218,5993-BQHEA,2022-06-15,Customer Support,Low,Sales,Open,,
CMP004219,6024-RUGGH,2023-10-26,Payment Issue,Low,Technical,Resolved,1.0,4.0
CMP004220,4079-WWQQQ,2025-04-02,Wrong Charges,Low,Sales,Open,,
CMP004221,6103-BOCOU,2020-02-20,Billing Complaint,Low,Network,Closed,12.0,4.0
CMP004222,7471-WNSUF,2024-05-26,Payment Issue,Low,Network,Resolved,5.0,4.0
CMP004223,8942-DBMHZ,2022-01-20,Billing Complaint,Medium,Technical,Resolved,1.0,3.0
CMP004224,4824-GUCBY,2020-09-05,Billing Complaint,Medium,Sales,In Progress,,
CMP004225,4824-GUCBY,2021-11-25,Frequent Disconnections,Low,Technical,Open,,
CMP004226,6630-UJZMY,2020-11-19,Call Drop,Medium,Billing,Resolved,14.0,3.0
CMP004227,2692-AQCPF,2020-06-22,Poor Customer Support,Medium,Sales,Resolved,11.0,3.0
CMP004228,0811-GSDTP,2024-10-28,Low Download Speed,Medium,Sales,Closed,7.0,4.0
CMP004229,8467-WYNSR,2023-12-23,Streaming Issue,Low,Billing,In Progress,,
CMP004230,0851-DFJKB,2020-11-26,Low Download Speed,Low,Sales,In Progress,,
CMP004231,4002-BQWPQ,2020-12-24,Call Drop,High,Billing,Resolved,1.0,5.0
CMP004232,5651-YLPRD,2024-11-04,Installation Delay,High,Billing,Resolved,4.0,4.0
CMP004233,5651-YLPRD,2022-09-12,Frequent Disconnections,Low,Network,In Progress,,
CMP004234,2826-DXLQO,2025-07-04,Wrong Charges,Medium,Sales,Open,,
CMP004235,2826-DXLQO,2024-10-10,Streaming Issue,Medium,Customer Care,In Progress,,
CMP004236,9489-UTFKA,2022-09-26,Call Drop,Medium,Customer Care,In Progress,,
CMP004237,4849-PYRLQ,2022-08-10,Frequent Disconnections,High,Network,In Progress,,
CMP004238,7764-BDPEE,2020-04-04,Customer Support,Medium,Billing,Open,,
CMP004239,5002-GCQFH,2024-11-15,Poor Customer Support,Low,Billing,In Progress,,
CMP004240,0556-FJEGU,2020-04-01,Streaming Issue,Low,Billing,Resolved,6.0,4.0
CMP004241,5879-SESNB,2023-08-19,Wrong Charges,Low,Network,Closed,14.0,3.0
CMP004242,6461-PPAXN,2020-09-19,Frequent Disconnections,Medium,Network,In Progress,,
CMP004243,3318-ISQFQ,2021-09-13,Customer Support,Low,Billing,Resolved,8.0,3.0
CMP004244,2483-XSSMZ,2021-03-21,Service Outage,High,Sales,Resolved,4.0,4.0
CMP004245,2604-XVDAM,2020-04-25,Payment Issue,Medium,Billing,Resolved,4.0,5.0
CMP004246,1206-EHBDD,2020-02-28,Streaming Issue,Medium,Technical,In Progress,,
CMP004247,8361-LBRDI,2023-08-28,Billing Complaint,Medium,Technical,In Progress,,
CMP004248,9108-EQPNQ,2022-11-28,Billing Complaint,Low,Technical,In Progress,,
CMP004249,3234-VKACU,2023-01-13,Service Outage,Medium,Customer Care,Resolved,15.0,5.0
CMP004250,8120-JDCAM,2020-03-18,Poor Network,High,Sales,Resolved,12.0,3.0
CMP004251,2858-EIMXH,2020-12-16,Poor Network,High,Billing,Open,,
CMP004252,6614-YOLAC,2020-04-07,Poor Customer Support,High,Network,Closed,8.0,4.0
CMP004253,7426-RHZGU,2022-04-13,Poor Network,Low,Sales,In Progress,,
CMP004254,4065-JJAVA,2020-08-20,Billing Complaint,Medium,Technical,In Progress,,
CMP004255,9361-YNQWJ,2020-06-03,Customer Support,High,Customer Care,Resolved,7.0,5.0
CMP004256,3748-FVMZZ,2022-07-10,Slow Internet,Medium,Technical,Resolved,12.0,4.0
CMP004257,1452-XRSJV,2023-12-10,Payment Issue,High,Network,Resolved,11.0,3.0
CMP004258,7460-ITWWP,2022-06-16,Slow Internet,Medium,Customer Care,Resolved,4.0,4.0
CMP004259,7147-AYBAA,2021-04-22,Payment Issue,Medium,Customer Care,Resolved,13.0,4.0
CMP004260,6732-FZUGP,2024-07-16,Low Download Speed,Medium,Customer Care,Resolved,4.0,5.0
CMP004261,6732-FZUGP,2025-09-18,Wrong Charges,Low,Technical,In Progress,,
CMP004262,8329-GWVPJ,2025-02-24,Billing Complaint,High,Customer Care,Resolved,3.0,5.0
CMP004263,1767-CJKBA,2020-04-28,Customer Support,Medium,Sales,Resolved,1.0,5.0
CMP004264,1915-OAKWD,2023-09-07,Payment Issue,Low,Customer Care,Open,,
CMP004265,7296-PIXQY,2024-01-21,Billing Complaint,Low,Network,In Progress,,
CMP004266,7296-PIXQY,2020-04-07,Streaming Issue,Low,Technical,Resolved,4.0,4.0
CMP004267,0810-DHDBD,2024-11-11,Installation Delay,Medium,Network,In Progress,,
CMP004268,4026-SKKHW,2022-11-10,Payment Issue,Medium,Customer Care,Open,,
CMP004269,7013-PSXHK,2025-08-26,Payment Issue,Low,Network,Resolved,7.0,4.0
CMP004270,3800-LYTRK,2023-09-16,Slow Internet,Low,Network,Closed,8.0,5.0
CMP004271,7771-ZONAT,2022-04-03,Billing Complaint,Medium,Customer Care,In Progress,,
CMP004272,2111-DWYHN,2024-09-06,Customer Support,High,Customer Care,Closed,4.0,4.0
CMP004273,4194-WHFCB,2023-01-25,Service Outage,Low,Technical,Resolved,15.0,5.0
CMP004274,4121-AGSIN,2024-10-22,Billing Complaint,Low,Sales,In Progress,,
CMP004275,9845-PEEKO,2021-06-04,Streaming Issue,High,Network,Resolved,3.0,4.0
CMP004276,0455-XFASS,2024-04-25,Poor Network,Medium,Technical,Closed,7.0,3.0
CMP004277,0455-XFASS,2020-12-27,Streaming Issue,Medium,Customer Care,Open,,
CMP004278,0301-KOBTQ,2024-05-21,Customer Support,High,Billing,Resolved,6.0,3.0
CMP004279,9170-ARBTB,2021-08-19,Customer Support,Low,Network,Resolved,9.0,3.0
CMP004280,4546-FOKWR,2020-02-08,Low Download Speed,Low,Customer Care,In Progress,,
CMP004281,4546-FOKWR,2022-02-18,Frequent Disconnections,High,Network,Closed,1.0,3.0
CMP004282,8659-IOOPU,2021-09-21,Wrong Charges,Medium,Billing,In Progress,,
CMP004283,1338-CECEE,2023-02-25,Poor Network,Low,Network,In Progress,,
CMP004284,7439-DKZTW,2022-10-22,Slow Internet,Low,Technical,In Progress,,
CMP004285,7439-DKZTW,2022-08-13,Payment Issue,High,Billing,Open,,
CMP004286,6921-OZMFH,2022-05-12,Slow Internet,Medium,Sales,In Progress,,
CMP004287,9578-FOMUK,2022-06-03,Customer Support,Low,Sales,Resolved,15.0,5.0
CMP004288,7722-CVFXN,2022-10-10,Payment Issue,Medium,Billing,In Progress,,
CMP004289,4159-NAAIX,2021-03-21,Service Outage,Low,Technical,Open,,
CMP004290,4159-NAAIX,2020-11-01,Poor Customer Support,Medium,Network,Resolved,4.0,4.0
CMP004291,9397-TZSHA,2023-02-20,Customer Support,Low,Network,Resolved,8.0,3.0
CMP004292,3391-JSQEW,2025-12-04,Installation Delay,Low,Sales,Resolved,6.0,5.0
CMP004293,3312-UUMZW,2023-01-20,Poor Customer Support,Low,Billing,Open,,
CMP004294,3312-UUMZW,2023-12-01,Frequent Disconnections,High,Billing,Open,,
CMP004295,1271-UODNO,2022-05-21,Slow Internet,Medium,Technical,Open,,
CMP004296,8461-EFQYM,2022-06-06,Customer Support,Low,Sales,Resolved,5.0,4.0
CMP004297,6900-RBKER,2024-09-22,Payment Issue,Low,Network,Resolved,2.0,3.0
CMP004298,6891-JPYFF,2023-08-22,Streaming Issue,Medium,Technical,Resolved,11.0,3.0
CMP004299,3696-XRIEN,2023-07-27,Poor Customer Support,Low,Sales,Open,,
CMP004300,0074-HDKDG,2024-07-18,Slow Internet,Low,Billing,Closed,7.0,5.0
CMP004301,0074-HDKDG,2025-09-17,Service Outage,Low,Customer Care,Resolved,2.0,5.0
CMP004302,9330-DHBFL,2023-04-21,Streaming Issue,Medium,Technical,Closed,10.0,5.0
CMP004303,0098-BOWSO,2022-02-20,Payment Issue,Low,Network,Resolved,3.0,5.0
CMP004304,3452-ABWRL,2023-06-22,Streaming Issue,Low,Technical,Resolved,7.0,4.0
CMP004305,3452-ABWRL,2024-09-19,Service Outage,Low,Sales,Open,,
CMP004306,5859-HZYLF,2021-06-04,Billing Complaint,Medium,Billing,Resolved,5.0,5.0
CMP004307,2208-NQBCT,2023-05-25,Service Outage,Low,Billing,In Progress,,
CMP004308,1641-BYBTK,2024-01-21,Payment Issue,Low,Technical,Closed,14.0,5.0
CMP004309,3522-CDKHF,2022-12-22,Poor Network,Medium,Sales,In Progress,,
CMP004310,3522-CDKHF,2023-01-28,Slow Internet,Low,Sales,Open,,
CMP004311,0411-EZJZE,2021-07-12,Call Drop,Medium,Network,In Progress,,
CMP004312,0411-EZJZE,2024-07-27,Wrong Charges,Low,Sales,Open,,
CMP004313,8807-ARQET,2020-03-23,Payment Issue,Low,Billing,Resolved,7.0,4.0
CMP004314,8992-CEUEN,2024-05-04,Billing Complaint,Low,Sales,In Progress,,
CMP004315,6870-ZWMNX,2024-12-11,Low Download Speed,Medium,Billing,In Progress,,
CMP004316,5268-DSMNQ,2024-06-28,Call Drop,Low,Billing,In Progress,,
CMP004317,5334-JLAXU,2025-01-13,Billing Complaint,Medium,Billing,Open,,
CMP004318,6242-MBHPK,2020-01-21,Low Download Speed,High,Billing,Closed,3.0,5.0
CMP004319,7129-ACFOG,2022-10-12,Frequent Disconnections,Low,Technical,Resolved,9.0,3.0
CMP004320,7129-ACFOG,2020-03-17,Service Outage,Low,Sales,In Progress,,
CMP004321,4189-NAKJS,2022-01-06,Poor Network,Low,Customer Care,Resolved,7.0,3.0
CMP004322,4189-NAKJS,2024-06-09,Billing Complaint,Medium,Network,Resolved,1.0,5.0
CMP004323,5562-BETPV,2023-08-24,Customer Support,Medium,Billing,Resolved,14.0,3.0
CMP004324,1282-IHQAC,2024-11-21,Call Drop,Medium,Sales,In Progress,,
CMP004325,1282-IHQAC,2022-11-18,Streaming Issue,Medium,Billing,Open,,
CMP004326,9127-FHJBZ,2025-07-08,Streaming Issue,Medium,Billing,In Progress,,
CMP004327,1641-RQDAY,2021-11-24,Call Drop,Medium,Technical,Open,,
CMP004328,1641-RQDAY,2025-10-19,Poor Network,High,Sales,In Progress,,
CMP004329,6994-ORCWG,2024-07-26,Streaming Issue,Low,Billing,Resolved,7.0,5.0
CMP004330,6994-ORCWG,2024-08-16,Frequent Disconnections,Low,Technical,Resolved,10.0,5.0
CMP004331,1346-UFHAX,2023-06-09,Slow Internet,Low,Network,Resolved,2.0,4.0
CMP004332,2933-XEUJM,2025-04-15,Frequent Disconnections,Low,Sales,Resolved,11.0,5.0
CMP004333,2933-XEUJM,2025-01-08,Slow Internet,Low,Technical,Open,,
CMP004334,5461-QKNTN,2020-11-23,Billing Complaint,Low,Customer Care,Resolved,14.0,5.0
CMP004335,4835-YSJMR,2020-07-13,Call Drop,Low,Network,Resolved,7.0,4.0
CMP004336,3164-YAXFY,2025-09-01,Service Outage,Medium,Sales,In Progress,,
CMP004337,0887-WBJVH,2020-05-16,Poor Customer Support,High,Network,Open,,
CMP004338,4660-IRIBM,2025-07-08,Low Download Speed,Medium,Sales,Resolved,8.0,3.0
CMP004339,0080-OROZO,2023-03-06,Payment Issue,Low,Customer Care,Closed,15.0,5.0
CMP004340,6807-SIWJI,2020-02-22,Poor Network,Low,Billing,In Progress,,
CMP004341,8221-HVAYI,2023-12-08,Streaming Issue,Medium,Network,Resolved,15.0,3.0
CMP004342,8967-SZQAS,2021-02-06,Frequent Disconnections,Medium,Network,Open,,
CMP004343,5542-NKVRU,2024-05-02,Billing Complaint,High,Billing,Open,,
CMP004344,6789-HJBWG,2021-11-26,Call Drop,High,Technical,Resolved,3.0,5.0
CMP004345,6789-HJBWG,2020-12-06,Installation Delay,Medium,Sales,Resolved,2.0,3.0
CMP004346,9087-EYCPR,2022-02-16,Payment Issue,Low,Customer Care,Resolved,10.0,5.0
CMP004347,6791-YBNAK,2025-05-01,Billing Complaint,Low,Sales,Resolved,1.0,5.0
CMP004348,6980-IMXXE,2020-10-03,Billing Complaint,Medium,Customer Care,Resolved,8.0,3.0
CMP004349,0040-HALCW,2023-10-26,Payment Issue,Low,Billing,Open,,
CMP004350,2294-DMMUS,2025-01-22,Payment Issue,Low,Billing,Closed,10.0,5.0
CMP004351,3055-MJDSB,2021-04-19,Streaming Issue,Low,Billing,Resolved,8.0,4.0
CMP004352,9091-WTUUY,2024-08-03,Call Drop,Medium,Customer Care,Resolved,9.0,3.0
CMP004353,8496-DMZUK,2025-06-04,Low Download Speed,Low,Customer Care,In Progress,,
CMP004354,2040-VZIKE,2023-09-17,Call Drop,Low,Customer Care,In Progress,,
CMP004355,9068-VPWQQ,2021-02-11,Low Download Speed,Low,Network,Resolved,9.0,5.0
CMP004356,0178-SZBHO,2025-08-18,Poor Network,Medium,Customer Care,Open,,
CMP004357,0178-SZBHO,2020-05-05,Installation Delay,High,Technical,Resolved,9.0,5.0
CMP004358,0384-RVBPI,2022-01-07,Wrong Charges,Medium,Customer Care,Resolved,3.0,4.0
CMP004359,4525-VZCZG,2020-08-24,Slow Internet,High,Customer Care,Resolved,10.0,4.0
CMP004360,1543-LLLFT,2022-08-02,Call Drop,Medium,Network,Resolved,10.0,3.0
CMP004361,0319-QZTCO,2022-06-21,Frequent Disconnections,Medium,Customer Care,Closed,7.0,4.0
CMP004362,0668-OGMHD,2025-04-24,Service Outage,Low,Billing,In Progress,,
CMP004363,5593-SUAOO,2023-07-15,Wrong Charges,Low,Customer Care,Open,,
CMP004364,7617-EYGLW,2023-05-15,Payment Issue,High,Customer Care,Closed,7.0,3.0
CMP004365,9220-ZNKJI,2025-03-23,Service Outage,Medium,Customer Care,Resolved,7.0,5.0
CMP004366,0723-VSOBE,2021-07-07,Streaming Issue,Medium,Technical,Resolved,3.0,4.0
CMP004367,5529-GIBVH,2022-10-27,Billing Complaint,Medium,Customer Care,Resolved,5.0,3.0
CMP004368,9992-UJOEL,2024-05-07,Installation Delay,Low,Billing,Resolved,8.0,3.0
CMP004369,9992-UJOEL,2024-03-03,Wrong Charges,Low,Network,Resolved,7.0,3.0
CMP004370,4741-WWJQZ,2025-07-13,Low Download Speed,Low,Customer Care,Resolved,11.0,3.0
CMP004371,6625-UTXEW,2023-09-05,Slow Internet,Medium,Customer Care,Closed,11.0,3.0
CMP004372,1004-NOZNR,2024-07-05,Poor Customer Support,Medium,Sales,In Progress,,
CMP004373,1004-NOZNR,2020-12-08,Streaming Issue,Medium,Network,Closed,11.0,3.0
CMP004374,1251-STYSZ,2025-10-18,Call Drop,Medium,Customer Care,Open,,
CMP004375,1251-STYSZ,2021-07-24,Low Download Speed,Medium,Technical,Resolved,1.0,4.0
CMP004376,8480-PPONV,2024-09-16,Service Outage,High,Technical,In Progress,,
CMP004377,8780-IHCRN,2024-10-02,Payment Issue,Medium,Customer Care,Resolved,2.0,5.0
CMP004378,4598-ZADCK,2020-02-04,Installation Delay,Medium,Customer Care,Closed,11.0,3.0
CMP004379,1257-SXUXQ,2024-02-22,Billing Complaint,Low,Billing,In Progress,,
CMP004380,9681-KYGYB,2024-10-11,Service Outage,Low,Billing,Open,,
CMP004381,7182-OVLBJ,2022-12-08,Installation Delay,Low,Technical,Resolved,10.0,5.0
CMP004382,7182-OVLBJ,2025-10-26,Call Drop,Medium,Technical,Closed,5.0,5.0
CMP004383,5095-ETBRJ,2024-06-23,Poor Customer Support,Low,Customer Care,In Progress,,
CMP004384,7005-CYUIL,2022-10-11,Poor Network,Low,Network,Resolved,6.0,3.0
CMP004385,4821-WQOYN,2020-12-11,Payment Issue,Medium,Technical,Resolved,14.0,4.0
CMP004386,4730-AWNAU,2025-06-06,Frequent Disconnections,High,Billing,Resolved,5.0,3.0
CMP004387,3452-FLHYD,2022-11-01,Payment Issue,Medium,Network,Resolved,5.0,5.0
CMP004388,8711-LOBKY,2023-09-15,Payment Issue,Medium,Billing,In Progress,,
CMP004389,8985-OOPOS,2025-10-04,Wrong Charges,Medium,Customer Care,Resolved,12.0,5.0
CMP004390,3108-PCCGG,2021-10-11,Billing Complaint,High,Technical,Resolved,3.0,3.0
CMP004391,3022-BEXHZ,2025-04-14,Call Drop,Low,Customer Care,In Progress,,
CMP004392,6248-TKCQV,2025-03-28,Payment Issue,Low,Network,Resolved,6.0,4.0
CMP004393,6198-ZFIOJ,2020-03-18,Streaming Issue,High,Billing,In Progress,,
CMP004394,1291-CUOCY,2020-12-03,Slow Internet,High,Technical,Closed,1.0,4.0
CMP004395,9795-SHUHB,2023-05-14,Poor Customer Support,Medium,Network,In Progress,,
CMP004396,1866-NXPSP,2022-08-03,Service Outage,High,Customer Care,Resolved,9.0,5.0
CMP004397,1661-CZBAU,2021-11-27,Poor Network,Medium,Customer Care,Closed,1.0,4.0
CMP004398,5158-RIVOP,2021-09-02,Customer Support,Low,Technical,Open,,
CMP004399,9277-JOOMO,2020-10-09,Customer Support,Medium,Network,In Progress,,
CMP004400,1907-YLNYW,2024-10-23,Wrong Charges,Low,Network,In Progress,,
CMP004401,1907-YLNYW,2024-10-22,Poor Customer Support,Medium,Sales,Closed,10.0,3.0
CMP004402,3161-ONRWK,2025-02-23,Frequent Disconnections,Medium,Network,In Progress,,
CMP004403,0114-RSRRW,2022-08-09,Billing Complaint,Medium,Technical,Closed,14.0,4.0
CMP004404,4565-NLZBV,2024-05-15,Billing Complaint,Low,Customer Care,Resolved,9.0,5.0
CMP004405,6682-VCIXC,2025-06-10,Frequent Disconnections,Medium,Technical,Resolved,8.0,3.0
CMP004406,6475-VHUIZ,2023-06-18,Wrong Charges,Medium,Technical,Resolved,3.0,4.0
CMP004407,3910-MRQOY,2024-02-19,Billing Complaint,Medium,Billing,Resolved,2.0,5.0
CMP004408,7537-RBWEA,2021-05-08,Poor Network,Low,Network,Closed,10.0,4.0
CMP004409,7537-RBWEA,2020-12-20,Wrong Charges,High,Sales,Resolved,11.0,4.0
CMP004410,4656-CAURT,2024-07-22,Payment Issue,Low,Technical,Closed,2.0,5.0
CMP004411,0121-SNYRK,2020-02-10,Poor Customer Support,Medium,Network,Closed,5.0,3.0
CMP004412,3733-LSYCE,2024-09-10,Service Outage,Medium,Customer Care,Closed,4.0,4.0
CMP004413,6265-FRMTQ,2024-07-20,Customer Support,High,Billing,Resolved,6.0,5.0
CMP004414,2017-CCBLH,2023-08-08,Payment Issue,Medium,Billing,Resolved,5.0,3.0
CMP004415,7690-KPNCU,2025-05-04,Poor Network,Medium,Sales,In Progress,,
CMP004416,7690-KPNCU,2023-05-15,Call Drop,Medium,Network,Resolved,3.0,4.0
CMP004417,0536-BGFMZ,2022-12-27,Payment Issue,Low,Network,Resolved,15.0,3.0
CMP004418,5469-NUJUR,2024-02-24,Payment Issue,Low,Network,Open,,
CMP004419,2625-TRCZQ,2021-11-24,Billing Complaint,Low,Sales,Resolved,14.0,4.0
CMP004420,2625-TRCZQ,2023-11-23,Service Outage,Medium,Sales,In Progress,,
CMP004421,4102-HLENU,2021-03-22,Low Download Speed,Medium,Customer Care,Closed,3.0,5.0
CMP004422,4102-HLENU,2025-05-28,Poor Customer Support,Medium,Technical,Open,,
CMP004423,7722-VJRQD,2022-08-10,Low Download Speed,Medium,Customer Care,Resolved,9.0,5.0
CMP004424,7073-QETQY,2024-10-11,Billing Complaint,Medium,Customer Care,In Progress,,
CMP004425,5624-RYAMH,2023-02-27,Customer Support,Medium,Network,Open,,
CMP004426,7130-YXBRO,2025-04-19,Wrong Charges,Medium,Customer Care,Closed,8.0,3.0
CMP004427,9272-LSVYH,2023-10-24,Poor Network,Low,Sales,Resolved,14.0,5.0
CMP004428,9272-LSVYH,2025-09-23,Streaming Issue,Medium,Network,Resolved,11.0,5.0
CMP004429,3084-DOWLE,2021-08-03,Service Outage,Medium,Sales,Open,,
CMP004430,1084-MNSMJ,2025-03-07,Slow Internet,Low,Network,Resolved,1.0,4.0
CMP004431,4238-HFHSN,2021-04-19,Billing Complaint,Medium,Sales,Resolved,3.0,4.0
CMP004432,4238-HFHSN,2024-02-01,Frequent Disconnections,Low,Sales,Resolved,6.0,4.0
CMP004433,6250-CGGUN,2024-12-23,Poor Customer Support,High,Network,Resolved,1.0,4.0
CMP004434,5478-JJVZK,2020-06-06,Slow Internet,Medium,Billing,Resolved,9.0,3.0
CMP004435,5478-JJVZK,2023-09-05,Installation Delay,Medium,Network,Closed,9.0,4.0
CMP004436,7596-IIWYC,2021-02-04,Customer Support,Medium,Technical,In Progress,,
CMP004437,9793-WECQC,2021-06-07,Frequent Disconnections,Low,Technical,Resolved,1.0,5.0
CMP004438,9793-WECQC,2022-09-11,Billing Complaint,Medium,Billing,Open,,
CMP004439,4291-HPAXL,2023-07-22,Payment Issue,Medium,Network,In Progress,,
CMP004440,8999-YPYBV,2024-12-21,Poor Network,Low,Customer Care,Closed,10.0,5.0
CMP004441,1697-BCSHV,2021-11-12,Installation Delay,Medium,Sales,Resolved,14.0,3.0
CMP004442,1131-SUEKT,2020-08-03,Poor Network,Medium,Customer Care,Resolved,13.0,3.0
CMP004443,3717-OEAUQ,2020-07-06,Streaming Issue,Low,Sales,Resolved,6.0,5.0
CMP004444,4538-WNTMJ,2022-12-25,Payment Issue,Medium,Sales,Resolved,5.0,3.0
CMP004445,9432-RUVSL,2023-11-17,Payment Issue,Medium,Technical,Closed,9.0,5.0
CMP004446,8039-ACLPL,2022-06-26,Slow Internet,Medium,Network,Resolved,10.0,3.0
CMP004447,8039-ACLPL,2022-05-01,Low Download Speed,Medium,Sales,Closed,2.0,5.0
CMP004448,9885-AIBVB,2024-12-19,Low Download Speed,Medium,Sales,Resolved,1.0,5.0
CMP004449,1934-MKPXS,2022-01-12,Customer Support,Medium,Sales,In Progress,,
CMP004450,2272-JKMSI,2022-09-10,Poor Customer Support,Medium,Technical,In Progress,,
CMP004451,8714-CTZJW,2022-06-12,Streaming Issue,Medium,Customer Care,Open,,
CMP004452,8714-CTZJW,2025-05-28,Streaming Issue,Low,Network,Resolved,6.0,3.0
CMP004453,3569-EDBPQ,2020-09-20,Streaming Issue,Low,Network,Resolved,3.0,3.0
CMP004454,3131-NWVFJ,2020-07-06,Customer Support,Low,Network,In Progress,,
CMP004455,7521-YXVZY,2023-05-28,Payment Issue,Medium,Technical,Closed,6.0,5.0
CMP004456,0895-UADGO,2025-04-02,Wrong Charges,Medium,Network,Closed,6.0,3.0
CMP004457,5678-VFNEQ,2022-01-17,Billing Complaint,Low,Sales,Resolved,8.0,5.0
CMP004458,5678-VFNEQ,2021-12-10,Call Drop,Medium,Customer Care,Closed,1.0,4.0
CMP004459,5977-CKHON,2021-03-11,Payment Issue,Low,Customer Care,In Progress,,
CMP004460,5977-CKHON,2022-10-08,Poor Network,Medium,Network,Closed,5.0,5.0
CMP004461,2692-BUCFV,2020-12-25,Call Drop,Low,Billing,In Progress,,
CMP004462,1830-GGFNM,2025-07-20,Poor Customer Support,Medium,Customer Care,Resolved,11.0,3.0
CMP004463,5302-BDJNT,2023-04-18,Slow Internet,Low,Billing,Resolved,1.0,3.0
CMP004464,4859-ZSRDZ,2020-09-15,Payment Issue,High,Sales,In Progress,,
CMP004465,5651-WYIPH,2024-11-04,Slow Internet,Medium,Sales,Resolved,14.0,3.0
CMP004466,9350-VLHMB,2024-06-09,Slow Internet,Medium,Network,Resolved,10.0,5.0
CMP004467,6896-SRVYQ,2022-05-04,Frequent Disconnections,Low,Customer Care,Resolved,9.0,3.0
CMP004468,6896-SRVYQ,2024-11-18,Service Outage,Low,Sales,Closed,1.0,3.0
CMP004469,4652-ODEVH,2024-09-27,Billing Complaint,High,Network,Closed,13.0,5.0
CMP004470,6510-UPNKS,2023-01-23,Billing Complaint,Medium,Technical,Closed,12.0,4.0
CMP004471,6718-BDGHG,2025-03-26,Wrong Charges,Medium,Customer Care,Open,,
CMP004472,9046-DQMTP,2024-10-07,Customer Support,High,Technical,Resolved,4.0,5.0
CMP004473,6439-LAJXL,2025-06-07,Slow Internet,Low,Sales,Resolved,13.0,5.0
CMP004474,9052-VKDUW,2020-08-03,Frequent Disconnections,Medium,Sales,Open,,
CMP004475,9052-VKDUW,2023-03-08,Streaming Issue,Low,Billing,Closed,8.0,3.0
CMP004476,1666-JZPZT,2021-07-22,Wrong Charges,Medium,Billing,Resolved,15.0,3.0
CMP004477,5777-KJIRB,2020-12-25,Call Drop,Low,Network,Resolved,15.0,3.0
CMP004478,2480-EJWYP,2024-09-09,Poor Network,Low,Technical,Closed,13.0,3.0
CMP004479,3253-HKOKL,2025-08-12,Service Outage,Medium,Sales,Open,,
CMP004480,3211-AAPKX,2021-05-01,Installation Delay,Low,Network,Resolved,3.0,3.0
CMP004481,8445-DNBAE,2022-06-11,Service Outage,Low,Sales,Open,,
CMP004482,2958-NHPPS,2022-08-02,Customer Support,Medium,Sales,In Progress,,
CMP004483,6890-PFRQX,2020-06-19,Wrong Charges,Low,Billing,Closed,11.0,5.0
CMP004484,0222-CNVPT,2021-01-19,Call Drop,High,Technical,Resolved,9.0,4.0
CMP004485,0222-CNVPT,2021-07-25,Payment Issue,Low,Customer Care,Resolved,4.0,3.0
CMP004486,5899-OUVKV,2025-11-12,Billing Complaint,Low,Technical,In Progress,,
CMP004487,8681-ICONS,2024-08-03,Payment Issue,High,Customer Care,Open,,
CMP004488,6362-QHAFM,2022-05-12,Payment Issue,Low,Network,Resolved,3.0,3.0
CMP004489,3070-BDOQC,2024-08-17,Poor Network,Medium,Network,Open,,
CMP004490,3070-BDOQC,2022-10-05,Call Drop,Medium,Customer Care,Resolved,10.0,5.0
CMP004491,6234-PFPXL,2023-10-23,Poor Customer Support,Medium,Technical,Resolved,15.0,3.0
CMP004492,9824-QCJPK,2020-10-27,Billing Complaint,Medium,Technical,Closed,12.0,4.0
CMP004493,8205-MQUGY,2021-10-18,Frequent Disconnections,Low,Billing,Resolved,8.0,4.0
CMP004494,8205-MQUGY,2022-03-12,Call Drop,Low,Network,In Progress,,
CMP004495,8970-ANWXO,2025-11-11,Poor Customer Support,High,Network,Closed,7.0,5.0
CMP004496,9480-BQJEI,2025-06-25,Service Outage,Medium,Billing,Resolved,4.0,5.0
CMP004497,9480-BQJEI,2024-02-28,Poor Network,Medium,Technical,In Progress,,
CMP004498,9495-SKLKD,2021-12-12,Call Drop,Medium,Billing,Open,,
CMP004499,6281-FKEWS,2025-05-22,Poor Network,Medium,Network,Closed,4.0,4.0
CMP004500,8898-KASCD,2022-01-13,Wrong Charges,Low,Technical,In Progress,,
CMP004501,9242-TKFSV,2024-07-16,Low Download Speed,Medium,Network,Open,,
CMP004502,9290-SHCMB,2020-11-02,Call Drop,Low,Network,Resolved,5.0,5.0
CMP004503,9290-SHCMB,2020-12-25,Installation Delay,Medium,Customer Care,Resolved,15.0,5.0
CMP004504,0743-HNPFG,2023-02-20,Call Drop,High,Network,In Progress,,
CMP004505,2277-BKJKN,2025-12-16,Poor Network,Medium,Network,Resolved,4.0,3.0
CMP004506,8695-WDYEA,2024-09-03,Low Download Speed,Medium,Network,Closed,12.0,3.0
CMP004507,8695-WDYEA,2020-08-07,Wrong Charges,Low,Billing,Resolved,7.0,3.0
CMP004508,8016-ZMGMO,2020-09-20,Low Download Speed,Low,Sales,Open,,
CMP004509,8016-ZMGMO,2020-11-18,Frequent Disconnections,Medium,Technical,Resolved,8.0,5.0
CMP004510,3128-YOVTD,2020-10-22,Slow Internet,Medium,Billing,Resolved,3.0,3.0
CMP004511,1728-CXQBE,2021-12-09,Poor Network,High,Billing,Resolved,4.0,3.0
CMP004512,7041-TXQJH,2021-10-11,Frequent Disconnections,Low,Customer Care,Open,,
CMP004513,7041-TXQJH,2023-05-11,Low Download Speed,Low,Billing,In Progress,,
CMP004514,5724-BIDBU,2023-05-10,Frequent Disconnections,Medium,Billing,Resolved,1.0,3.0
CMP004515,5724-BIDBU,2023-01-27,Frequent Disconnections,Low,Customer Care,Open,,
CMP004516,0481-SUMCB,2023-12-17,Billing Complaint,Medium,Customer Care,In Progress,,
CMP004517,1769-GRUIK,2021-04-19,Billing Complaint,Low,Network,Open,,
CMP004518,1769-GRUIK,2024-07-26,Service Outage,Low,Sales,Resolved,11.0,4.0
CMP004519,8819-WFGGJ,2025-05-12,Wrong Charges,Medium,Customer Care,Resolved,5.0,5.0
CMP004520,7898-PDWQE,2024-06-12,Service Outage,Low,Network,In Progress,,
CMP004521,9972-EWRJS,2020-05-21,Billing Complaint,Low,Sales,Resolved,7.0,5.0
CMP004522,9314-IJWSQ,2024-07-18,Poor Customer Support,Medium,Customer Care,Resolved,1.0,5.0
CMP004523,2924-KHUVI,2020-10-16,Frequent Disconnections,Medium,Billing,Resolved,12.0,3.0
CMP004524,2924-KHUVI,2024-04-13,Frequent Disconnections,Low,Technical,In Progress,,
CMP004525,6184-DYUOB,2021-08-05,Payment Issue,High,Billing,Open,,
CMP004526,9207-ZPANB,2024-01-25,Frequent Disconnections,Medium,Technical,Resolved,1.0,5.0
CMP004527,2984-AFWNC,2024-08-11,Payment Issue,Low,Billing,Resolved,3.0,5.0
CMP004528,0640-YJTPY,2021-10-10,Billing Complaint,Low,Customer Care,Closed,11.0,5.0
CMP004529,8096-LOIST,2024-03-20,Call Drop,Medium,Billing,Closed,3.0,3.0
CMP004530,7107-UBYKY,2020-03-21,Billing Complaint,Low,Network,Resolved,9.0,5.0
CMP004531,7905-NJMXS,2020-08-10,Poor Network,Low,Sales,Closed,14.0,3.0
CMP004532,2091-GPPIQ,2023-06-10,Billing Complaint,High,Network,Resolved,9.0,3.0
CMP004533,2796-UUZZO,2020-02-14,Service Outage,High,Network,In Progress,,
CMP004534,2796-UUZZO,2025-08-21,Frequent Disconnections,Low,Billing,Open,,
CMP004535,9798-OPFEM,2020-06-22,Payment Issue,Medium,Technical,In Progress,,
CMP004536,3794-NFNCH,2021-08-22,Billing Complaint,Medium,Billing,Resolved,5.0,3.0
CMP004537,3794-NFNCH,2022-05-10,Billing Complaint,High,Network,Open,,
CMP004538,5193-QLVZB,2020-07-10,Poor Network,Medium,Network,In Progress,,
CMP004539,2245-ADZFJ,2023-05-27,Frequent Disconnections,Medium,Sales,Resolved,1.0,5.0
CMP004540,9313-QOLTZ,2025-06-15,Billing Complaint,Low,Billing,Open,,
CMP004541,4672-FOTSD,2020-08-16,Call Drop,Low,Network,Open,,
CMP004542,7338-ERIVA,2022-08-26,Call Drop,High,Sales,Closed,5.0,3.0
CMP004543,8259-NFJTV,2025-03-10,Payment Issue,Low,Network,Resolved,13.0,3.0
CMP004544,1436-ZMJAN,2020-10-23,Installation Delay,Low,Sales,Resolved,2.0,3.0
CMP004545,2812-SFXMJ,2023-10-16,Billing Complaint,Low,Technical,Resolved,8.0,4.0
CMP004546,5014-WUQMG,2020-02-25,Service Outage,Medium,Customer Care,Closed,9.0,3.0
CMP004547,5014-WUQMG,2022-02-06,Poor Network,Medium,Sales,Resolved,2.0,3.0
CMP004548,5312-TSZVC,2025-08-03,Payment Issue,Low,Billing,In Progress,,
CMP004549,7108-DGVUU,2025-10-16,Poor Network,Medium,Customer Care,Open,,
CMP004550,2782-JEEBU,2020-02-14,Payment Issue,Medium,Customer Care,Resolved,3.0,4.0
CMP004551,5127-BZENZ,2020-01-06,Service Outage,Low,Sales,Open,,
CMP004552,5127-BZENZ,2024-11-12,Slow Internet,Low,Sales,Resolved,8.0,3.0
CMP004553,9906-NHHVC,2022-05-11,Payment Issue,High,Sales,Resolved,9.0,4.0
CMP004554,9906-NHHVC,2022-09-14,Poor Network,Low,Billing,In Progress,,
CMP004555,4522-XRWWI,2021-04-04,Low Download Speed,Medium,Sales,Resolved,10.0,5.0
CMP004556,6485-QXWWE,2025-11-08,Payment Issue,Low,Billing,Resolved,8.0,3.0
CMP004557,7321-VGNKU,2024-07-27,Poor Customer Support,Low,Billing,Resolved,7.0,3.0
CMP004558,5327-CNLUQ,2025-12-24,Installation Delay,Low,Network,Resolved,8.0,4.0
CMP004559,5327-CNLUQ,2023-04-04,Call Drop,Low,Technical,Open,,
CMP004560,7552-KEYGT,2024-05-27,Customer Support,Medium,Technical,Resolved,8.0,4.0
CMP004561,2927-QRRQV,2022-12-16,Poor Customer Support,Low,Billing,Open,,
CMP004562,2927-QRRQV,2023-12-12,Slow Internet,Medium,Billing,Closed,11.0,3.0
CMP004563,6265-SXWBU,2024-08-02,Low Download Speed,High,Technical,In Progress,,
CMP004564,6265-SXWBU,2020-12-14,Call Drop,Low,Network,Open,,
CMP004565,6374-NTQLP,2024-06-08,Installation Delay,Medium,Billing,Resolved,3.0,5.0
CMP004566,3399-BMLVW,2020-07-24,Payment Issue,Medium,Technical,Resolved,14.0,4.0
CMP004567,1971-DTCZB,2020-07-15,Wrong Charges,Medium,Technical,Resolved,9.0,3.0
CMP004568,3813-DHBBB,2021-09-17,Frequent Disconnections,Medium,Customer Care,Closed,15.0,3.0
CMP004569,2812-REYAT,2022-06-24,Billing Complaint,Medium,Billing,Open,,
CMP004570,6518-PPLMZ,2020-02-16,Payment Issue,Medium,Network,In Progress,,
CMP004571,5930-GBIWP,2022-12-04,Call Drop,Low,Sales,Open,,
CMP004572,6022-KOUQO,2023-12-06,Slow Internet,Medium,Customer Care,Resolved,10.0,5.0
CMP004573,2361-UPSND,2021-10-15,Wrong Charges,Medium,Technical,Resolved,9.0,4.0
CMP004574,5035-BVCXS,2025-05-25,Slow Internet,High,Technical,Resolved,1.0,3.0
CMP004575,6267-DCFFZ,2021-10-11,Installation Delay,Low,Technical,Resolved,10.0,3.0
CMP004576,3533-UVMOM,2020-02-20,Frequent Disconnections,Low,Sales,Open,,
CMP004577,3533-UVMOM,2024-09-16,Poor Network,High,Customer Care,Resolved,8.0,4.0
CMP004578,2439-LYPMQ,2021-01-27,Poor Network,Low,Network,In Progress,,
CMP004579,1478-VPOAD,2021-08-04,Billing Complaint,Low,Sales,Closed,11.0,3.0
CMP004580,9995-HOTOH,2025-11-16,Frequent Disconnections,Medium,Sales,Resolved,15.0,4.0
CMP004581,9995-HOTOH,2020-06-26,Wrong Charges,Medium,Billing,Resolved,11.0,5.0
CMP004582,2988-PLAHS,2023-04-14,Wrong Charges,Medium,Billing,Open,,
CMP004583,2988-PLAHS,2020-07-11,Poor Customer Support,Low,Billing,Resolved,13.0,5.0
CMP004584,8883-ANODQ,2022-08-14,Frequent Disconnections,Medium,Billing,Closed,2.0,3.0
CMP004585,9469-WEJBT,2020-01-18,Streaming Issue,Medium,Sales,Closed,1.0,4.0
CMP004586,2581-VKIRT,2022-04-21,Payment Issue,Medium,Customer Care,In Progress,,
CMP004587,7426-WEIJX,2023-04-28,Slow Internet,Medium,Sales,In Progress,,
CMP004588,2967-MXRAV,2025-12-03,Customer Support,High,Network,Closed,15.0,4.0
CMP004589,8189-HBVRW,2020-04-02,Installation Delay,Medium,Billing,Closed,12.0,5.0
CMP004590,4163-KIUHY,2021-03-19,Customer Support,Low,Customer Care,Resolved,10.0,4.0
CMP004591,1219-NNDDO,2025-07-22,Installation Delay,Low,Billing,In Progress,,
CMP004592,1219-NNDDO,2021-02-22,Slow Internet,Medium,Technical,Closed,14.0,3.0
CMP004593,8388-DMKAE,2025-09-25,Customer Support,High,Technical,Resolved,7.0,5.0
CMP004594,9659-QEQSY,2025-02-04,Service Outage,Medium,Customer Care,Closed,13.0,4.0
CMP004595,5405-ZMYXQ,2025-01-01,Poor Network,Low,Technical,Closed,7.0,4.0
CMP004596,5405-ZMYXQ,2024-06-17,Installation Delay,Medium,Customer Care,Closed,14.0,3.0
CMP004597,4737-AQCPU,2022-02-14,Slow Internet,Medium,Network,Closed,10.0,3.0
CMP004598,0793-TWELN,2020-03-20,Payment Issue,Medium,Customer Care,Resolved,1.0,4.0
CMP004599,3283-WCWXT,2025-03-22,Billing Complaint,Medium,Customer Care,Resolved,10.0,5.0
CMP004600,0999-QXNSA,2022-11-11,Low Download Speed,High,Sales,Closed,14.0,4.0
CMP004601,4836-WNFNO,2020-06-12,Billing Complaint,Low,Sales,Resolved,14.0,3.0
CMP004602,9225-BZLNZ,2024-07-04,Billing Complaint,Medium,Network,Open,,
CMP004603,0354-VXMJC,2020-09-18,Payment Issue,Low,Customer Care,Closed,12.0,4.0
CMP004604,4422-QVIJA,2022-05-24,Streaming Issue,Low,Network,Resolved,15.0,3.0
CMP004605,4422-QVIJA,2024-03-19,Payment Issue,Medium,Technical,Resolved,7.0,3.0
CMP004606,8332-OSJDW,2025-10-19,Customer Support,Low,Technical,Open,,
CMP004607,4735-BJKOU,2024-08-09,Customer Support,Low,Network,Open,,
CMP004608,1696-MZVAU,2020-06-17,Installation Delay,Medium,Sales,Resolved,6.0,5.0
CMP004609,7359-WWYJV,2023-04-08,Wrong Charges,Low,Technical,Resolved,5.0,5.0
CMP004610,3795-GWTRD,2024-12-26,Slow Internet,Low,Network,Resolved,6.0,5.0
CMP004611,1298-PHBTI,2020-10-07,Installation Delay,Low,Sales,Resolved,2.0,5.0
CMP004612,6223-DHJGV,2024-01-05,Billing Complaint,High,Network,Resolved,12.0,3.0
CMP004613,4918-FYJNT,2024-10-09,Frequent Disconnections,Low,Customer Care,In Progress,,
CMP004614,4854-CIDCF,2021-09-14,Poor Customer Support,Low,Network,Resolved,10.0,4.0
CMP004615,4854-CIDCF,2025-03-12,Slow Internet,Medium,Billing,Closed,8.0,3.0
CMP004616,3280-MRDOF,2025-02-03,Wrong Charges,Low,Technical,In Progress,,
CMP004617,9964-WBQDJ,2021-04-22,Payment Issue,Medium,Customer Care,In Progress,,
CMP004618,6303-KFWSL,2020-04-26,Slow Internet,High,Billing,Resolved,9.0,4.0
CMP004619,6303-KFWSL,2024-05-03,Poor Network,Medium,Sales,Closed,9.0,4.0
CMP004620,1702-CCFNJ,2023-07-23,Wrong Charges,Medium,Network,Open,,
CMP004621,0386-CWRGM,2021-08-25,Billing Complaint,High,Network,Resolved,3.0,4.0
CMP004622,5515-RUGKN,2024-11-13,Low Download Speed,Low,Technical,Closed,14.0,3.0
CMP004623,0404-AHASP,2023-02-13,Customer Support,High,Customer Care,Open,,
CMP004624,9060-HJJRW,2021-06-24,Low Download Speed,Medium,Customer Care,Open,,
CMP004625,2587-YNLES,2025-03-25,Payment Issue,Medium,Billing,Closed,10.0,4.0
CMP004626,7398-SKNQZ,2020-07-28,Poor Network,Medium,Billing,Closed,13.0,4.0
CMP004627,7398-SKNQZ,2020-08-26,Low Download Speed,Medium,Sales,In Progress,,
CMP004628,1958-RNRKS,2020-03-16,Low Download Speed,Medium,Network,Closed,10.0,5.0
CMP004629,8345-MVDYC,2022-06-23,Slow Internet,Low,Technical,Resolved,10.0,3.0
CMP004630,1015-OWJKI,2020-02-01,Billing Complaint,Medium,Customer Care,Resolved,13.0,4.0
CMP004631,8887-IPQNC,2024-09-11,Poor Customer Support,Medium,Billing,Resolved,13.0,4.0
CMP004632,8887-IPQNC,2023-07-06,Poor Network,Medium,Sales,Resolved,1.0,5.0
CMP004633,0106-GHRQR,2025-03-22,Poor Customer Support,Low,Sales,Resolved,9.0,4.0
CMP004634,0106-GHRQR,2022-03-13,Frequent Disconnections,High,Network,Closed,8.0,3.0
CMP004635,3768-VHXQO,2020-09-18,Billing Complaint,Medium,Technical,Resolved,3.0,4.0
CMP004636,8952-WCVCD,2023-12-26,Call Drop,High,Technical,Closed,15.0,4.0
CMP004637,8952-WCVCD,2023-01-05,Billing Complaint,High,Sales,Open,,
CMP004638,3963-RYFNS,2021-07-11,Frequent Disconnections,Low,Sales,Closed,3.0,5.0
CMP004639,8540-ZQGEA,2024-09-02,Billing Complaint,Medium,Billing,In Progress,,
CMP004640,1320-REHCS,2022-11-16,Frequent Disconnections,Medium,Network,Resolved,13.0,5.0
CMP004641,4137-JOPHL,2025-07-06,Poor Network,Medium,Sales,In Progress,,
CMP004642,7801-CEDNV,2020-03-10,Payment Issue,Medium,Technical,Resolved,15.0,3.0
CMP004643,7801-CEDNV,2024-02-04,Call Drop,Medium,Billing,In Progress,,
CMP004644,6950-TWMYB,2025-01-05,Poor Customer Support,Medium,Billing,In Progress,,
CMP004645,5848-FHRFC,2022-05-21,Billing Complaint,Low,Customer Care,Resolved,3.0,4.0
CMP004646,5356-KZCKT,2023-03-03,Customer Support,Medium,Network,In Progress,,
CMP004647,6519-CFDBX,2024-11-06,Poor Network,Medium,Billing,Resolved,4.0,5.0
CMP004648,6519-CFDBX,2021-06-13,Billing Complaint,Low,Network,In Progress,,
CMP004649,3902-MIVLE,2021-08-05,Installation Delay,Low,Network,Closed,11.0,4.0
CMP004650,0409-WTMPL,2022-07-18,Service Outage,Medium,Billing,Resolved,14.0,4.0
CMP004651,3669-WHAFY,2021-04-19,Payment Issue,Medium,Billing,Resolved,14.0,3.0
CMP004652,3055-VTCGS,2021-03-27,Installation Delay,Low,Sales,Resolved,12.0,5.0
CMP004653,3055-VTCGS,2025-06-21,Wrong Charges,Medium,Sales,Resolved,4.0,5.0
CMP004654,3144-KMTWZ,2020-08-17,Low Download Speed,Medium,Sales,Resolved,13.0,4.0
CMP004655,3144-KMTWZ,2020-10-13,Poor Network,Low,Billing,Closed,11.0,4.0
CMP004656,2007-QVGAW,2021-06-13,Billing Complaint,Medium,Technical,Open,,
CMP004657,5207-PLSTK,2024-07-14,Slow Internet,Low,Network,Closed,5.0,3.0
CMP004658,5605-XNWEN,2021-02-22,Billing Complaint,Low,Network,Resolved,4.0,3.0
CMP004659,2155-AMQRX,2022-04-02,Slow Internet,Medium,Billing,In Progress,,
CMP004660,5091-HFAZW,2025-09-03,Poor Network,Medium,Network,Closed,6.0,5.0
CMP004661,8623-ULFNQ,2022-12-12,Installation Delay,High,Sales,Resolved,6.0,3.0
CMP004662,7789-HKSBS,2025-02-12,Payment Issue,Medium,Billing,Resolved,5.0,4.0
CMP004663,7789-HKSBS,2023-07-25,Low Download Speed,Medium,Billing,Open,,
CMP004664,7416-CKTEP,2025-08-02,Payment Issue,High,Billing,Resolved,12.0,5.0
CMP004665,2586-CWXVV,2025-07-24,Service Outage,Low,Sales,Resolved,10.0,5.0
CMP004666,2586-CWXVV,2020-08-03,Installation Delay,Low,Billing,Open,,
CMP004667,8401-EMUWF,2024-02-01,Installation Delay,Low,Technical,In Progress,,
CMP004668,8401-EMUWF,2020-03-05,Call Drop,Low,Network,Resolved,1.0,5.0
CMP004669,4193-IBKSW,2022-03-13,Billing Complaint,Low,Network,Closed,1.0,4.0
CMP004670,5377-NDTOU,2020-02-22,Service Outage,Low,Sales,Resolved,10.0,5.0
CMP004671,2474-LCNUE,2020-05-18,Frequent Disconnections,Low,Billing,Resolved,1.0,5.0
CMP004672,0839-QNXME,2024-07-17,Billing Complaint,Medium,Technical,In Progress,,
CMP004673,2178-PMGCJ,2024-10-12,Streaming Issue,Medium,Technical,Closed,3.0,5.0
CMP004674,2178-PMGCJ,2022-09-24,Billing Complaint,Low,Network,Closed,1.0,3.0
CMP004675,7492-TAFJD,2022-11-15,Payment Issue,Low,Network,In Progress,,
CMP004676,7492-TAFJD,2022-08-10,Poor Customer Support,Low,Technical,Closed,2.0,5.0
CMP004677,7860-KSUGX,2020-05-25,Wrong Charges,Low,Sales,Closed,10.0,4.0
CMP004678,7860-KSUGX,2021-04-15,Call Drop,Medium,Network,In Progress,,
CMP004679,8966-KZXXA,2022-12-13,Customer Support,Medium,Billing,Resolved,3.0,3.0
CMP004680,5149-QYTTU,2020-07-12,Poor Customer Support,Low,Billing,In Progress,,
CMP004681,2070-XYMFH,2020-05-28,Payment Issue,Medium,Technical,Open,,
CMP004682,0817-HSUSE,2025-11-17,Wrong Charges,Medium,Sales,In Progress,,
CMP004683,5442-PPTJY,2022-11-10,Customer Support,Medium,Sales,Resolved,15.0,5.0
CMP004684,1663-MHLHE,2023-03-18,Payment Issue,Low,Sales,Resolved,10.0,5.0
CMP004685,0794-YVSGE,2022-12-01,Customer Support,Low,Network,Resolved,5.0,3.0
CMP004686,2959-EEXWB,2022-03-23,Poor Network,Medium,Sales,Resolved,13.0,3.0
CMP004687,1839-UMACK,2025-12-03,Payment Issue,Medium,Network,Closed,2.0,5.0
CMP004688,7321-KKSDU,2023-04-26,Payment Issue,High,Technical,Closed,4.0,3.0
CMP004689,8286-AFUYI,2022-05-15,Frequent Disconnections,Medium,Network,Resolved,7.0,3.0
CMP004690,8286-AFUYI,2024-08-01,Payment Issue,Medium,Billing,Resolved,11.0,4.0
CMP004691,8058-DMYRU,2023-08-21,Wrong Charges,Low,Billing,Resolved,9.0,3.0
CMP004692,9350-ZXYJC,2024-04-18,Customer Support,Medium,Sales,Resolved,8.0,5.0
CMP004693,6959-GQEGV,2020-08-12,Billing Complaint,High,Billing,Open,,
CMP004694,1265-HVPZB,2022-09-15,Streaming Issue,Low,Technical,In Progress,,
CMP004695,7369-TRPFD,2024-08-13,Billing Complaint,Medium,Sales,In Progress,,
CMP004696,5296-BFCYD,2023-04-12,Customer Support,Medium,Sales,Resolved,6.0,5.0
CMP004697,3279-DYZQM,2024-02-27,Payment Issue,Medium,Billing,Resolved,1.0,3.0
CMP004698,9575-IWCAZ,2025-10-16,Billing Complaint,Medium,Technical,Resolved,5.0,4.0
CMP004699,7105-MXJLL,2022-05-07,Billing Complaint,High,Technical,Resolved,9.0,4.0
CMP004700,3961-SXAXY,2023-07-25,Billing Complaint,Medium,Sales,In Progress,,
CMP004701,3961-SXAXY,2023-03-14,Service Outage,Medium,Technical,Resolved,7.0,3.0
CMP004702,3062-ICYZQ,2024-03-04,Poor Customer Support,Medium,Technical,In Progress,,
CMP004703,3062-ICYZQ,2021-11-25,Slow Internet,Medium,Sales,Resolved,9.0,3.0
CMP004704,9938-PRCVK,2021-05-05,Customer Support,Medium,Customer Care,Resolved,11.0,4.0
CMP004705,9637-CDTKZ,2023-08-03,Wrong Charges,Low,Network,Open,,
CMP004706,3946-JEWRQ,2021-11-21,Slow Internet,Medium,Customer Care,Open,,
CMP004707,7873-CVMAW,2020-07-13,Service Outage,High,Network,Closed,14.0,5.0
CMP004708,0463-WZZKO,2023-03-27,Payment Issue,Medium,Network,Resolved,4.0,4.0
CMP004709,4524-QCSSM,2023-09-08,Slow Internet,Medium,Technical,Resolved,14.0,5.0
CMP004710,4524-QCSSM,2024-10-03,Wrong Charges,High,Billing,Resolved,2.0,5.0
CMP004711,5832-EXGTT,2022-01-28,Billing Complaint,Low,Sales,Open,,
CMP004712,2039-JONDJ,2025-08-13,Poor Network,Medium,Customer Care,Open,,
CMP004713,7217-JYHOQ,2021-08-09,Poor Network,Medium,Technical,Open,,
CMP004714,6695-FRVEC,2025-04-18,Slow Internet,Medium,Network,Open,,
CMP004715,9894-QMIMJ,2025-02-08,Payment Issue,Medium,Network,Closed,3.0,3.0
CMP004716,8069-YQQAJ,2020-01-22,Wrong Charges,Low,Technical,In Progress,,
CMP004717,1636-NTNCO,2025-04-13,Installation Delay,Low,Technical,Open,,
CMP004718,3466-WAESX,2025-01-13,Service Outage,Low,Customer Care,Closed,5.0,5.0
CMP004719,3466-WAESX,2022-05-18,Installation Delay,High,Technical,Closed,6.0,4.0
CMP004720,8563-OYMQY,2020-03-13,Low Download Speed,Low,Network,Resolved,3.0,4.0
CMP004721,0754-EEBDC,2020-04-25,Billing Complaint,Medium,Network,Resolved,15.0,3.0
CMP004722,3318-NMQXL,2021-08-26,Low Download Speed,Medium,Network,Open,,
CMP004723,3318-NMQXL,2023-03-14,Call Drop,High,Technical,In Progress,,
CMP004724,1022-RKXDR,2024-09-21,Payment Issue,Low,Sales,In Progress,,
CMP004725,2361-FJWNO,2020-01-10,Wrong Charges,High,Customer Care,Resolved,1.0,3.0
CMP004726,2272-UOINI,2024-09-03,Payment Issue,Low,Network,Resolved,3.0,3.0
CMP004727,8232-UTFOZ,2022-09-23,Customer Support,Medium,Customer Care,In Progress,,
CMP004728,5668-MEISB,2021-01-18,Streaming Issue,Medium,Technical,Resolved,15.0,3.0
CMP004729,3219-JQRSL,2023-06-28,Installation Delay,Low,Technical,Resolved,9.0,3.0
CMP004730,4623-ZKHLY,2021-06-28,Payment Issue,Low,Billing,Resolved,3.0,4.0
CMP004731,6732-VAILE,2024-09-05,Payment Issue,Medium,Sales,Resolved,12.0,4.0
CMP004732,7696-CFTAT,2023-02-03,Billing Complaint,Medium,Customer Care,Resolved,7.0,5.0
CMP004733,1845-CSBRZ,2022-12-07,Call Drop,Medium,Network,Closed,6.0,3.0
CMP004734,2123-VSCOT,2023-08-16,Low Download Speed,Low,Customer Care,Resolved,10.0,3.0
CMP004735,2018-QKYGT,2022-09-01,Slow Internet,High,Customer Care,In Progress,,
CMP004736,2792-VPPET,2021-09-04,Customer Support,Low,Billing,Resolved,14.0,3.0
CMP004737,7409-JURKQ,2021-02-09,Poor Customer Support,High,Sales,Resolved,10.0,4.0
CMP004738,7297-DVYGA,2025-05-10,Customer Support,High,Customer Care,Resolved,2.0,3.0
CMP004739,2239-CGBUZ,2022-09-16,Call Drop,Low,Billing,Open,,
CMP004740,0854-UYHZD,2021-01-06,Payment Issue,Low,Customer Care,Resolved,9.0,3.0
CMP004741,4890-VMUAV,2021-02-20,Low Download Speed,High,Technical,Closed,2.0,3.0
CMP004742,3764-MNMOI,2025-12-25,Customer Support,Low,Billing,Closed,11.0,4.0
CMP004743,7449-HVPIV,2023-08-19,Low Download Speed,Low,Customer Care,Open,,
CMP004744,8735-IJJEG,2021-07-05,Poor Network,High,Network,In Progress,,
CMP004745,0701-RFGFI,2021-08-08,Frequent Disconnections,Low,Network,Closed,5.0,4.0
CMP004746,0701-RFGFI,2024-09-24,Slow Internet,Medium,Sales,In Progress,,
CMP004747,0019-EFAEP,2023-12-11,Poor Customer Support,Medium,Network,Resolved,12.0,4.0
CMP004748,5619-PTMIK,2021-05-22,Installation Delay,Medium,Billing,Resolved,3.0,4.0
CMP004749,3737-XBQDD,2023-12-26,Low Download Speed,High,Sales,Closed,1.0,5.0
CMP004750,3737-XBQDD,2025-10-23,Low Download Speed,Medium,Sales,Resolved,3.0,4.0
CMP004751,7967-HYCDE,2023-04-15,Slow Internet,Low,Customer Care,Open,,
CMP004752,7967-HYCDE,2025-10-22,Installation Delay,High,Technical,Open,,
CMP004753,5447-WZAFP,2023-01-26,Billing Complaint,Low,Customer Care,Resolved,3.0,5.0
CMP004754,5447-WZAFP,2023-09-23,Low Download Speed,Low,Sales,In Progress,,
CMP004755,5110-CHOPY,2022-06-16,Call Drop,Medium,Technical,Resolved,15.0,4.0
CMP004756,4425-OWHWB,2023-01-19,Customer Support,Medium,Network,Resolved,14.0,5.0
CMP004757,7892-QVYKW,2023-10-11,Slow Internet,Low,Billing,Resolved,11.0,5.0
CMP004758,7892-QVYKW,2025-04-28,Streaming Issue,Medium,Billing,Resolved,11.0,4.0
CMP004759,4703-MQYKT,2021-08-23,Customer Support,High,Billing,Resolved,5.0,3.0
CMP004760,5692-ICXLW,2024-09-16,Call Drop,Medium,Technical,Resolved,11.0,3.0
CMP004761,0602-DDUML,2025-11-06,Call Drop,Medium,Sales,Open,,
CMP004762,2208-MPXIO,2022-10-08,Billing Complaint,Low,Customer Care,Resolved,6.0,4.0
CMP004763,3190-FZATL,2021-07-09,Customer Support,Low,Network,Resolved,5.0,3.0
CMP004764,9885-MFVSU,2024-02-08,Poor Network,Medium,Customer Care,In Progress,,
CMP004765,3365-SAIGS,2024-03-09,Installation Delay,Low,Billing,Closed,8.0,5.0
CMP004766,3365-SAIGS,2024-10-03,Payment Issue,Medium,Billing,In Progress,,
CMP004767,7020-OZKXZ,2022-07-06,Streaming Issue,Medium,Technical,Closed,6.0,3.0
CMP004768,7020-OZKXZ,2020-11-04,Streaming Issue,Medium,Billing,In Progress,,
CMP004769,7639-OPLNG,2021-08-10,Poor Network,Low,Billing,Resolved,5.0,5.0
CMP004770,7328-OWMOM,2024-11-26,Customer Support,Medium,Sales,Open,,
CMP004771,4418-LZMSV,2023-03-22,Wrong Charges,Low,Billing,Open,,
CMP004772,5155-AZQPB,2020-11-14,Streaming Issue,Low,Billing,Closed,10.0,5.0
CMP004773,5155-AZQPB,2021-01-13,Installation Delay,High,Technical,Resolved,13.0,5.0
CMP004774,2546-KZAAT,2022-05-15,Wrong Charges,Low,Network,Resolved,13.0,3.0
CMP004775,0181-RITDD,2022-07-18,Frequent Disconnections,Medium,Sales,Open,,
CMP004776,5989-PGKJB,2021-02-11,Call Drop,Low,Technical,Open,,
CMP004777,8272-ONJLV,2024-05-13,Billing Complaint,Low,Technical,Resolved,7.0,4.0
CMP004778,8272-ONJLV,2025-07-11,Slow Internet,High,Technical,In Progress,,
CMP004779,1488-PBLJN,2025-07-15,Installation Delay,Low,Network,Resolved,10.0,4.0
CMP004780,0308-GIQJT,2023-05-13,Billing Complaint,Low,Customer Care,Resolved,15.0,5.0
CMP004781,3090-LETTY,2025-05-17,Low Download Speed,High,Technical,Resolved,11.0,5.0
CMP004782,3090-LETTY,2025-11-18,Call Drop,Low,Billing,In Progress,,
CMP004783,9720-JJJOR,2025-10-19,Poor Customer Support,Low,Billing,Resolved,2.0,5.0
CMP004784,9720-JJJOR,2024-02-18,Call Drop,Low,Customer Care,In Progress,,
CMP004785,8775-ERLNB,2023-05-18,Installation Delay,Medium,Billing,Resolved,7.0,5.0
CMP004786,7361-YPXFS,2025-12-10,Frequent Disconnections,Low,Technical,Open,,
CMP004787,6557-BZXLQ,2020-05-24,Low Download Speed,High,Network,Resolved,15.0,4.0
CMP004788,6557-BZXLQ,2025-01-12,Low Download Speed,Low,Customer Care,Resolved,15.0,3.0
CMP004789,7519-JTWQH,2021-08-15,Service Outage,Medium,Customer Care,Open,,
CMP004790,2538-OIMXF,2022-02-13,Low Download Speed,Low,Sales,Resolved,9.0,3.0
CMP004791,4872-JCVCA,2022-11-21,Frequent Disconnections,Low,Billing,Resolved,12.0,3.0
CMP004792,4138-NAXED,2025-09-18,Slow Internet,High,Billing,Resolved,9.0,4.0
CMP004793,7483-IQWIB,2022-05-08,Installation Delay,Low,Customer Care,Resolved,3.0,4.0
CMP004794,7483-IQWIB,2021-09-01,Billing Complaint,High,Technical,Closed,11.0,5.0
CMP004795,5248-KWLAR,2021-08-07,Billing Complaint,Low,Network,Closed,2.0,5.0
CMP004796,7996-MHXLW,2024-10-03,Billing Complaint,Medium,Technical,Resolved,5.0,5.0
CMP004797,1852-QSWCD,2020-11-21,Customer Support,Medium,Billing,In Progress,,
CMP004798,3392-EHMNK,2022-08-15,Streaming Issue,Medium,Billing,Open,,
CMP004799,3061-BCKYI,2020-04-21,Billing Complaint,Medium,Customer Care,In Progress,,
CMP004800,7901-TBKJX,2021-01-10,Service Outage,Low,Technical,Closed,2.0,5.0
CMP004801,7901-TBKJX,2021-12-21,Service Outage,Medium,Sales,Resolved,7.0,3.0
CMP004802,7228-PAQPD,2020-05-21,Service Outage,Medium,Billing,Open,,
CMP004803,9919-FZDED,2024-09-14,Payment Issue,Low,Sales,Closed,13.0,4.0
CMP004804,5934-TSSAU,2020-07-22,Low Download Speed,Medium,Billing,Open,,
CMP004805,5934-TSSAU,2023-05-27,Frequent Disconnections,Medium,Network,Resolved,2.0,3.0
CMP004806,3486-KHMLI,2023-07-03,Payment Issue,Low,Billing,Resolved,2.0,4.0
CMP004807,6661-EIPZC,2022-05-24,Low Download Speed,Low,Sales,Resolved,12.0,4.0
CMP004808,5555-RNPGT,2020-11-08,Customer Support,Low,Billing,Closed,7.0,4.0
CMP004809,8087-LGYHQ,2020-08-05,Payment Issue,Low,Sales,Resolved,5.0,5.0
CMP004810,4137-BTIKL,2020-06-19,Call Drop,Medium,Billing,Resolved,14.0,3.0
CMP004811,2190-BCXEC,2020-12-24,Low Download Speed,Low,Customer Care,Resolved,11.0,4.0
CMP004812,6227-FBDXH,2022-07-19,Poor Customer Support,Low,Network,Resolved,3.0,4.0
CMP004813,2911-WDXMV,2023-11-07,Service Outage,Medium,Billing,Resolved,13.0,4.0
CMP004814,4547-FZJWE,2025-11-19,Streaming Issue,Medium,Billing,Closed,6.0,5.0
CMP004815,7422-WNBTY,2023-05-22,Poor Network,Medium,Customer Care,Open,,
CMP004816,0842-IWYCP,2024-12-25,Call Drop,High,Technical,Resolved,11.0,3.0
CMP004817,3521-HTQTV,2022-10-26,Customer Support,Medium,Network,Closed,3.0,3.0
CMP004818,3744-ZBHON,2020-03-24,Payment Issue,Medium,Technical,Closed,6.0,4.0
CMP004819,7707-PYBBH,2023-03-25,Poor Network,Medium,Billing,Resolved,5.0,4.0
CMP004820,4139-DETXS,2020-02-24,Slow Internet,Medium,Billing,Resolved,1.0,4.0
CMP004821,9805-FILKB,2025-03-20,Customer Support,Low,Sales,Resolved,9.0,4.0
CMP004822,5793-YOLJN,2021-10-05,Customer Support,Low,Network,Closed,9.0,3.0
CMP004823,0673-IGUQO,2024-01-12,Billing Complaint,Medium,Billing,Closed,3.0,5.0
CMP004824,4123-FCVCB,2025-06-12,Poor Network,Low,Sales,Open,,
CMP004825,8311-UEUAB,2023-04-21,Streaming Issue,Medium,Technical,Resolved,9.0,5.0
CMP004826,8311-UEUAB,2021-10-24,Billing Complaint,Low,Sales,Closed,7.0,4.0
CMP004827,5858-EAFCZ,2022-07-13,Low Download Speed,Low,Sales,Resolved,2.0,3.0
CMP004828,5858-EAFCZ,2025-01-12,Poor Customer Support,Medium,Customer Care,Open,,
CMP004829,1163-ONYEY,2024-08-20,Low Download Speed,High,Network,Open,,
CMP004830,1163-ONYEY,2021-03-25,Frequent Disconnections,Medium,Technical,Closed,11.0,4.0
CMP004831,4010-YLMVT,2020-06-10,Streaming Issue,Medium,Billing,Open,,
CMP004832,4010-YLMVT,2022-10-04,Call Drop,Medium,Network,Open,,
CMP004833,8612-GXIDD,2021-03-18,Payment Issue,Low,Sales,Resolved,3.0,3.0
CMP004834,8160-HOWOX,2020-02-03,Slow Internet,Medium,Billing,In Progress,,
CMP004835,8160-HOWOX,2023-06-15,Service Outage,Low,Billing,Closed,14.0,3.0
CMP004836,4223-BKEOR,2023-01-14,Wrong Charges,High,Billing,Closed,4.0,4.0
CMP004837,4079-VTGLK,2021-09-16,Billing Complaint,Medium,Customer Care,Open,,
CMP004838,1391-UBDAR,2023-03-15,Installation Delay,High,Technical,Open,,
CMP004839,1391-UBDAR,2021-08-14,Poor Customer Support,Medium,Customer Care,Resolved,15.0,5.0
CMP004840,2023-VQFDL,2023-01-15,Billing Complaint,Low,Sales,Resolved,3.0,4.0
CMP004841,2014-MKGMH,2021-03-04,Poor Customer Support,Medium,Billing,Resolved,5.0,4.0
CMP004842,2014-MKGMH,2021-11-06,Poor Customer Support,Medium,Sales,In Progress,,
CMP004843,5628-FCGYG,2022-07-28,Low Download Speed,High,Sales,Resolved,14.0,5.0
CMP004844,2560-WBWXF,2025-06-18,Payment Issue,Medium,Network,In Progress,,
CMP004845,0248-IPDFW,2020-10-18,Call Drop,Medium,Sales,In Progress,,
CMP004846,0248-IPDFW,2020-05-15,Installation Delay,Low,Network,In Progress,,
CMP004847,7978-DKUQH,2021-03-28,Call Drop,High,Technical,Resolved,8.0,5.0
CMP004848,1784-EZDKJ,2021-11-22,Billing Complaint,High,Billing,Resolved,12.0,3.0
CMP004849,9297-FVVDH,2024-12-06,Low Download Speed,Medium,Technical,Resolved,2.0,4.0
CMP004850,7101-HRBLJ,2025-01-05,Service Outage,High,Billing,Open,,
CMP004851,5453-YBTWV,2023-02-15,Service Outage,Medium,Network,Closed,3.0,3.0
CMP004852,6418-PIQSP,2025-12-05,Low Download Speed,Low,Customer Care,Closed,8.0,4.0
CMP004853,8220-OCUFY,2024-07-01,Slow Internet,Low,Technical,Closed,11.0,5.0
CMP004854,3995-WFCSM,2023-01-15,Frequent Disconnections,Medium,Network,Resolved,3.0,4.0
CMP004855,3995-WFCSM,2022-03-15,Installation Delay,Low,Customer Care,Closed,5.0,5.0
CMP004856,1895-QTKDO,2024-11-13,Streaming Issue,Medium,Sales,Open,,
CMP004857,1895-QTKDO,2025-08-11,Poor Network,Medium,Customer Care,In Progress,,
CMP004858,1178-PZGAB,2020-10-06,Customer Support,Low,Technical,In Progress,,
CMP004859,2878-RMWXY,2020-08-02,Wrong Charges,Medium,Network,Resolved,12.0,4.0
CMP004860,1657-DYMBM,2021-09-24,Customer Support,Medium,Network,Resolved,6.0,5.0
CMP004861,7311-MQJCH,2020-02-20,Billing Complaint,Low,Sales,In Progress,,
CMP004862,7375-WMVMT,2022-09-21,Service Outage,Low,Billing,Resolved,15.0,4.0
CMP004863,1136-XGEQU,2025-09-06,Billing Complaint,High,Network,Open,,
CMP004864,6844-DZKRF,2021-12-05,Call Drop,Medium,Billing,Resolved,6.0,3.0
CMP004865,5970-GHJAW,2024-07-16,Billing Complaint,Medium,Technical,Resolved,11.0,3.0
CMP004866,3689-MOZGR,2024-12-22,Streaming Issue,Medium,Sales,Open,,
CMP004867,5003-XZWWO,2020-03-09,Frequent Disconnections,High,Customer Care,Resolved,4.0,3.0
CMP004868,6922-NCEDI,2025-03-27,Customer Support,Medium,Billing,Closed,9.0,5.0
CMP004869,6131-IUNXN,2023-11-26,Customer Support,Low,Customer Care,Resolved,4.0,4.0
CMP004870,9798-DRYDS,2024-08-28,Streaming Issue,Medium,Network,Resolved,15.0,3.0
CMP004871,8532-UEFWH,2025-03-06,Customer Support,Medium,Technical,Resolved,11.0,4.0
CMP004872,6296-DDOOR,2023-11-23,Billing Complaint,Low,Customer Care,Closed,8.0,3.0
CMP004873,6296-DDOOR,2020-07-09,Service Outage,Medium,Billing,Open,,
CMP004874,0380-NEAVX,2025-08-20,Installation Delay,Low,Billing,Resolved,14.0,5.0
CMP004875,0380-NEAVX,2021-04-23,Billing Complaint,Medium,Technical,Open,,
CMP004876,7036-TYDEC,2021-12-04,Wrong Charges,Medium,Technical,Resolved,14.0,3.0
CMP004877,5802-ADBRC,2020-03-03,Call Drop,High,Sales,Resolved,5.0,3.0
CMP004878,8076-FEZKJ,2024-09-06,Customer Support,Medium,Network,Resolved,2.0,5.0
CMP004879,4312-GVYNH,2024-05-04,Call Drop,High,Network,Resolved,5.0,4.0
CMP004880,8495-LJDFO,2020-07-19,Installation Delay,Low,Sales,Closed,7.0,4.0
CMP004881,5494-WOZRZ,2024-04-25,Installation Delay,Medium,Billing,Resolved,3.0,4.0
CMP004882,2234-EOFPT,2021-08-24,Frequent Disconnections,Low,Customer Care,Closed,15.0,5.0
CMP004883,8619-IJNDK,2020-02-08,Slow Internet,Medium,Sales,Resolved,12.0,4.0
CMP004884,8378-LKJAF,2020-07-11,Poor Network,Medium,Network,Resolved,4.0,4.0
CMP004885,3298-QEICA,2022-09-04,Wrong Charges,Medium,Network,Resolved,12.0,3.0
CMP004886,3496-LFSZU,2024-01-08,Wrong Charges,Medium,Billing,Resolved,13.0,4.0
CMP004887,3496-LFSZU,2020-02-06,Poor Network,Medium,Network,Resolved,7.0,3.0
CMP004888,8097-VBQTZ,2021-04-11,Billing Complaint,High,Sales,Closed,12.0,4.0
CMP004889,2212-LYASK,2020-03-07,Poor Customer Support,Medium,Sales,Resolved,15.0,3.0
CMP004890,8069-RHUXK,2024-09-20,Installation Delay,Medium,Billing,In Progress,,
CMP004891,3398-GCPMU,2021-10-25,Slow Internet,Low,Billing,In Progress,,
CMP004892,2908-WGAXL,2025-01-03,Customer Support,Low,Sales,Closed,11.0,5.0
CMP004893,6050-FFXES,2023-12-04,Slow Internet,Medium,Customer Care,Closed,14.0,4.0
CMP004894,0829-DDVLK,2024-12-05,Payment Issue,Medium,Billing,In Progress,,
CMP004895,1813-JLKWR,2022-04-12,Customer Support,Low,Billing,Resolved,11.0,3.0
CMP004896,0336-PIKEI,2023-07-11,Wrong Charges,Low,Sales,Resolved,14.0,3.0
CMP004897,7322-OCWHC,2020-06-13,Payment Issue,Medium,Billing,Closed,14.0,4.0
CMP004898,9537-VHDTA,2021-04-20,Low Download Speed,Medium,Technical,Resolved,13.0,4.0
CMP004899,4957-TIALW,2023-07-17,Low Download Speed,Medium,Technical,Resolved,14.0,4.0
CMP004900,3126-WQMGH,2024-04-14,Slow Internet,Low,Billing,In Progress,,
CMP004901,7176-WRTNX,2022-01-17,Poor Network,Low,Technical,Resolved,9.0,5.0
CMP004902,5732-IKGQH,2021-04-25,Poor Customer Support,Low,Sales,Resolved,14.0,4.0
CMP004903,0093-EXYQL,2023-12-07,Wrong Charges,Low,Network,Open,,
CMP004904,0093-EXYQL,2024-02-01,Billing Complaint,Medium,Customer Care,Closed,12.0,4.0
CMP004905,5334-AFQJB,2024-03-08,Payment Issue,Medium,Sales,Open,,
CMP004906,2754-SDJRD,2022-02-26,Billing Complaint,High,Billing,Closed,7.0,5.0
CMP004907,8963-JLGJT,2022-11-06,Slow Internet,Medium,Sales,Closed,7.0,5.0
CMP004908,1465-LNTLJ,2020-10-12,Low Download Speed,Medium,Customer Care,Closed,2.0,4.0
CMP004909,4056-QHXHZ,2025-01-23,Streaming Issue,Medium,Technical,Closed,15.0,5.0
CMP004910,7401-JIXNM,2022-01-27,Slow Internet,Low,Technical,Resolved,14.0,5.0
CMP004911,4706-DGAHW,2024-07-17,Service Outage,Low,Technical,In Progress,,
CMP004912,4706-DGAHW,2024-03-17,Billing Complaint,Medium,Technical,In Progress,,
CMP004913,6670-MFRPK,2022-11-04,Streaming Issue,Low,Network,Resolved,14.0,3.0
CMP004914,6177-PEVRA,2023-07-02,Low Download Speed,High,Billing,Closed,14.0,3.0
CMP004915,6177-PEVRA,2025-11-02,Low Download Speed,Low,Billing,Open,,
CMP004916,4947-DSMXK,2020-05-07,Poor Network,Low,Customer Care,In Progress,,
CMP004917,4947-DSMXK,2025-07-11,Billing Complaint,Low,Customer Care,Resolved,9.0,4.0
CMP004918,7245-NIIWQ,2025-10-10,Payment Issue,Low,Technical,Resolved,15.0,5.0
CMP004919,0002-ORFBO,2024-04-24,Poor Network,Low,Sales,Resolved,3.0,4.0
CMP004920,3324-OIRTO,2025-10-18,Poor Customer Support,Medium,Network,Resolved,2.0,3.0
CMP004921,5414-OFQCB,2022-02-28,Service Outage,Low,Customer Care,Closed,3.0,3.0
CMP004922,9154-QDGTH,2024-01-06,Streaming Issue,Low,Sales,Resolved,1.0,4.0
CMP004923,8197-BFWVU,2025-05-15,Streaming Issue,High,Sales,Resolved,2.0,5.0
CMP004924,9367-OIUXP,2021-05-26,Payment Issue,Medium,Customer Care,Closed,9.0,3.0
CMP004925,6770-UAYGJ,2021-06-28,Customer Support,Medium,Network,Open,,
CMP004926,6463-HHXJR,2024-01-01,Wrong Charges,Medium,Network,Open,,
CMP004927,2266-SJNAT,2020-09-01,Poor Customer Support,Low,Network,Closed,12.0,3.0
CMP004928,0869-PAPRP,2020-12-16,Payment Issue,Low,Sales,In Progress,,
CMP004929,0869-PAPRP,2020-04-20,Payment Issue,Low,Technical,In Progress,,
CMP004930,4238-JSSWH,2023-03-14,Streaming Issue,Medium,Billing,Closed,5.0,4.0
CMP004931,1104-FEJAM,2023-05-14,Frequent Disconnections,Low,Customer Care,In Progress,,
CMP004932,1104-FEJAM,2020-09-05,Billing Complaint,Low,Customer Care,In Progress,,
CMP004933,2809-ILCYT,2022-03-02,Billing Complaint,Low,Network,Resolved,9.0,5.0
CMP004934,5499-ECUTN,2021-06-23,Billing Complaint,Medium,Network,In Progress,,
CMP004935,4981-FLTMF,2021-09-01,Billing Complaint,Low,Network,Resolved,6.0,5.0
CMP004936,4304-TSPVK,2022-06-18,Service Outage,Medium,Network,In Progress,,
CMP004937,1552-AAGRX,2023-03-06,Payment Issue,Medium,Sales,Resolved,6.0,4.0
CMP004938,2637-FKFSY,2022-06-15,Low Download Speed,Medium,Network,Resolved,3.0,5.0
CMP004939,2637-FKFSY,2023-12-08,Low Download Speed,Low,Sales,Open,,
CMP004940,7874-ECPQJ,2022-05-18,Payment Issue,Low,Network,In Progress,,
CMP004941,7089-RKVSZ,2022-08-20,Billing Complaint,High,Technical,Resolved,8.0,3.0
CMP004942,9548-ZMVTX,2022-02-14,Wrong Charges,Low,Technical,Closed,5.0,4.0
CMP004943,9755-JHNMN,2025-07-21,Low Download Speed,High,Sales,Resolved,2.0,3.0
CMP004944,3981-QSVQI,2021-08-28,Billing Complaint,Low,Technical,Resolved,9.0,4.0
CMP004945,2789-HQBOU,2023-04-23,Low Download Speed,Medium,Technical,Resolved,12.0,5.0
CMP004946,2789-HQBOU,2021-03-12,Wrong Charges,High,Sales,Open,,
CMP004947,9424-CMPOG,2020-06-27,Billing Complaint,Medium,Network,Resolved,15.0,5.0
CMP004948,5067-WJEUN,2024-05-25,Slow Internet,Medium,Billing,In Progress,,
CMP004949,3450-WXOAT,2022-10-21,Billing Complaint,Medium,Technical,Closed,5.0,4.0
CMP004950,9251-WNSOD,2022-08-24,Wrong Charges,Medium,Sales,Open,,
CMP004951,6974-DAFLI,2022-05-27,Payment Issue,Low,Sales,Resolved,1.0,3.0
CMP004952,2616-UUTFK,2025-09-04,Billing Complaint,Low,Customer Care,In Progress,,
CMP004953,2616-UUTFK,2025-07-09,Payment Issue,Medium,Sales,In Progress,,
CMP004954,7989-AWGEH,2024-12-17,Service Outage,Low,Network,Resolved,9.0,5.0
CMP004955,7989-AWGEH,2024-05-16,Call Drop,Low,Sales,Resolved,7.0,5.0
CMP004956,4373-VVHQL,2023-12-09,Wrong Charges,High,Network,Resolved,9.0,5.0
CMP004957,2712-SYWAY,2022-07-05,Customer Support,Medium,Technical,Resolved,15.0,5.0
CMP004958,5498-IBWPI,2025-02-15,Slow Internet,High,Billing,Resolved,7.0,5.0
CMP004959,9314-QDMDW,2020-10-10,Wrong Charges,Medium,Billing,Resolved,13.0,4.0
CMP004960,9308-ANMVE,2025-08-07,Low Download Speed,Medium,Technical,Closed,11.0,4.0
CMP004961,3787-TRIAL,2025-01-01,Low Download Speed,Low,Billing,Resolved,3.0,5.0
CMP004962,3787-TRIAL,2020-11-01,Frequent Disconnections,Medium,Sales,Resolved,10.0,4.0
CMP004963,2573-GYRUU,2022-03-14,Streaming Issue,Medium,Technical,Open,,
CMP004964,5156-UMKOW,2022-03-14,Frequent Disconnections,High,Sales,Resolved,12.0,4.0
CMP004965,1247-QBVSH,2024-10-19,Wrong Charges,Low,Sales,Open,,
CMP004966,6734-GMPVK,2025-04-26,Poor Customer Support,Low,Customer Care,Closed,9.0,3.0
CMP004967,9822-OAOVB,2025-07-20,Slow Internet,Medium,Customer Care,In Progress,,
CMP004968,3771-PZOBW,2024-10-02,Slow Internet,Medium,Billing,Open,,
CMP004969,3771-PZOBW,2021-11-21,Poor Customer Support,Low,Sales,Resolved,3.0,4.0
CMP004970,8231-BSWXX,2025-11-17,Low Download Speed,Medium,Sales,Resolved,11.0,3.0
CMP004971,8231-BSWXX,2023-07-09,Slow Internet,Medium,Technical,Open,,
CMP004972,6486-LHTMA,2023-04-12,Service Outage,Medium,Network,Open,,
CMP004973,4083-BFNYK,2023-09-05,Payment Issue,Low,Billing,Open,,
CMP004974,7176-WIONM,2024-03-18,Poor Network,Medium,Sales,Closed,7.0,4.0
CMP004975,7176-WIONM,2024-03-20,Billing Complaint,High,Sales,Closed,8.0,5.0
CMP004976,5141-ZUVBH,2024-01-20,Installation Delay,Medium,Customer Care,In Progress,,
CMP004977,0310-SUCIN,2025-10-05,Installation Delay,Medium,Network,Resolved,1.0,3.0
CMP004978,5197-PYEPU,2023-06-20,Installation Delay,Medium,Customer Care,Resolved,3.0,3.0
CMP004979,3275-RHRNE,2021-02-14,Frequent Disconnections,High,Billing,Open,,
CMP004980,3503-TYDAY,2023-07-08,Service Outage,Medium,Network,Closed,11.0,3.0
CMP004981,3503-TYDAY,2021-11-23,Poor Network,Low,Billing,In Progress,,
CMP004982,6901-GOGZG,2020-06-21,Poor Customer Support,Low,Sales,Resolved,10.0,4.0
CMP004983,7021-XSNYE,2023-12-24,Call Drop,Medium,Billing,Resolved,5.0,5.0
CMP004984,9621-OUPYD,2025-07-08,Payment Issue,Medium,Network,Resolved,13.0,5.0
CMP004985,8982-NHAVY,2020-07-18,Low Download Speed,Medium,Network,Closed,11.0,4.0
CMP004986,4307-KWMXE,2024-02-04,Slow Internet,High,Customer Care,Open,,
CMP004987,0141-YEAYS,2025-10-20,Frequent Disconnections,Low,Sales,Resolved,6.0,3.0
CMP004988,2450-ZKEED,2023-09-08,Payment Issue,Low,Billing,In Progress,,
CMP004989,3694-DELSO,2020-08-21,Poor Network,High,Network,Resolved,6.0,3.0
CMP004990,0142-GVYSN,2025-03-01,Payment Issue,Medium,Sales,Open,,
CMP004991,1049-FYSYG,2024-08-01,Poor Network,Low,Billing,Resolved,4.0,4.0
CMP004992,0023-UYUPN,2021-06-23,Payment Issue,High,Sales,Resolved,2.0,4.0
CMP004993,0567-GGCAC,2025-02-04,Billing Complaint,Medium,Customer Care,Resolved,6.0,5.0
CMP004994,2171-UDMFD,2021-03-20,Payment Issue,Medium,Sales,Resolved,2.0,4.0
CMP004995,9802-CAQUT,2024-06-08,Slow Internet,Low,Billing,In Progress,,
CMP004996,1475-VWVDO,2024-08-25,Call Drop,Medium,Sales,In Progress,,
CMP004997,1475-VWVDO,2025-02-25,Billing Complaint,High,Billing,Closed,2.0,5.0
CMP004998,7602-MVRMB,2024-06-18,Installation Delay,High,Network,Resolved,14.0,5.0
CMP004999,1197-BVMVG,2021-02-20,Low Download Speed,Low,Sales,Resolved,7.0,4.0
CMP005000,1197-BVMVG,2023-09-17,Streaming Issue,Low,Customer Care,Resolved,6.0,3.0
CMP005001,5968-HYJRZ,2020-02-24,Billing Complaint,High,Technical,Resolved,1.0,3.0
CMP005002,5198-EFNBM,2021-12-14,Call Drop,Low,Sales,Open,,
CMP005003,5198-EFNBM,2021-12-07,Payment Issue,High,Customer Care,Closed,11.0,3.0
CMP005004,2230-XTUWL,2021-11-17,Customer Support,High,Billing,Resolved,2.0,3.0
CMP005005,7706-YLMQA,2022-03-18,Customer Support,Medium,Technical,Resolved,10.0,3.0
CMP005006,7994-UYIVZ,2021-02-13,Service Outage,Medium,Billing,Resolved,5.0,3.0
CMP005007,7994-UYIVZ,2021-02-01,Installation Delay,Medium,Sales,Closed,10.0,5.0
CMP005008,7717-BICXI,2022-02-13,Payment Issue,Low,Billing,Resolved,2.0,4.0
CMP005009,6559-RAKOZ,2020-01-12,Payment Issue,Low,Technical,In Progress,,
CMP005010,4716-MRVEN,2021-02-27,Customer Support,Medium,Network,Open,,
CMP005011,2143-LJULT,2022-06-08,Customer Support,Medium,Billing,In Progress,,
CMP005012,3200-MNQTF,2021-02-26,Poor Customer Support,Medium,Billing,Closed,11.0,3.0
CMP005013,6164-HXUGH,2023-11-28,Billing Complaint,Low,Sales,Resolved,3.0,5.0
CMP005014,9135-MGVPY,2022-03-27,Call Drop,Low,Sales,In Progress,,
CMP005015,7878-JGDKK,2025-12-18,Wrong Charges,Medium,Technical,Open,,
CMP005016,6614-YWYSC,2024-04-25,Billing Complaint,Medium,Technical,In Progress,,
CMP005017,9588-OZDMQ,2024-01-08,Wrong Charges,High,Customer Care,Closed,1.0,5.0
CMP005018,9588-OZDMQ,2025-08-09,Wrong Charges,Low,Network,Resolved,14.0,5.0
CMP005019,6476-EPYZR,2020-03-22,Customer Support,Low,Technical,Closed,6.0,4.0
CMP005020,1174-FGIFN,2025-10-22,Call Drop,Low,Network,Resolved,5.0,5.0
CMP005021,1552-TKMXS,2021-02-10,Billing Complaint,Medium,Network,In Progress,,
CMP005022,6188-UXBBR,2024-02-01,Billing Complaint,Low,Billing,Closed,3.0,5.0
CMP005023,5702-SKUOB,2024-06-20,Payment Issue,Medium,Network,In Progress,,
CMP005024,6061-GWWAV,2020-11-10,Payment Issue,High,Billing,Open,,
CMP005025,6585-WCEWR,2025-04-12,Payment Issue,Low,Billing,Resolved,7.0,5.0
CMP005026,9067-SQTNS,2024-10-02,Payment Issue,Low,Billing,Closed,1.0,3.0
CMP005027,1776-SPBWV,2025-07-10,Customer Support,High,Customer Care,Resolved,14.0,3.0
CMP005028,1926-QUZNN,2025-10-03,Payment Issue,High,Network,Resolved,6.0,4.0
CMP005029,7016-NVRIC,2022-11-07,Wrong Charges,Medium,Technical,Resolved,9.0,4.0
CMP005030,5829-NVSQN,2024-02-11,Poor Network,Low,Sales,In Progress,,
CMP005031,8869-LIHMK,2024-01-16,Billing Complaint,Low,Network,Resolved,4.0,3.0
CMP005032,0447-RXSGD,2021-11-04,Streaming Issue,Low,Billing,Resolved,12.0,3.0
CMP005033,0447-RXSGD,2022-08-24,Frequent Disconnections,Medium,Sales,Resolved,13.0,3.0
CMP005034,4927-WWOOZ,2020-11-23,Installation Delay,Medium,Network,In Progress,,
CMP005035,3612-YVGSJ,2025-04-26,Billing Complaint,Low,Sales,Resolved,11.0,3.0
CMP005036,5397-NSKQG,2021-11-06,Poor Customer Support,Low,Network,Open,,
CMP005037,8565-HBFNN,2024-01-12,Slow Internet,Low,Technical,In Progress,,
CMP005038,2050-ONYDQ,2024-10-07,Payment Issue,Medium,Sales,Resolved,9.0,5.0
CMP005039,7055-JCGNI,2024-04-22,Service Outage,Low,Network,Resolved,5.0,5.0
CMP005040,0739-UUAJR,2021-01-07,Payment Issue,High,Billing,Resolved,2.0,3.0
CMP005041,4826-DXMUP,2024-03-15,Frequent Disconnections,Medium,Sales,In Progress,,
CMP005042,7175-NTIXE,2025-03-11,Call Drop,High,Billing,Resolved,7.0,4.0
CMP005043,7963-SHNDT,2022-08-22,Installation Delay,Medium,Customer Care,Open,,
CMP005044,0188-GWFLE,2024-06-21,Payment Issue,Medium,Network,In Progress,,
CMP005045,8129-GMVGI,2021-06-25,Customer Support,Low,Customer Care,Closed,6.0,5.0
CMP005046,2882-DDZPG,2020-09-16,Customer Support,High,Sales,Open,,
CMP005047,3547-LQRIK,2022-07-07,Customer Support,Medium,Customer Care,In Progress,,
CMP005048,1849-RJYIG,2020-10-11,Service Outage,Low,Technical,Resolved,8.0,3.0
CMP005049,8868-GAGIO,2021-06-28,Wrong Charges,Medium,Customer Care,Open,,
CMP005050,8868-GAGIO,2024-08-16,Slow Internet,Low,Sales,Closed,8.0,5.0
CMP005051,4061-UKJWL,2024-10-05,Streaming Issue,Medium,Billing,Resolved,9.0,3.0
CMP005052,4061-UKJWL,2024-11-09,Poor Customer Support,Medium,Technical,Resolved,6.0,4.0
CMP005053,8263-QMNTJ,2020-04-22,Payment Issue,High,Sales,Open,,
CMP005054,3227-WLKLI,2021-11-07,Call Drop,Medium,Billing,Resolved,10.0,4.0
CMP005055,8237-ULIXL,2025-09-25,Billing Complaint,Low,Sales,Closed,5.0,5.0
CMP005056,1074-AMIOH,2022-03-16,Billing Complaint,Low,Customer Care,Resolved,15.0,3.0
CMP005057,7748-UMTRK,2023-02-24,Streaming Issue,Medium,Customer Care,Closed,2.0,4.0
CMP005058,6463-MVYRY,2022-04-20,Billing Complaint,Medium,Customer Care,Open,,
CMP005059,9624-EGDEQ,2025-11-05,Customer Support,Low,Technical,Closed,2.0,4.0
CMP005060,8384-FZBJK,2024-03-23,Call Drop,Medium,Sales,Resolved,12.0,4.0
CMP005061,3096-YXENJ,2024-07-02,Payment Issue,Medium,Technical,Open,,
CMP005062,1265-BCFEO,2021-06-18,Service Outage,High,Sales,Open,,
CMP005063,5837-LXSDN,2023-09-18,Service Outage,High,Sales,Resolved,8.0,5.0
CMP005064,6384-VMJHP,2020-08-09,Installation Delay,Low,Technical,In Progress,,
CMP005065,2262-SLNVK,2025-05-23,Slow Internet,High,Billing,Resolved,13.0,4.0
CMP005066,7730-CLDSV,2023-01-12,Slow Internet,Medium,Sales,Resolved,2.0,5.0
CMP005067,0164-APGRB,2021-04-20,Slow Internet,Low,Network,Closed,11.0,5.0
CMP005068,6481-ESCNL,2024-11-26,Frequent Disconnections,Medium,Customer Care,Closed,11.0,3.0
CMP005069,6481-ESCNL,2020-04-07,Poor Customer Support,High,Sales,In Progress,,
CMP005070,1790-NESIO,2022-07-16,Billing Complaint,Medium,Sales,Resolved,10.0,4.0
CMP005071,1550-EENBN,2022-08-04,Installation Delay,Medium,Sales,In Progress,,
CMP005072,1550-EENBN,2023-11-12,Frequent Disconnections,Low,Billing,In Progress,,
CMP005073,9297-EONCV,2025-10-24,Installation Delay,Low,Sales,Resolved,5.0,3.0
CMP005074,1069-QJOEE,2024-11-05,Customer Support,Medium,Network,Resolved,1.0,4.0
CMP005075,8766-PAFNE,2023-01-02,Wrong Charges,Low,Sales,Resolved,6.0,3.0
CMP005076,5315-CKEQK,2025-12-03,Poor Customer Support,Medium,Technical,Resolved,12.0,4.0
CMP005077,0820-FNRNX,2023-07-21,Streaming Issue,Medium,Technical,Resolved,1.0,5.0
CMP005078,0880-FVFWF,2023-02-02,Installation Delay,Low,Customer Care,Closed,14.0,5.0
CMP005079,0880-FVFWF,2021-05-07,Billing Complaint,Low,Technical,In Progress,,
CMP005080,4213-HKBJO,2024-03-21,Customer Support,Low,Sales,Open,,
CMP005081,2792-LSHWX,2025-04-12,Service Outage,Low,Network,Resolved,9.0,5.0
CMP005082,4837-QUSFT,2022-07-03,Call Drop,Medium,Network,In Progress,,
CMP005083,9953-ZMKSM,2024-09-12,Payment Issue,Medium,Network,Closed,11.0,3.0
CMP005084,7665-NKLAV,2022-03-01,Poor Customer Support,Medium,Technical,Closed,11.0,5.0
CMP005085,8250-ZNGGW,2025-01-04,Installation Delay,Medium,Sales,In Progress,,
CMP005086,8562-GHPPI,2022-11-22,Billing Complaint,Medium,Billing,Resolved,10.0,4.0
CMP005087,4986-MXSFP,2021-08-02,Billing Complaint,Medium,Network,Resolved,2.0,5.0
CMP005088,6131-FOYAS,2023-09-10,Wrong Charges,Medium,Sales,Resolved,3.0,5.0
CMP005089,3027-YNWZU,2024-09-02,Customer Support,Medium,Technical,In Progress,,
CMP005090,4328-VUFWD,2025-04-11,Low Download Speed,Medium,Technical,Resolved,10.0,5.0
CMP005091,3301-LSLWQ,2020-10-04,Slow Internet,Low,Sales,Open,,
CMP005092,7473-ZBDSN,2021-04-21,Payment Issue,Medium,Billing,Resolved,8.0,5.0
CMP005093,3166-PNEOF,2025-04-07,Low Download Speed,Medium,Network,Resolved,15.0,3.0
CMP005094,6242-SGYTS,2023-08-25,Poor Customer Support,Medium,Customer Care,In Progress,,
CMP005095,6242-SGYTS,2022-04-25,Slow Internet,Medium,Network,In Progress,,
CMP005096,8414-OOEEL,2023-06-18,Poor Customer Support,Low,Technical,Resolved,8.0,4.0
CMP005097,8454-AATJP,2021-10-03,Billing Complaint,Low,Customer Care,Resolved,5.0,3.0
CMP005098,4191-XOVOM,2022-08-17,Streaming Issue,Medium,Customer Care,Resolved,3.0,3.0
CMP005099,1855-CFULU,2023-11-24,Billing Complaint,Low,Network,Closed,7.0,3.0
CMP005100,4878-BUNFV,2023-07-07,Customer Support,Low,Billing,In Progress,,
CMP005101,6997-UVGOX,2020-07-16,Poor Network,Low,Technical,Closed,11.0,3.0
CMP005102,9674-EHPPG,2021-01-05,Service Outage,Low,Billing,Resolved,2.0,4.0
CMP005103,5213-TWWJU,2022-03-04,Streaming Issue,Medium,Customer Care,Resolved,1.0,3.0
CMP005104,7629-WIXZF,2025-05-24,Poor Customer Support,Medium,Customer Care,Resolved,9.0,4.0
CMP005105,7629-WIXZF,2020-05-17,Frequent Disconnections,Low,Network,In Progress,,
CMP005106,5445-GLVOT,2021-05-13,Low Download Speed,Medium,Customer Care,Resolved,14.0,4.0
CMP005107,3976-HXHCE,2022-09-24,Billing Complaint,Medium,Billing,Resolved,9.0,4.0
CMP005108,2466-NEJOJ,2022-07-27,Customer Support,High,Billing,Resolved,2.0,4.0
CMP005109,5472-CVMDX,2022-11-03,Payment Issue,Low,Customer Care,Resolved,13.0,5.0
CMP005110,1942-OQFRW,2023-09-01,Payment Issue,Low,Network,Resolved,8.0,3.0
CMP005111,9640-ZSLDC,2025-10-02,Call Drop,Medium,Network,Closed,15.0,4.0
CMP005112,6128-AQBMT,2025-04-09,Streaming Issue,Low,Network,In Progress,,
CMP005113,6128-AQBMT,2020-08-20,Billing Complaint,Low,Sales,Resolved,6.0,4.0
CMP005114,6838-YAUVY,2023-10-06,Installation Delay,High,Technical,In Progress,,
CMP005115,7883-ROJOC,2025-05-28,Service Outage,High,Technical,Closed,9.0,3.0
CMP005116,4635-EJYPD,2020-01-15,Billing Complaint,Medium,Network,Resolved,2.0,4.0
CMP005117,1866-ZSLJM,2023-11-25,Payment Issue,Medium,Sales,Resolved,2.0,3.0
CMP005118,4636-TVXVG,2021-03-22,Billing Complaint,Low,Billing,Closed,9.0,5.0
CMP005119,4236-UJPWO,2025-04-27,Frequent Disconnections,Medium,Technical,Open,,
CMP005120,4236-UJPWO,2025-12-08,Payment Issue,High,Network,In Progress,,
CMP005121,6402-SSEJG,2023-12-22,Wrong Charges,Medium,Customer Care,Closed,10.0,3.0
CMP005122,1169-SAOCL,2023-02-06,Service Outage,Medium,Customer Care,Resolved,9.0,4.0
CMP005123,1110-KYLGQ,2025-01-02,Slow Internet,Medium,Sales,Resolved,3.0,5.0
CMP005124,9929-PLVPA,2025-04-05,Billing Complaint,High,Technical,Open,,
CMP005125,2371-JUNGC,2023-07-17,Billing Complaint,High,Billing,Resolved,2.0,3.0
CMP005126,5074-FBGHB,2022-03-08,Slow Internet,High,Sales,Closed,14.0,3.0
CMP005127,2351-BKRZW,2022-09-11,Frequent Disconnections,High,Customer Care,In Progress,,
CMP005128,2351-BKRZW,2021-01-10,Frequent Disconnections,Medium,Billing,Closed,14.0,5.0
CMP005129,5480-XTFFL,2024-07-05,Billing Complaint,Low,Network,Resolved,12.0,3.0
CMP005130,7909-FIOIY,2025-11-01,Call Drop,Medium,Technical,Open,,
CMP005131,6351-SCJKT,2022-12-14,Installation Delay,Low,Billing,In Progress,,
CMP005132,0197-PNKNK,2024-05-01,Poor Customer Support,Medium,Technical,Open,,
CMP005133,1810-MVMAI,2022-07-19,Poor Customer Support,Medium,Billing,Resolved,2.0,5.0
CMP005134,1229-RCALF,2023-05-09,Slow Internet,Medium,Network,Closed,9.0,4.0
CMP005135,6366-XIVKZ,2021-08-11,Streaming Issue,Medium,Billing,Resolved,6.0,5.0
CMP005136,6366-XIVKZ,2020-07-18,Poor Network,Medium,Network,Open,,
CMP005137,3470-OBUET,2022-03-28,Billing Complaint,High,Sales,Open,,
CMP005138,2770-NSVDG,2021-02-02,Call Drop,Low,Customer Care,Resolved,2.0,5.0
CMP005139,4860-YZGZM,2024-02-17,Customer Support,Medium,Network,Resolved,4.0,4.0
CMP005140,7037-MTYVW,2024-10-12,Streaming Issue,Medium,Network,In Progress,,
CMP005141,4016-BJKTZ,2022-06-07,Wrong Charges,Medium,Billing,Closed,8.0,5.0
CMP005142,9838-BFCQT,2025-06-17,Payment Issue,Medium,Network,In Progress,,
CMP005143,2790-XUYMV,2023-08-18,Billing Complaint,Medium,Customer Care,In Progress,,
CMP005144,0581-MDMPW,2021-09-26,Low Download Speed,Low,Technical,In Progress,,
CMP005145,0581-MDMPW,2025-02-20,Poor Customer Support,Medium,Billing,Resolved,4.0,4.0
CMP005146,1023-BQXZE,2022-03-11,Service Outage,Low,Technical,In Progress,,
CMP005147,9163-GHAYE,2022-05-07,Billing Complaint,Medium,Customer Care,Open,,
CMP005148,9163-GHAYE,2025-01-24,Billing Complaint,Medium,Sales,Resolved,1.0,4.0
CMP005149,3904-UKFRE,2022-11-05,Low Download Speed,Medium,Customer Care,Closed,5.0,4.0
CMP005150,3904-UKFRE,2021-08-21,Streaming Issue,Low,Billing,Resolved,5.0,5.0
CMP005151,0058-EVZWM,2022-02-16,Low Download Speed,High,Technical,In Progress,,
CMP005152,0058-EVZWM,2022-03-06,Installation Delay,High,Sales,In Progress,,
CMP005153,0519-DRGTI,2024-02-15,Customer Support,Medium,Customer Care,Resolved,3.0,4.0
CMP005154,3259-QMXUN,2025-08-18,Streaming Issue,Medium,Technical,Closed,9.0,4.0
CMP005155,3259-QMXUN,2021-01-18,Poor Customer Support,High,Customer Care,Open,,
CMP005156,1015-JPFYW,2022-02-27,Billing Complaint,Medium,Billing,Resolved,5.0,5.0
CMP005157,6645-MXQJT,2024-09-16,Payment Issue,Low,Customer Care,Closed,3.0,3.0
CMP005158,6645-MXQJT,2024-06-14,Billing Complaint,Medium,Billing,Open,,
CMP005159,4360-QRAVE,2024-03-22,Billing Complaint,High,Technical,Resolved,4.0,3.0
CMP005160,4360-QRAVE,2021-03-08,Billing Complaint,Low,Sales,In Progress,,
CMP005161,6484-LATFU,2021-06-15,Billing Complaint,Low,Sales,Resolved,8.0,4.0
CMP005162,0536-ACXIP,2022-08-11,Billing Complaint,High,Network,In Progress,,
CMP005163,0536-ACXIP,2024-05-14,Wrong Charges,Medium,Billing,Closed,2.0,3.0
CMP005164,1575-KRZZE,2020-06-21,Frequent Disconnections,Medium,Billing,Resolved,1.0,3.0
CMP005165,1575-KRZZE,2024-12-09,Service Outage,High,Network,Open,,
CMP005166,3251-YMVWZ,2022-05-18,Customer Support,Low,Network,Resolved,2.0,3.0
CMP005167,4884-LEVMQ,2025-07-11,Customer Support,High,Network,Resolved,2.0,5.0
CMP005168,8857-CUPFQ,2022-06-12,Payment Issue,Medium,Billing,In Progress,,
CMP005169,1845-ZLLIG,2021-08-26,Installation Delay,Low,Customer Care,Closed,3.0,3.0
CMP005170,1845-ZLLIG,2024-12-02,Billing Complaint,Low,Customer Care,Open,,
CMP005171,5993-JSUWV,2022-06-21,Service Outage,Medium,Sales,Resolved,6.0,5.0
CMP005172,5387-ASZNZ,2025-07-26,Call Drop,Medium,Network,In Progress,,
CMP005173,5465-BUBFA,2020-02-08,Billing Complaint,Low,Technical,In Progress,,
CMP005174,7299-GNVPL,2021-10-05,Streaming Issue,Low,Sales,Resolved,14.0,3.0
CMP005175,9743-DQKQW,2024-08-26,Slow Internet,Low,Customer Care,Resolved,4.0,3.0
CMP005176,9743-DQKQW,2023-04-05,Poor Customer Support,Medium,Technical,Open,,
CMP005177,1215-VFYVK,2025-12-25,Call Drop,Low,Customer Care,Open,,
CMP005178,9371-BITHB,2022-12-15,Payment Issue,Medium,Customer Care,In Progress,,
CMP005179,9093-FPDLG,2022-06-12,Streaming Issue,High,Technical,Closed,15.0,5.0
CMP005180,6838-HVLXG,2023-03-24,Billing Complaint,Low,Sales,Open,,
CMP005181,0233-FTHAV,2020-11-06,Streaming Issue,Low,Billing,Open,,
CMP005182,4644-PIZRT,2020-10-14,Poor Network,Medium,Customer Care,Open,,
CMP005183,4644-PIZRT,2023-09-10,Billing Complaint,High,Technical,In Progress,,
CMP005184,8922-NPKBJ,2024-06-21,Billing Complaint,Low,Customer Care,Open,,
CMP005185,7771-CFQRQ,2024-11-24,Streaming Issue,Low,Sales,Closed,4.0,5.0
CMP005186,6963-EZQEE,2024-04-04,Service Outage,Medium,Customer Care,Closed,13.0,3.0
CMP005187,2452-KDRRH,2021-02-07,Billing Complaint,Low,Customer Care,Resolved,2.0,3.0
CMP005188,2452-KDRRH,2021-10-27,Slow Internet,Low,Technical,Resolved,8.0,5.0
CMP005189,4146-SVFUD,2022-07-20,Call Drop,Medium,Sales,In Progress,,
CMP005190,3617-XLSGQ,2024-05-08,Streaming Issue,Medium,Customer Care,Closed,2.0,5.0
CMP005191,3617-XLSGQ,2022-03-25,Call Drop,Low,Customer Care,Resolved,10.0,3.0
CMP005192,7517-LDMPS,2020-10-22,Call Drop,Low,Sales,In Progress,,
CMP005193,7517-LDMPS,2021-05-27,Billing Complaint,Medium,Sales,Resolved,7.0,4.0
CMP005194,5226-NOZFC,2025-07-12,Poor Network,Low,Network,Resolved,12.0,3.0
CMP005195,5226-NOZFC,2023-02-01,Poor Network,Medium,Billing,Closed,5.0,5.0
CMP005196,6746-WAUWT,2024-10-19,Payment Issue,Medium,Customer Care,Open,,
CMP005197,0428-IKYCP,2021-05-02,Frequent Disconnections,Low,Technical,Resolved,8.0,3.0
CMP005198,4003-OCTMP,2023-05-20,Payment Issue,Low,Billing,Open,,
CMP005199,6652-YFFJO,2020-12-06,Slow Internet,Low,Technical,In Progress,,
CMP005200,6652-YFFJO,2021-05-23,Frequent Disconnections,Low,Billing,Resolved,2.0,5.0
CMP005201,8234-GSZYK,2021-06-07,Billing Complaint,Low,Sales,Resolved,2.0,4.0
CMP005202,7765-LWVVH,2024-11-19,Low Download Speed,Low,Network,Open,,
CMP005203,7765-LWVVH,2021-12-27,Streaming Issue,Medium,Customer Care,In Progress,,
CMP005204,1658-TJVOA,2024-09-07,Poor Network,Low,Network,Open,,
CMP005205,4692-NNQRU,2021-09-08,Poor Network,Low,Network,In Progress,,
CMP005206,4139-JPIAM,2025-11-01,Streaming Issue,Medium,Network,Resolved,10.0,5.0
CMP005207,2181-TIDSV,2020-09-28,Payment Issue,Low,Technical,Resolved,1.0,4.0
CMP005208,2761-XECQW,2022-09-17,Poor Network,Medium,Billing,Resolved,10.0,3.0
CMP005209,1936-CZAKF,2021-10-22,Billing Complaint,High,Billing,In Progress,,
CMP005210,1936-CZAKF,2023-08-18,Wrong Charges,Low,Customer Care,Resolved,1.0,4.0
CMP005211,4402-FTBXC,2023-10-14,Service Outage,Low,Billing,In Progress,,
CMP005212,4402-FTBXC,2025-05-12,Streaming Issue,Medium,Network,In Progress,,
CMP005213,5542-TBBWB,2022-10-21,Streaming Issue,Low,Network,Resolved,5.0,5.0
CMP005214,1930-QPBVZ,2021-04-05,Low Download Speed,Medium,Technical,In Progress,,
CMP005215,2606-PKWJB,2021-11-23,Slow Internet,Low,Network,Resolved,8.0,3.0
CMP005216,5322-ZSMZY,2021-09-01,Payment Issue,High,Sales,Resolved,10.0,5.0
CMP005217,8059-UDZFY,2021-01-15,Billing Complaint,Low,Customer Care,Resolved,8.0,4.0
CMP005218,8059-UDZFY,2022-01-23,Streaming Issue,Medium,Billing,In Progress,,
CMP005219,7740-BTPUX,2025-12-13,Low Download Speed,High,Technical,Resolved,11.0,4.0
CMP005220,5312-IRCFR,2022-07-15,Low Download Speed,Medium,Sales,Resolved,11.0,4.0
CMP005221,6176-YJWAS,2025-07-17,Frequent Disconnections,Low,Technical,Resolved,5.0,5.0
CMP005222,6176-YJWAS,2020-06-09,Poor Network,Low,Sales,In Progress,,
CMP005223,5310-NOOVA,2022-03-07,Billing Complaint,High,Technical,Open,,
CMP005224,4526-EXKKN,2024-10-20,Billing Complaint,High,Customer Care,Closed,2.0,5.0
CMP005225,5311-IHLEI,2025-11-12,Low Download Speed,Medium,Network,Resolved,13.0,3.0
CMP005226,5131-PONJI,2024-10-14,Payment Issue,Medium,Network,Closed,13.0,4.0
CMP005227,3489-VSFRD,2023-12-23,Slow Internet,Medium,Customer Care,Closed,1.0,4.0
CMP005228,3345-JHUEO,2025-05-01,Payment Issue,Low,Technical,Resolved,1.0,5.0
CMP005229,5815-HGGHV,2021-06-11,Poor Network,Medium,Billing,Open,,
CMP005230,5649-RXQTV,2021-11-28,Poor Network,Low,Customer Care,Resolved,2.0,4.0
CMP005231,7587-AOVVU,2025-04-13,Streaming Issue,Medium,Billing,In Progress,,
CMP005232,6898-MDLZW,2020-10-18,Installation Delay,Medium,Technical,In Progress,,
CMP005233,4707-YNOQA,2021-02-10,Customer Support,Medium,Sales,Closed,3.0,4.0
CMP005234,9357-UJRUN,2024-12-03,Billing Complaint,Low,Network,Closed,8.0,5.0
CMP005235,1163-VIPRI,2022-08-13,Installation Delay,Low,Customer Care,In Progress,,
CMP005236,9348-ROUAI,2024-06-17,Slow Internet,Low,Sales,Resolved,3.0,5.0
CMP005237,2960-NKRSO,2023-10-05,Call Drop,Medium,Technical,Resolved,13.0,4.0
CMP005238,5598-IKHQQ,2024-05-20,Customer Support,Medium,Network,Open,,
CMP005239,5266-PFRQK,2021-11-27,Payment Issue,High,Network,Closed,11.0,5.0
CMP005240,6295-OSINB,2021-02-16,Call Drop,High,Customer Care,Resolved,7.0,4.0
CMP005241,2207-QPJED,2025-01-21,Call Drop,High,Billing,Open,,
CMP005242,4177-JPDFU,2023-03-27,Poor Network,High,Sales,Open,,
CMP005243,6620-JDYNW,2023-12-06,Call Drop,Low,Network,Resolved,1.0,5.0
CMP005244,4770-UEZOX,2025-09-01,Frequent Disconnections,Low,Technical,Resolved,11.0,3.0
CMP005245,4770-UEZOX,2025-04-14,Payment Issue,Low,Sales,Resolved,13.0,4.0
CMP005246,1038-RQOST,2025-05-03,Customer Support,High,Customer Care,In Progress,,
CMP005247,4568-TTZRT,2023-01-27,Customer Support,Low,Customer Care,Resolved,4.0,3.0
CMP005248,9513-DXHDA,2020-09-08,Frequent Disconnections,High,Sales,Closed,1.0,3.0
CMP005249,0516-QREYC,2025-02-20,Billing Complaint,Low,Billing,Resolved,12.0,3.0
CMP005250,8084-OIVBS,2021-03-21,Billing Complaint,Medium,Customer Care,In Progress,,
CMP005251,3865-QBWSJ,2021-09-08,Slow Internet,Medium,Network,Resolved,7.0,4.0
CMP005252,3865-QBWSJ,2021-11-07,Low Download Speed,Medium,Sales,Resolved,11.0,3.0
CMP005253,3352-RICWQ,2022-04-28,Customer Support,High,Network,Resolved,3.0,3.0
CMP005254,2065-MMKGR,2024-02-23,Service Outage,Medium,Billing,Open,,
CMP005255,2065-MMKGR,2022-04-24,Installation Delay,Low,Billing,Open,,
CMP005256,5857-TYBCJ,2024-02-19,Frequent Disconnections,Medium,Sales,Closed,1.0,3.0
CMP005257,5857-TYBCJ,2025-12-20,Poor Customer Support,Medium,Customer Care,Resolved,13.0,4.0
CMP005258,1498-NHTLT,2025-07-19,Wrong Charges,High,Technical,Resolved,10.0,3.0
CMP005259,1402-PTHGN,2021-11-27,Frequent Disconnections,Medium,Sales,Resolved,7.0,5.0
CMP005260,4176-RELJR,2021-11-10,Payment Issue,Medium,Sales,Open,,
CMP005261,5199-FPUSP,2025-04-06,Call Drop,Low,Technical,Resolved,4.0,5.0
CMP005262,6377-KSLXC,2025-12-02,Billing Complaint,Low,Customer Care,In Progress,,
CMP005263,8735-NBLWT,2023-04-13,Payment Issue,Low,Sales,Resolved,11.0,5.0
CMP005264,6651-RLGGM,2025-01-06,Billing Complaint,High,Billing,Closed,7.0,3.0
CMP005265,4702-HDRKD,2025-11-13,Slow Internet,Medium,Billing,Open,,
CMP005266,8512-WIWYV,2020-11-26,Billing Complaint,Low,Technical,Resolved,2.0,4.0
CMP005267,5897-ZYEKH,2021-12-23,Poor Network,Medium,Customer Care,Closed,7.0,3.0
CMP005268,5897-ZYEKH,2020-03-07,Call Drop,Medium,Sales,Resolved,2.0,3.0
CMP005269,1406-PUQVY,2022-09-27,Service Outage,Medium,Technical,Resolved,7.0,3.0
CMP005270,1406-PUQVY,2025-05-20,Wrong Charges,Medium,Billing,Resolved,8.0,4.0
CMP005271,1728-BQDMA,2020-02-28,Poor Customer Support,Low,Technical,Resolved,2.0,3.0
CMP005272,5151-HQRDG,2025-03-01,Slow Internet,Low,Billing,In Progress,,
CMP005273,0960-HUWBM,2021-03-06,Call Drop,Medium,Customer Care,Resolved,15.0,3.0
CMP005274,6465-GSRCL,2025-09-21,Wrong Charges,Low,Billing,Resolved,1.0,5.0
CMP005275,0263-FJTQO,2020-09-02,Payment Issue,High,Network,In Progress,,
CMP005276,7319-ZNRTR,2024-02-01,Payment Issue,Low,Billing,In Progress,,
CMP005277,7855-DIWPO,2020-01-13,Low Download Speed,Medium,Technical,Open,,
CMP005278,5133-POWUA,2021-11-01,Frequent Disconnections,Low,Technical,Resolved,4.0,4.0
CMP005279,5652-MSDEY,2020-11-21,Service Outage,Low,Sales,In Progress,,
CMP005280,1810-BOHSY,2021-09-28,Call Drop,Medium,Sales,Resolved,7.0,3.0
CMP005281,1810-BOHSY,2020-09-26,Billing Complaint,Low,Technical,Resolved,10.0,4.0
CMP005282,1784-BXEFA,2023-06-28,Billing Complaint,Low,Billing,Closed,15.0,3.0
CMP005283,9500-IWPXQ,2024-08-15,Poor Customer Support,High,Sales,Resolved,8.0,5.0
CMP005284,5762-TJXGK,2023-04-23,Payment Issue,Medium,Network,Resolved,5.0,4.0
CMP005285,4504-YOULA,2023-03-28,Poor Customer Support,Low,Customer Care,In Progress,,
CMP005286,4504-YOULA,2024-12-28,Low Download Speed,High,Customer Care,Open,,
CMP005287,5569-IDSEY,2023-02-27,Poor Network,High,Sales,Resolved,13.0,4.0
CMP005288,1777-JYQPJ,2025-09-03,Wrong Charges,Low,Billing,Closed,9.0,5.0
CMP005289,1777-JYQPJ,2022-11-22,Slow Internet,Medium,Billing,Resolved,4.0,3.0
CMP005290,1599-EAHXY,2025-08-10,Customer Support,Low,Technical,Resolved,11.0,5.0
CMP005291,8631-XVRZL,2025-04-14,Customer Support,Medium,Technical,Resolved,12.0,4.0
CMP005292,5751-USDBL,2024-02-19,Slow Internet,Low,Billing,Resolved,2.0,3.0
CMP005293,5680-LQOGP,2023-10-12,Wrong Charges,Low,Billing,In Progress,,
CMP005294,8189-DUKMV,2020-06-18,Customer Support,Medium,Technical,Resolved,9.0,3.0
CMP005295,9931-DCEZH,2023-03-13,Wrong Charges,Low,Customer Care,Resolved,9.0,5.0
CMP005296,1898-JSNDC,2023-12-06,Call Drop,Medium,Sales,In Progress,,
CMP005297,3911-RSNHI,2024-08-20,Wrong Charges,Medium,Sales,Closed,15.0,5.0
CMP005298,2410-CIYFZ,2025-07-10,Payment Issue,Medium,Billing,Resolved,4.0,3.0
CMP005299,5505-OVWQW,2020-01-02,Customer Support,High,Billing,Open,,
CMP005300,7271-AJDTL,2025-12-28,Service Outage,Medium,Billing,Open,,
CMP005301,1867-TJHTS,2021-01-28,Low Download Speed,Low,Customer Care,In Progress,,
CMP005302,6860-YRJZP,2021-07-25,Frequent Disconnections,Low,Sales,Resolved,7.0,5.0
CMP005303,6860-YRJZP,2025-03-06,Streaming Issue,Medium,Network,Resolved,3.0,5.0
CMP005304,4429-WYGFR,2021-09-28,Slow Internet,Medium,Billing,Resolved,2.0,5.0
CMP005305,2817-LVCPP,2022-07-23,Billing Complaint,Low,Customer Care,Resolved,9.0,3.0
CMP005306,5038-ETMLM,2022-06-13,Billing Complaint,Low,Billing,Resolved,11.0,3.0
CMP005307,5056-FIMPT,2020-09-19,Billing Complaint,Medium,Billing,Resolved,12.0,4.0
CMP005308,0396-YCHWO,2021-09-20,Poor Network,High,Network,Resolved,4.0,5.0
CMP005309,9391-DXGGG,2021-06-22,Installation Delay,Low,Customer Care,In Progress,,
CMP005310,9391-DXGGG,2020-04-20,Billing Complaint,High,Technical,In Progress,,
CMP005311,2122-SZZZD,2023-11-10,Billing Complaint,Low,Customer Care,In Progress,,
CMP005312,8395-ETZKQ,2020-12-22,Customer Support,Medium,Customer Care,Open,,
CMP005313,6692-YQHXC,2024-12-20,Call Drop,Medium,Network,In Progress,,
CMP005314,6692-YQHXC,2023-08-02,Frequent Disconnections,Medium,Sales,In Progress,,
CMP005315,5222-JCXZT,2020-11-11,Customer Support,Low,Network,Open,,
CMP005316,7080-TNUWP,2020-01-07,Poor Network,Medium,Network,Resolved,12.0,5.0
CMP005317,7080-TNUWP,2022-09-12,Streaming Issue,Medium,Technical,Open,,
CMP005318,7168-HDQHG,2023-07-03,Customer Support,Low,Network,Open,,
CMP005319,4567-AKPIA,2022-06-21,Poor Customer Support,Medium,Network,Resolved,13.0,4.0
CMP005320,7901-HXJVA,2021-04-24,Low Download Speed,Medium,Network,Closed,6.0,5.0
CMP005321,7901-HXJVA,2020-04-22,Poor Customer Support,Low,Network,Open,,
CMP005322,5924-IFQTT,2023-03-23,Billing Complaint,Low,Sales,Closed,15.0,5.0
CMP005323,7968-QUXNS,2025-11-01,Customer Support,Low,Technical,Resolved,11.0,5.0
CMP005324,8903-WMRNW,2022-09-21,Slow Internet,Medium,Network,Resolved,8.0,3.0
CMP005325,8903-WMRNW,2023-07-09,Slow Internet,Low,Sales,Closed,14.0,5.0
CMP005326,6029-CSMJE,2023-12-09,Wrong Charges,Low,Customer Care,Resolved,4.0,5.0
CMP005327,7993-NQLJE,2021-12-12,Low Download Speed,Low,Network,Open,,
CMP005328,9099-FTUHS,2022-08-23,Billing Complaint,Low,Network,Resolved,4.0,5.0
CMP005329,9099-FTUHS,2025-04-02,Streaming Issue,Low,Technical,Resolved,2.0,5.0
CMP005330,4962-CHQPW,2024-12-16,Billing Complaint,High,Network,Open,,
CMP005331,9467-ROOLM,2020-04-13,Customer Support,Medium,Network,Resolved,13.0,5.0
CMP005332,5150-ITWWB,2020-03-20,Poor Customer Support,Medium,Sales,Resolved,15.0,5.0
CMP005333,5150-ITWWB,2024-08-22,Billing Complaint,Medium,Network,Resolved,9.0,4.0
CMP005334,2253-KPMNB,2021-10-12,Poor Network,Low,Sales,Resolved,3.0,5.0
CMP005335,6429-SHBCB,2024-08-23,Billing Complaint,Low,Network,Resolved,14.0,4.0
CMP005336,9281-OFDMF,2021-07-18,Billing Complaint,Medium,Network,Resolved,12.0,4.0
CMP005337,2603-HVKCG,2022-11-23,Poor Network,Low,Sales,Resolved,4.0,4.0
CMP005338,1834-WULEG,2022-03-06,Payment Issue,Medium,Technical,Closed,1.0,3.0
CMP005339,9097-ZUBYC,2021-01-04,Billing Complaint,Medium,Technical,Closed,5.0,4.0
CMP005340,4893-GYUJU,2022-03-18,Customer Support,Low,Network,Closed,11.0,4.0
CMP005341,4578-PHJYZ,2024-01-16,Billing Complaint,Medium,Network,Resolved,5.0,4.0
CMP005342,7272-QDCKA,2022-11-04,Wrong Charges,Low,Technical,Closed,10.0,3.0
CMP005343,7272-QDCKA,2025-12-24,Slow Internet,Medium,Customer Care,In Progress,,
CMP005344,9766-HGEDE,2025-02-12,Payment Issue,Low,Billing,Resolved,1.0,3.0
CMP005345,6968-MHOMU,2022-08-25,Frequent Disconnections,Low,Network,Resolved,2.0,5.0
CMP005346,6968-MHOMU,2025-11-19,Slow Internet,Low,Billing,Open,,
CMP005347,5044-XDPYX,2021-05-11,Payment Issue,Low,Sales,Open,,
CMP005348,3721-WKIIL,2022-02-27,Customer Support,Low,Billing,In Progress,,
CMP005349,6734-CKRSM,2020-03-20,Payment Issue,Medium,Network,Open,,
CMP005350,6568-POCUI,2025-12-05,Service Outage,High,Customer Care,Resolved,8.0,5.0
CMP005351,3457-PQBYH,2022-10-04,Customer Support,Medium,Sales,In Progress,,
CMP005352,7636-OWBPG,2023-08-22,Low Download Speed,Low,Network,Open,,
CMP005353,1231-YNDEK,2025-11-03,Payment Issue,Medium,Billing,Open,,
CMP005354,8564-LDKFL,2021-01-11,Low Download Speed,Medium,Customer Care,Open,,
CMP005355,3696-DFHHB,2025-08-09,Payment Issue,Low,Sales,Resolved,13.0,4.0
CMP005356,4717-GHADL,2020-01-21,Frequent Disconnections,Low,Sales,Open,,
CMP005357,5501-TVMGM,2023-02-19,Streaming Issue,Low,Billing,Closed,3.0,3.0
CMP005358,3694-GLTJM,2021-07-20,Payment Issue,High,Technical,Resolved,9.0,3.0
CMP005359,8550-XSXUQ,2022-04-12,Installation Delay,Low,Billing,Closed,6.0,4.0
CMP005360,4359-INNWN,2023-12-03,Billing Complaint,Medium,Customer Care,Closed,11.0,3.0
CMP005361,0585-EGDDA,2025-07-22,Call Drop,Low,Network,In Progress,,
CMP005362,4032-RMHCI,2024-06-15,Slow Internet,Medium,Technical,In Progress,,
CMP005363,4032-RMHCI,2022-08-19,Slow Internet,Low,Sales,In Progress,,
CMP005364,3481-JHUZH,2021-03-22,Call Drop,Low,Technical,Closed,11.0,4.0
CMP005365,6869-FGJJC,2024-07-16,Streaming Issue,High,Technical,Resolved,5.0,5.0
CMP005366,3896-ZVNET,2022-08-16,Payment Issue,Medium,Billing,In Progress,,
CMP005367,4931-TRZWN,2020-08-15,Wrong Charges,Low,Technical,Open,,
CMP005368,0750-EKNGL,2025-05-04,Billing Complaint,Medium,Sales,Open,,
CMP005369,7669-LCRSD,2025-01-25,Service Outage,Low,Customer Care,In Progress,,
CMP005370,3567-PQTSO,2021-09-27,Low Download Speed,Medium,Network,Resolved,5.0,5.0
CMP005371,3567-PQTSO,2023-09-15,Frequent Disconnections,Low,Sales,Resolved,2.0,5.0
CMP005372,8043-PNYSD,2022-02-04,Payment Issue,Medium,Billing,Open,,
CMP005373,9938-EKRGF,2022-05-24,Low Download Speed,Medium,Sales,Resolved,8.0,3.0
CMP005374,0928-JMXNP,2022-05-14,Frequent Disconnections,Low,Customer Care,Closed,11.0,4.0
CMP005375,0928-JMXNP,2021-04-25,Low Download Speed,Low,Network,Closed,3.0,4.0
CMP005376,6734-JDTTV,2020-04-27,Billing Complaint,Medium,Customer Care,In Progress,,
CMP005377,3890-RTCMS,2023-12-20,Service Outage,Medium,Network,Open,,
CMP005378,3717-FDJFU,2024-07-13,Billing Complaint,Low,Billing,Closed,6.0,4.0
CMP005379,3665-JATSN,2021-12-16,Installation Delay,High,Billing,Open,,
CMP005380,4324-BZCKL,2022-04-28,Poor Network,Medium,Network,Resolved,11.0,3.0
CMP005381,6924-TDGMT,2024-02-12,Customer Support,Medium,Sales,In Progress,,
CMP005382,1536-YHDOE,2020-11-27,Billing Complaint,Low,Network,Resolved,11.0,4.0
CMP005383,8123-QBNAZ,2023-03-18,Installation Delay,Medium,Technical,Closed,12.0,4.0
CMP005384,8123-QBNAZ,2023-02-20,Frequent Disconnections,Medium,Technical,Open,,
CMP005385,4827-LTQRJ,2024-03-21,Slow Internet,Low,Billing,Resolved,4.0,3.0
CMP005386,5482-VXSXJ,2023-06-27,Service Outage,Medium,Customer Care,Resolved,2.0,4.0
CMP005387,7365-BVCJH,2025-10-15,Streaming Issue,Medium,Technical,Closed,2.0,5.0
CMP005388,9620-ENEJV,2021-05-17,Slow Internet,Medium,Network,Resolved,9.0,5.0
CMP005389,2378-YIZKA,2021-03-10,Frequent Disconnections,Medium,Network,Open,,
CMP005390,0689-DSXGL,2020-07-02,Service Outage,Medium,Technical,Resolved,9.0,3.0
CMP005391,6778-EICRF,2025-11-25,Installation Delay,High,Network,Closed,1.0,3.0
CMP005392,6778-EICRF,2021-09-04,Streaming Issue,Medium,Customer Care,Closed,10.0,3.0
CMP005393,2662-NNTDK,2021-12-22,Billing Complaint,Medium,Network,Resolved,6.0,5.0
CMP005394,4132-KALRO,2020-09-24,Slow Internet,Low,Network,Resolved,10.0,4.0
CMP005395,4293-ETKAP,2025-12-12,Poor Network,Medium,Customer Care,Resolved,6.0,4.0
CMP005396,6064-PUPMC,2025-04-26,Streaming Issue,Low,Customer Care,Closed,7.0,4.0
CMP005397,6504-VBLFL,2025-09-11,Poor Customer Support,Low,Customer Care,Resolved,12.0,4.0
CMP005398,6504-VBLFL,2025-04-05,Poor Network,Low,Sales,Closed,13.0,5.0
CMP005399,6322-PJJDJ,2025-03-21,Frequent Disconnections,Medium,Technical,In Progress,,
CMP005400,7586-ZATGZ,2021-02-28,Slow Internet,Low,Sales,In Progress,,
CMP005401,7586-ZATGZ,2025-07-01,Poor Network,Medium,Technical,Open,,
CMP005402,7197-VOJMM,2024-06-10,Poor Network,Low,Customer Care,In Progress,,
CMP005403,1843-TLSGD,2023-12-02,Payment Issue,Low,Technical,In Progress,,
CMP005404,9626-VFRGG,2022-07-27,Poor Network,High,Customer Care,Resolved,6.0,3.0
CMP005405,9626-VFRGG,2021-09-18,Payment Issue,Low,Sales,Resolved,8.0,5.0
CMP005406,7075-BNDVQ,2025-01-09,Service Outage,Low,Billing,Resolved,13.0,4.0
CMP005407,7075-BNDVQ,2020-04-10,Poor Customer Support,Low,Billing,Open,,
CMP005408,9143-CANJF,2024-06-25,Poor Customer Support,Medium,Technical,Resolved,8.0,5.0
CMP005409,7284-BUYEC,2020-03-23,Billing Complaint,Medium,Billing,Resolved,10.0,3.0
CMP005410,2041-JIJCI,2022-08-20,Poor Network,Medium,Network,Resolved,3.0,5.0
CMP005411,2229-VWQJH,2020-04-10,Streaming Issue,Low,Customer Care,Open,,
CMP005412,9194-GFVOI,2021-01-14,Poor Customer Support,Low,Network,In Progress,,
CMP005413,5144-TVGLP,2023-02-18,Frequent Disconnections,High,Sales,Resolved,14.0,4.0
CMP005414,5144-TVGLP,2025-11-09,Payment Issue,Low,Network,Closed,15.0,5.0
CMP005415,9643-AVVWI,2020-04-15,Poor Customer Support,Medium,Customer Care,Resolved,7.0,4.0
CMP005416,0253-ZTEOB,2022-08-16,Installation Delay,Low,Billing,Open,,
CMP005417,2706-QZIHY,2020-06-12,Payment Issue,Medium,Customer Care,Closed,13.0,5.0
CMP005418,6061-PQHMK,2021-04-28,Payment Issue,Low,Technical,Resolved,13.0,4.0
CMP005419,6137-MFAJN,2022-02-27,Low Download Speed,Medium,Sales,Closed,1.0,3.0
CMP005420,2402-TAIRZ,2024-04-20,Service Outage,Low,Technical,In Progress,,
CMP005421,9659-ZTWSM,2023-02-02,Poor Network,Low,Customer Care,In Progress,,
CMP005422,9139-TWBAS,2024-09-22,Call Drop,Low,Technical,Open,,
CMP005423,6685-GBWJZ,2023-11-14,Slow Internet,High,Customer Care,Resolved,5.0,5.0
CMP005424,2195-VVRJF,2022-11-23,Slow Internet,High,Technical,In Progress,,
CMP005425,2195-VVRJF,2020-03-02,Service Outage,Medium,Billing,Resolved,13.0,3.0
CMP005426,3913-RDSJZ,2023-07-05,Billing Complaint,High,Network,Resolved,15.0,3.0
CMP005427,4203-QGNZA,2020-06-11,Billing Complaint,Low,Technical,Open,,
CMP005428,5043-TRZWM,2020-01-25,Call Drop,Low,Sales,Closed,3.0,4.0
CMP005429,5043-TRZWM,2025-10-23,Installation Delay,Medium,Billing,Closed,4.0,3.0
CMP005430,5366-OBVMR,2020-10-11,Poor Customer Support,Medium,Technical,Resolved,7.0,3.0
CMP005431,7644-OMVMY,2024-09-20,Billing Complaint,Low,Customer Care,In Progress,,
CMP005432,9817-APLHW,2021-06-20,Payment Issue,Medium,Customer Care,Open,,
CMP005433,0840-DFEZH,2020-12-12,Streaming Issue,Low,Billing,Resolved,7.0,4.0
CMP005434,0840-DFEZH,2024-12-03,Installation Delay,High,Sales,Resolved,15.0,4.0
CMP005435,8690-ZVLCL,2023-01-02,Slow Internet,Medium,Sales,Resolved,6.0,4.0
CMP005436,1125-SNVCK,2025-09-01,Service Outage,Low,Technical,Resolved,6.0,3.0
CMP005437,1125-SNVCK,2023-01-28,Call Drop,High,Customer Care,Open,,
CMP005438,4616-EWBNJ,2025-04-26,Customer Support,Medium,Customer Care,Closed,13.0,5.0
CMP005439,2545-EBUPK,2024-07-22,Wrong Charges,Medium,Sales,Closed,2.0,5.0
CMP005440,2545-EBUPK,2023-01-26,Frequent Disconnections,Medium,Sales,In Progress,,
CMP005441,2172-EJXVF,2021-08-22,Billing Complaint,Low,Billing,Resolved,3.0,3.0
CMP005442,4536-PLEQY,2024-09-23,Streaming Issue,Low,Sales,In Progress,,
CMP005443,8871-JLMHM,2024-04-15,Service Outage,Medium,Network,Resolved,2.0,4.0
CMP005444,3623-FQBOX,2020-08-12,Payment Issue,Low,Network,Closed,4.0,3.0
CMP005445,3865-ZFZIB,2021-05-14,Billing Complaint,Medium,Customer Care,Resolved,1.0,3.0
CMP005446,1370-GGAWX,2023-10-21,Poor Network,Low,Network,Resolved,8.0,5.0
CMP005447,1370-GGAWX,2023-09-12,Payment Issue,Medium,Customer Care,Resolved,2.0,5.0
CMP005448,4680-KUTAJ,2022-06-13,Wrong Charges,Low,Technical,Closed,8.0,3.0
CMP005449,4680-KUTAJ,2024-10-20,Billing Complaint,High,Network,Resolved,12.0,4.0
CMP005450,9629-NHXFW,2025-05-19,Payment Issue,Low,Sales,Resolved,3.0,3.0
CMP005451,0396-HUJBP,2024-01-01,Billing Complaint,Medium,Customer Care,Closed,9.0,4.0
CMP005452,8879-ZKJOF,2022-08-08,Wrong Charges,High,Sales,Resolved,3.0,5.0
CMP005453,8498-XXGWA,2025-08-07,Streaming Issue,High,Network,In Progress,,
CMP005454,8498-XXGWA,2024-05-22,Payment Issue,Medium,Customer Care,Resolved,9.0,5.0
CMP005455,9617-INGJY,2025-10-20,Poor Customer Support,Medium,Sales,In Progress,,
CMP005456,9617-INGJY,2023-11-22,Frequent Disconnections,High,Network,Resolved,1.0,4.0
CMP005457,7636-PEPNS,2023-09-04,Poor Network,Low,Customer Care,Resolved,4.0,3.0
CMP005458,7636-PEPNS,2023-06-09,Poor Customer Support,Medium,Network,Resolved,3.0,5.0
CMP005459,9052-DHNKM,2022-05-04,Low Download Speed,Medium,Network,Closed,6.0,4.0
CMP005460,6794-HKIAJ,2025-07-04,Slow Internet,Medium,Sales,Closed,12.0,3.0
CMP005461,6794-HKIAJ,2021-11-28,Streaming Issue,High,Technical,In Progress,,
CMP005462,5578-NKCXI,2022-09-03,Billing Complaint,Low,Technical,Resolved,13.0,5.0
CMP005463,5578-NKCXI,2021-08-24,Slow Internet,Medium,Sales,Resolved,15.0,3.0
CMP005464,1642-HMARX,2022-04-25,Wrong Charges,Medium,Technical,Resolved,13.0,4.0
CMP005465,3096-WPXBT,2024-05-07,Call Drop,Low,Billing,Resolved,6.0,5.0
CMP005466,5950-AAAGJ,2024-01-16,Poor Network,Medium,Network,Resolved,8.0,5.0
CMP005467,5950-AAAGJ,2021-11-21,Installation Delay,Medium,Technical,In Progress,,
CMP005468,4299-OPXEJ,2021-12-12,Payment Issue,Low,Network,Open,,
CMP005469,9618-LFJRU,2025-05-12,Billing Complaint,Medium,Billing,Resolved,4.0,5.0
CMP005470,6693-DJWTY,2020-04-04,Low Download Speed,Low,Technical,Resolved,9.0,3.0
CMP005471,6693-DJWTY,2025-09-05,Billing Complaint,Low,Technical,In Progress,,
CMP005472,6447-EGDIV,2023-11-16,Customer Support,Low,Billing,Resolved,11.0,5.0
CMP005473,1167-OYZJF,2021-04-23,Payment Issue,Medium,Customer Care,Open,,
CMP005474,5294-DMSFH,2022-03-10,Service Outage,Low,Technical,Closed,1.0,3.0
CMP005475,4837-PZTIC,2020-04-07,Service Outage,Low,Technical,Resolved,5.0,4.0
CMP005476,4176-FXYBO,2022-04-18,Installation Delay,Medium,Customer Care,In Progress,,
CMP005477,4176-FXYBO,2022-04-24,Low Download Speed,Medium,Network,Closed,13.0,4.0
CMP005478,1063-DHQJF,2020-08-25,Billing Complaint,Medium,Technical,Open,,
CMP005479,6719-FGEDO,2023-02-23,Frequent Disconnections,High,Billing,Resolved,12.0,3.0
CMP005480,1837-YQUCE,2020-04-18,Streaming Issue,Low,Customer Care,Closed,13.0,3.0
CMP005481,0369-ZGOVK,2020-08-11,Poor Customer Support,Low,Sales,Open,,
CMP005482,9919-KNPOO,2025-10-22,Poor Network,Medium,Sales,Resolved,3.0,4.0
CMP005483,9919-KNPOO,2023-03-09,Wrong Charges,Medium,Billing,Resolved,10.0,3.0
CMP005484,7872-BAAZR,2025-09-22,Payment Issue,High,Technical,In Progress,,
CMP005485,9391-LMANN,2024-02-24,Poor Network,Medium,Billing,Open,,
CMP005486,9391-LMANN,2025-12-12,Slow Internet,Low,Sales,Resolved,13.0,3.0
CMP005487,1698-XFZCI,2023-04-23,Poor Network,Low,Technical,Resolved,6.0,3.0
CMP005488,1698-XFZCI,2025-06-26,Poor Network,Low,Technical,Resolved,14.0,4.0
CMP005489,1877-HKBQX,2023-11-01,Call Drop,High,Network,Resolved,15.0,3.0
CMP005490,4450-DLLMH,2023-01-10,Call Drop,Low,Technical,Resolved,11.0,5.0
CMP005491,4450-DLLMH,2021-03-19,Poor Customer Support,Low,Technical,In Progress,,
CMP005492,0428-AXXLJ,2022-03-03,Billing Complaint,Medium,Customer Care,Resolved,2.0,5.0
CMP005493,2746-DIJLO,2021-06-11,Poor Network,Medium,Technical,Resolved,6.0,4.0
CMP005494,2746-DIJLO,2025-05-02,Low Download Speed,Medium,Billing,Resolved,6.0,3.0
CMP005495,5996-NRVXR,2022-01-12,Low Download Speed,Medium,Technical,Resolved,11.0,5.0
CMP005496,3739-YBWAB,2022-01-10,Frequent Disconnections,Low,Network,Open,,
CMP005497,7047-FWEYA,2020-04-18,Streaming Issue,Medium,Customer Care,In Progress,,
CMP005498,2000-MPKCA,2024-12-23,Low Download Speed,Medium,Billing,Closed,3.0,4.0
CMP005499,2000-MPKCA,2023-03-17,Payment Issue,Low,Network,In Progress,,
CMP005500,9762-YAQAA,2023-11-17,Poor Customer Support,Medium,Technical,In Progress,,
CMP005501,9762-YAQAA,2021-01-26,Poor Network,Low,Billing,Closed,15.0,4.0
CMP005502,5473-KHBPS,2023-10-22,Wrong Charges,Low,Network,Resolved,15.0,5.0
CMP005503,0100-DUVFC,2022-01-19,Wrong Charges,Low,Sales,Resolved,4.0,5.0
CMP005504,0100-DUVFC,2020-07-07,Service Outage,Low,Sales,Closed,15.0,4.0
CMP005505,0326-VDYXE,2021-09-10,Wrong Charges,Medium,Customer Care,In Progress,,
CMP005506,0326-VDYXE,2025-11-06,Payment Issue,Medium,Billing,Resolved,12.0,5.0
CMP005507,6609-MXJHJ,2024-01-09,Billing Complaint,Medium,Technical,Resolved,5.0,3.0
CMP005508,9576-SYUHJ,2025-11-04,Poor Network,Medium,Technical,In Progress,,
CMP005509,9576-SYUHJ,2023-03-06,Installation Delay,Low,Network,In Progress,,
CMP005510,0410-IPFTY,2020-01-08,Low Download Speed,Low,Customer Care,Resolved,3.0,5.0
CMP005511,2831-EBWRN,2024-09-16,Wrong Charges,Low,Technical,Closed,12.0,3.0
CMP005512,2831-EBWRN,2022-12-10,Service Outage,Low,Network,Open,,
CMP005513,9402-ORRAH,2025-10-03,Slow Internet,Medium,Billing,Closed,2.0,4.0
CMP005514,6483-OATDN,2023-10-07,Service Outage,Medium,Customer Care,Closed,15.0,4.0
CMP005515,7801-KICAO,2025-12-24,Slow Internet,Medium,Customer Care,Resolved,10.0,3.0
CMP005516,7801-KICAO,2025-01-03,Service Outage,Low,Technical,Resolved,13.0,5.0
CMP005517,2828-SLQPF,2023-05-15,Call Drop,Medium,Sales,In Progress,,
CMP005518,4465-VDKIQ,2020-07-27,Billing Complaint,Low,Network,Closed,12.0,3.0
CMP005519,2558-BUOZZ,2025-05-13,Payment Issue,High,Billing,Open,,
CMP005520,0003-MKNFE,2023-03-21,Poor Customer Support,High,Customer Care,In Progress,,
CMP005521,0003-MKNFE,2021-06-20,Frequent Disconnections,Low,Sales,Resolved,7.0,5.0
CMP005522,0975-UYDTX,2023-04-17,Service Outage,High,Technical,Closed,12.0,5.0
CMP005523,0975-VOOVL,2023-11-24,Poor Customer Support,Medium,Billing,Resolved,6.0,4.0
CMP005524,0975-VOOVL,2025-11-17,Call Drop,Low,Technical,Resolved,11.0,5.0
CMP005525,5968-VXZLG,2022-04-05,Poor Network,Low,Network,Resolved,8.0,4.0
CMP005526,5201-FRKKS,2023-07-15,Poor Network,Medium,Sales,Resolved,8.0,5.0
CMP005527,9799-CAYJJ,2023-05-22,Wrong Charges,Low,Network,Resolved,1.0,5.0
CMP005528,9799-CAYJJ,2022-09-26,Wrong Charges,Low,Technical,Closed,15.0,4.0
CMP005529,5443-SCMKX,2025-07-18,Poor Customer Support,High,Customer Care,In Progress,,
CMP005530,5443-SCMKX,2020-04-24,Slow Internet,Medium,Billing,Closed,1.0,5.0
CMP005531,8295-KMENE,2023-07-08,Payment Issue,Low,Sales,Closed,3.0,3.0
CMP005532,6738-ISCBM,2022-07-27,Low Download Speed,Medium,Technical,Resolved,14.0,4.0
CMP005533,9821-BESNZ,2023-02-04,Payment Issue,Low,Billing,Resolved,13.0,4.0
CMP005534,3678-MNGZX,2023-07-26,Customer Support,Medium,Network,Resolved,15.0,5.0
CMP005535,1335-NTIUC,2025-01-11,Poor Customer Support,Medium,Technical,Resolved,9.0,4.0
CMP005536,3199-XGZCY,2023-10-21,Poor Customer Support,High,Customer Care,Resolved,14.0,5.0
CMP005537,4063-EIKNQ,2023-05-23,Billing Complaint,Medium,Sales,Closed,7.0,5.0
CMP005538,5206-HPJKM,2025-10-23,Poor Customer Support,High,Customer Care,Closed,6.0,4.0
CMP005539,8393-JMVMB,2020-10-09,Customer Support,High,Network,Resolved,4.0,5.0
CMP005540,5019-GQVCR,2022-03-04,Frequent Disconnections,Medium,Network,Closed,11.0,4.0
CMP005541,2550-AEVRU,2025-03-26,Call Drop,Low,Sales,Resolved,15.0,5.0
CMP005542,2550-AEVRU,2022-03-20,Poor Network,Medium,Customer Care,In Progress,,
CMP005543,2880-FPNAE,2020-09-09,Poor Customer Support,Low,Customer Care,Resolved,3.0,3.0
CMP005544,4311-QTTAI,2023-02-27,Customer Support,Medium,Network,In Progress,,
CMP005545,3612-YUNGG,2023-11-01,Slow Internet,Low,Network,Closed,8.0,4.0
CMP005546,5062-CJJKH,2021-11-11,Billing Complaint,Low,Sales,In Progress,,
CMP005547,9028-LIHRP,2023-05-18,Billing Complaint,High,Network,In Progress,,
CMP005548,1053-MXTTK,2023-01-28,Poor Customer Support,High,Customer Care,Resolved,4.0,3.0
CMP005549,1301-LOPVR,2022-06-23,Billing Complaint,Low,Customer Care,Resolved,7.0,3.0
CMP005550,0853-TWRVK,2025-08-10,Low Download Speed,Medium,Technical,In Progress,,
CMP005551,6212-ATMLK,2023-06-22,Streaming Issue,Low,Sales,Resolved,2.0,4.0
CMP005552,6212-ATMLK,2021-06-28,Low Download Speed,Low,Network,Resolved,3.0,3.0
CMP005553,0670-ANMUU,2023-04-24,Poor Customer Support,Medium,Billing,Resolved,4.0,3.0
CMP005554,6897-RWMUB,2025-06-10,Call Drop,Low,Billing,Closed,11.0,5.0
CMP005555,6999-CHVCF,2023-09-11,Slow Internet,Medium,Customer Care,Resolved,2.0,3.0
CMP005556,1077-HUUJM,2025-05-20,Installation Delay,High,Technical,Closed,7.0,5.0
CMP005557,0895-LNKRC,2024-12-21,Billing Complaint,Medium,Sales,Resolved,8.0,4.0
CMP005558,8417-GSODA,2021-04-20,Poor Customer Support,High,Customer Care,Closed,4.0,5.0
CMP005559,7820-ZYGNY,2023-02-12,Poor Customer Support,Medium,Billing,In Progress,,
CMP005560,7820-ZYGNY,2020-04-18,Streaming Issue,High,Sales,Open,,
CMP005561,8980-WQFWL,2020-01-21,Call Drop,Low,Billing,Resolved,9.0,4.0
CMP005562,1730-ZMAME,2025-05-20,Call Drop,Low,Technical,In Progress,,
CMP005563,1730-ZMAME,2025-04-14,Frequent Disconnections,Low,Network,Resolved,12.0,4.0
CMP005564,6506-EYCNH,2022-12-25,Payment Issue,Medium,Technical,Open,,
CMP005565,4634-JLRJT,2022-09-06,Payment Issue,Low,Technical,In Progress,,
CMP005566,2560-QTSBS,2022-08-06,Payment Issue,High,Technical,Resolved,12.0,4.0
CMP005567,4795-WRNVT,2022-05-13,Billing Complaint,Medium,Network,Resolved,5.0,5.0
CMP005568,4795-WRNVT,2021-04-18,Frequent Disconnections,Low,Technical,Closed,12.0,3.0
CMP005569,6080-TCMYC,2022-02-05,Slow Internet,Low,Network,In Progress,,
CMP005570,6357-JJPQT,2022-07-20,Installation Delay,Medium,Sales,Closed,6.0,4.0
CMP005571,6357-JJPQT,2024-09-11,Payment Issue,Medium,Billing,Resolved,15.0,5.0
CMP005572,9552-TGUZV,2020-03-19,Poor Network,Medium,Network,Resolved,8.0,3.0
CMP005573,5913-INRQV,2022-09-19,Billing Complaint,High,Technical,Open,,
CMP005574,9643-YBLUR,2025-01-08,Installation Delay,Low,Billing,Resolved,15.0,5.0
CMP005575,9643-YBLUR,2024-03-20,Payment Issue,Low,Billing,Open,,
CMP005576,8734-FNWVH,2024-11-27,Low Download Speed,Low,Sales,Closed,7.0,3.0
CMP005577,8734-FNWVH,2020-01-08,Streaming Issue,Low,Sales,Open,,
CMP005578,9026-LHEVG,2025-12-20,Installation Delay,Low,Sales,Resolved,11.0,3.0
CMP005579,9026-LHEVG,2024-06-18,Payment Issue,High,Network,Resolved,2.0,3.0
CMP005580,7011-CVEUC,2020-02-08,Poor Network,Low,Billing,Closed,13.0,3.0
CMP005581,6185-TASNN,2023-09-26,Low Download Speed,Medium,Network,In Progress,,
CMP005582,6185-TASNN,2023-12-28,Wrong Charges,Low,Network,Resolved,9.0,4.0
CMP005583,1552-CZCLL,2025-07-09,Payment Issue,Medium,Customer Care,Resolved,7.0,4.0
CMP005584,3038-PQIUY,2022-05-13,Installation Delay,High,Customer Care,Closed,9.0,4.0
CMP005585,2623-DRYAM,2022-01-25,Payment Issue,Low,Network,Resolved,15.0,4.0
CMP005586,9987-LUTYD,2022-03-03,Payment Issue,Low,Network,Closed,2.0,3.0
CMP005587,5693-PIPCS,2025-11-10,Frequent Disconnections,High,Sales,Resolved,12.0,5.0
CMP005588,8707-RMEZH,2021-09-08,Installation Delay,Low,Network,Resolved,10.0,5.0
CMP005589,8707-RMEZH,2023-05-27,Streaming Issue,Low,Customer Care,Resolved,5.0,4.0
CMP005590,3209-ZPKFI,2021-02-14,Wrong Charges,High,Technical,Resolved,1.0,5.0
CMP005591,3569-JFODW,2024-06-04,Installation Delay,Medium,Billing,Resolved,5.0,4.0
CMP005592,0396-UKGAI,2023-08-05,Payment Issue,Medium,Customer Care,In Progress,,
CMP005593,5186-EJEGL,2022-01-25,Slow Internet,Medium,Billing,Resolved,12.0,4.0
CMP005594,2203-GHNWN,2025-11-19,Call Drop,Low,Network,Resolved,11.0,3.0
CMP005595,2203-GHNWN,2023-12-05,Frequent Disconnections,Low,Sales,In Progress,,
CMP005596,3878-AVSOQ,2023-08-12,Slow Internet,High,Customer Care,Resolved,7.0,3.0
CMP005597,3258-SYSWS,2024-09-28,Low Download Speed,Medium,Customer Care,Resolved,2.0,5.0
CMP005598,0512-FLFDW,2024-05-16,Wrong Charges,Low,Customer Care,In Progress,,
CMP005599,9451-WLYRI,2025-02-01,Billing Complaint,Low,Network,Closed,4.0,4.0
CMP005600,8219-VYBVI,2020-12-07,Customer Support,Low,Billing,Resolved,13.0,4.0
CMP005601,9738-QLWTP,2022-04-09,Payment Issue,Low,Customer Care,Open,,
CMP005602,9419-IPPBE,2022-12-02,Billing Complaint,Medium,Technical,Closed,15.0,4.0
CMP005603,5699-BNCAS,2022-02-15,Payment Issue,Low,Technical,Open,,
CMP005604,2900-PHPLN,2020-06-23,Payment Issue,Low,Customer Care,Open,,
CMP005605,8751-EDEKA,2025-12-24,Service Outage,Medium,Sales,Resolved,3.0,3.0
CMP005606,4039-PIMHX,2025-04-21,Installation Delay,Low,Technical,Closed,2.0,4.0
CMP005607,3604-WLABM,2021-10-12,Payment Issue,Medium,Billing,Resolved,9.0,3.0
CMP005608,2259-OUUSZ,2022-08-13,Poor Network,Medium,Customer Care,Resolved,15.0,5.0
CMP005609,1142-IHLOO,2024-06-22,Billing Complaint,Medium,Billing,In Progress,,
CMP005610,1142-IHLOO,2023-02-19,Poor Network,Medium,Billing,Open,,
CMP005611,4633-MKHYU,2023-09-17,Streaming Issue,Medium,Customer Care,Open,,
CMP005612,4633-MKHYU,2022-01-09,Poor Network,Medium,Network,Resolved,2.0,3.0
CMP005613,6257-RJOHI,2021-06-12,Payment Issue,Low,Technical,In Progress,,
CMP005614,1545-JFUML,2025-10-20,Service Outage,High,Network,In Progress,,
CMP005615,7826-VVKWT,2021-12-18,Payment Issue,Low,Billing,In Progress,,
CMP005616,1353-GHZOS,2020-11-19,Slow Internet,Low,Customer Care,Resolved,4.0,4.0
CMP005617,1353-GHZOS,2020-10-17,Billing Complaint,Low,Customer Care,Open,,
CMP005618,2364-UFROM,2022-02-20,Wrong Charges,Medium,Technical,Resolved,7.0,4.0
CMP005619,6656-JWRQX,2021-01-23,Wrong Charges,Medium,Billing,In Progress,,
CMP005620,6473-ULUHT,2022-09-03,Streaming Issue,Low,Billing,Resolved,7.0,4.0
CMP005621,5312-UXESG,2025-05-02,Wrong Charges,Medium,Technical,Resolved,1.0,3.0
CMP005622,5312-UXESG,2025-06-07,Service Outage,Low,Technical,Closed,6.0,4.0
CMP005623,7159-FVYPK,2021-05-02,Slow Internet,Medium,Technical,Resolved,5.0,5.0
CMP005624,7159-FVYPK,2025-04-04,Low Download Speed,High,Sales,Resolved,15.0,5.0
CMP005625,7032-LMBHI,2023-03-04,Frequent Disconnections,Low,Customer Care,Resolved,9.0,3.0
CMP005626,6088-BXMRG,2020-03-20,Wrong Charges,Low,Billing,Open,,
CMP005627,6088-BXMRG,2020-09-26,Service Outage,Low,Billing,Open,,
CMP005628,4821-SJHJV,2021-01-14,Low Download Speed,Medium,Billing,Open,,
CMP005629,4821-SJHJV,2023-07-03,Frequent Disconnections,Low,Billing,Closed,15.0,4.0
CMP005630,7346-MEDWM,2020-05-17,Call Drop,Medium,Billing,In Progress,,
CMP005631,9483-GCPWE,2025-04-16,Payment Issue,Medium,Billing,Resolved,11.0,5.0
CMP005632,4227-OJHAL,2023-04-15,Wrong Charges,Medium,Sales,In Progress,,
CMP005633,4227-OJHAL,2023-05-18,Streaming Issue,High,Technical,Resolved,11.0,5.0
CMP005634,9220-CXRSC,2020-10-19,Billing Complaint,Low,Sales,In Progress,,
CMP005635,6698-OXETB,2024-04-24,Payment Issue,Medium,Sales,Closed,3.0,5.0
CMP005636,2103-ZRXFN,2020-10-09,Installation Delay,Medium,Technical,Resolved,6.0,3.0
CMP005637,2103-ZRXFN,2020-10-08,Wrong Charges,Medium,Customer Care,Open,,
CMP005638,3724-BSCVH,2023-07-14,Payment Issue,Medium,Network,Open,,
CMP005639,9209-NWPGU,2023-06-03,Service Outage,Low,Network,In Progress,,
CMP005640,7306-YDSOI,2022-01-24,Poor Customer Support,Low,Technical,In Progress,,
CMP005641,5288-AHOUP,2022-03-16,Payment Issue,Low,Sales,Resolved,7.0,5.0
CMP005642,8468-EHYJA,2025-08-10,Low Download Speed,High,Billing,Resolved,9.0,4.0
CMP005643,8468-EHYJA,2024-07-04,Poor Customer Support,Medium,Billing,Open,,
CMP005644,1097-FSPVW,2022-08-13,Call Drop,Medium,Customer Care,In Progress,,
CMP005645,3635-QQRQD,2022-07-03,Billing Complaint,Low,Technical,Resolved,1.0,5.0
CMP005646,2897-DOVND,2024-08-20,Poor Network,Low,Network,Resolved,14.0,3.0
CMP005647,3082-YVEKW,2022-11-06,Billing Complaint,Medium,Billing,In Progress,,
CMP005648,0191-EQUUH,2021-03-08,Streaming Issue,Medium,Sales,Open,,
CMP005649,7134-HBPBS,2021-10-28,Slow Internet,High,Network,In Progress,,
CMP005650,3489-HHPFY,2024-12-28,Call Drop,Low,Customer Care,Open,,
CMP005651,3489-HHPFY,2023-12-06,Wrong Charges,Medium,Technical,Resolved,2.0,4.0
CMP005652,2926-JEJJC,2021-04-14,Payment Issue,Low,Technical,Open,,
CMP005653,1548-ARAGG,2023-08-01,Service Outage,Low,Customer Care,In Progress,,
CMP005654,6339-RZCBJ,2022-04-28,Streaming Issue,Medium,Network,In Progress,,
CMP005655,4415-WNGVR,2021-08-18,Frequent Disconnections,Medium,Technical,Resolved,5.0,5.0
CMP005656,2522-AHJXR,2020-04-16,Service Outage,Low,Sales,Resolved,10.0,5.0
CMP005657,0412-UCCNP,2021-06-04,Low Download Speed,Low,Sales,In Progress,,
CMP005658,7096-UCLNH,2024-09-08,Billing Complaint,Medium,Customer Care,In Progress,,
CMP005659,4615-PIVVU,2023-09-22,Payment Issue,Low,Sales,Closed,2.0,3.0
CMP005660,8885-QSQBX,2022-10-23,Poor Network,Medium,Billing,In Progress,,
CMP005661,8885-QSQBX,2023-02-23,Billing Complaint,Low,Sales,Resolved,11.0,3.0
CMP005662,8617-ENBDS,2023-02-27,Installation Delay,Medium,Customer Care,Resolved,13.0,4.0
CMP005663,8617-ENBDS,2020-05-14,Low Download Speed,Medium,Technical,Closed,12.0,4.0
CMP005664,6674-KVJHG,2025-06-20,Customer Support,Medium,Technical,Open,,
CMP005665,3537-HPKQT,2024-08-28,Wrong Charges,Medium,Sales,Closed,15.0,4.0
CMP005666,3537-HPKQT,2021-05-10,Billing Complaint,Medium,Sales,Closed,9.0,5.0
CMP005667,2129-ALKBS,2022-02-17,Payment Issue,High,Technical,In Progress,,
CMP005668,1309-XGFSN,2024-02-06,Poor Network,High,Technical,In Progress,,
CMP005669,6968-URWQU,2022-03-28,Poor Customer Support,Low,Customer Care,Open,,
CMP005670,9631-XEYKE,2024-05-07,Slow Internet,Medium,Technical,In Progress,,
CMP005671,1335-MXCSE,2021-10-24,Poor Customer Support,Low,Sales,Resolved,2.0,3.0
CMP005672,8873-TMKGR,2022-01-19,Customer Support,Low,Billing,Open,,
CMP005673,1469-LBJQJ,2025-07-05,Service Outage,Medium,Network,Closed,9.0,4.0
CMP005674,2386-OWURY,2023-09-20,Poor Network,Medium,Customer Care,In Progress,,
CMP005675,0310-VQXAM,2023-02-07,Billing Complaint,Low,Technical,Resolved,15.0,4.0
CMP005676,3453-RTHJQ,2023-03-27,Slow Internet,Low,Sales,Resolved,14.0,3.0
CMP005677,3453-RTHJQ,2023-03-22,Frequent Disconnections,Medium,Technical,Open,,
CMP005678,4280-DLSHD,2024-12-23,Wrong Charges,Low,Network,Resolved,14.0,3.0
CMP005679,4280-DLSHD,2022-08-04,Slow Internet,Medium,Billing,Resolved,10.0,5.0
CMP005680,1508-DFXCU,2023-10-10,Slow Internet,Medium,Network,Resolved,13.0,5.0
CMP005681,7868-BGSZA,2023-12-22,Slow Internet,Low,Technical,Closed,15.0,3.0
CMP005682,7868-BGSZA,2021-10-13,Poor Network,Low,Sales,Resolved,2.0,3.0
CMP005683,7973-DZRKH,2020-10-03,Low Download Speed,Medium,Billing,In Progress,,
CMP005684,7698-YFGEZ,2021-12-17,Customer Support,High,Sales,Open,,
CMP005685,9773-PEQBZ,2024-06-19,Streaming Issue,Medium,Technical,Resolved,10.0,3.0
CMP005686,9773-PEQBZ,2024-01-05,Frequent Disconnections,Medium,Technical,In Progress,,
CMP005687,7785-RDVIG,2022-01-17,Billing Complaint,Medium,Billing,In Progress,,
CMP005688,9602-WCXPI,2024-11-16,Billing Complaint,High,Technical,Resolved,3.0,5.0
CMP005689,3620-MWJNE,2023-11-11,Call Drop,High,Billing,Resolved,3.0,3.0
CMP005690,6837-HAEVO,2022-08-12,Frequent Disconnections,Medium,Technical,Resolved,6.0,4.0
CMP005691,4304-XUMGI,2024-11-17,Streaming Issue,Medium,Network,Resolved,3.0,4.0
CMP005692,9504-YAZWB,2021-03-25,Payment Issue,Low,Network,Closed,7.0,4.0
CMP005693,9481-IEBZY,2021-12-28,Wrong Charges,Medium,Technical,Closed,1.0,5.0
CMP005694,6137-NICCO,2020-10-12,Installation Delay,Medium,Technical,Resolved,7.0,4.0
CMP005695,6402-EJMWF,2021-05-12,Frequent Disconnections,High,Network,Resolved,5.0,5.0
CMP005696,6870-ECSHE,2021-12-22,Billing Complaint,Low,Sales,Closed,5.0,3.0
CMP005697,8747-UDCOI,2021-10-10,Payment Issue,Low,Customer Care,Open,,
CMP005698,4626-OZDTJ,2024-07-23,Payment Issue,Low,Sales,Resolved,8.0,4.0
CMP005699,6872-HXFNF,2025-09-05,Billing Complaint,Low,Network,Resolved,7.0,5.0
CMP005700,7714-YXSMB,2024-10-25,Call Drop,Medium,Billing,Closed,11.0,3.0
CMP005701,7714-YXSMB,2025-12-25,Call Drop,Low,Technical,Open,,
CMP005702,1767-TGTKO,2020-01-07,Installation Delay,Medium,Billing,Open,,
CMP005703,1767-TGTKO,2021-11-02,Call Drop,Medium,Technical,Resolved,2.0,5.0
CMP005704,8439-LTUGF,2024-11-18,Customer Support,Medium,Customer Care,Open,,
CMP005705,8805-JNRAZ,2021-06-10,Slow Internet,High,Customer Care,Closed,1.0,4.0
CMP005706,6418-HNFED,2022-03-13,Frequent Disconnections,Medium,Customer Care,Resolved,10.0,4.0
CMP005707,7128-GGCNO,2022-06-28,Payment Issue,Medium,Technical,In Progress,,
CMP005708,7691-KGKGP,2023-05-23,Call Drop,Low,Billing,In Progress,,
CMP005709,1732-FEKLD,2021-01-20,Service Outage,Low,Sales,In Progress,,
CMP005710,9862-KJTYK,2020-05-20,Billing Complaint,Medium,Network,Closed,2.0,5.0
CMP005711,9862-KJTYK,2023-03-06,Billing Complaint,High,Technical,In Progress,,
CMP005712,0479-HMSWA,2023-04-07,Poor Customer Support,High,Billing,In Progress,,
CMP005713,0365-BZUWY,2020-04-19,Call Drop,High,Customer Care,Closed,5.0,5.0
CMP005714,5701-SVCWR,2023-09-14,Payment Issue,Low,Technical,Closed,14.0,5.0
CMP005715,4922-CVPDX,2025-06-24,Service Outage,Medium,Network,Resolved,9.0,4.0
CMP005716,4922-CVPDX,2025-06-25,Low Download Speed,Medium,Customer Care,Resolved,1.0,3.0
CMP005717,1357-BIJKI,2023-08-22,Streaming Issue,Medium,Billing,Closed,3.0,3.0
CMP005718,1357-BIJKI,2022-04-12,Billing Complaint,High,Technical,Closed,12.0,3.0
CMP005719,1099-BTKWT,2022-04-19,Wrong Charges,Medium,Technical,Resolved,14.0,4.0
CMP005720,2018-PZKMU,2023-06-09,Call Drop,Low,Billing,In Progress,,
CMP005721,7392-YYPYJ,2022-12-20,Wrong Charges,Medium,Customer Care,Closed,11.0,4.0
CMP005722,9470-RTWDV,2025-08-19,Service Outage,Low,Sales,Closed,15.0,5.0
CMP005723,2176-OSJUV,2024-12-11,Call Drop,Medium,Technical,Resolved,4.0,5.0
CMP005724,4521-YEEHE,2024-09-08,Wrong Charges,Low,Billing,Open,,
CMP005725,7995-ZHHNZ,2024-09-14,Billing Complaint,Low,Customer Care,Resolved,15.0,5.0
CMP005726,7995-ZHHNZ,2024-07-26,Call Drop,Low,Billing,Open,,
CMP005727,3824-RHKVR,2023-11-21,Customer Support,Low,Technical,Resolved,11.0,4.0
CMP005728,5816-SCGFC,2023-12-06,Poor Customer Support,Low,Billing,Open,,
CMP005729,4979-HPRFL,2020-10-16,Customer Support,Medium,Billing,Closed,6.0,4.0
CMP005730,2332-TODQS,2021-08-12,Payment Issue,Medium,Network,Open,,
CMP005731,9278-VZKCD,2024-02-28,Poor Network,Low,Network,Open,,
CMP005732,2773-OVBPK,2021-07-15,Streaming Issue,Low,Billing,Open,,
CMP005733,5999-LCXAO,2020-05-15,Poor Customer Support,Medium,Customer Care,In Progress,,
CMP005734,5206-XZZQI,2022-04-23,Wrong Charges,High,Network,Resolved,9.0,3.0
CMP005735,2139-FQHLM,2021-08-07,Billing Complaint,Medium,Sales,In Progress,,
CMP005736,3882-IYOIJ,2022-05-04,Call Drop,High,Sales,In Progress,,
CMP005737,8749-TZYEC,2024-06-01,Payment Issue,High,Customer Care,In Progress,,
CMP005738,3115-JPJDD,2022-04-01,Service Outage,Low,Network,Closed,14.0,5.0
CMP005739,3115-JPJDD,2025-02-03,Wrong Charges,Low,Sales,In Progress,,
CMP005740,5600-KTXFM,2025-12-24,Streaming Issue,Medium,Billing,Resolved,11.0,3.0
CMP005741,6339-TBELP,2021-07-10,Installation Delay,Low,Billing,Closed,2.0,4.0
CMP005742,6173-GOLSU,2024-06-10,Slow Internet,Low,Sales,Closed,13.0,4.0
CMP005743,6173-GOLSU,2025-10-19,Frequent Disconnections,High,Network,Resolved,10.0,5.0
CMP005744,9938-ZREHM,2025-08-08,Wrong Charges,Medium,Billing,Open,,
CMP005745,4647-MUZON,2022-09-10,Call Drop,Low,Sales,Open,,
CMP005746,9702-AIUJO,2020-09-11,Low Download Speed,Low,Technical,In Progress,,
CMP005747,1729-VLAZJ,2025-07-24,Billing Complaint,Medium,Sales,Resolved,4.0,4.0
CMP005748,8285-ABVLB,2021-09-07,Payment Issue,Low,Customer Care,Resolved,4.0,4.0
CMP005749,5712-VBOXD,2020-01-08,Customer Support,Low,Billing,In Progress,,
CMP005750,6629-LADHQ,2022-02-10,Poor Customer Support,Medium,Network,In Progress,,
CMP005751,6629-LADHQ,2023-03-05,Billing Complaint,Medium,Customer Care,Closed,2.0,4.0
CMP005752,1559-DTODC,2022-12-02,Poor Network,Low,Billing,Open,,
CMP005753,4797-MIWUM,2020-05-09,Customer Support,Medium,Customer Care,Resolved,11.0,3.0
CMP005754,8720-RQSBJ,2022-10-04,Billing Complaint,Medium,Technical,In Progress,,
CMP005755,8720-RQSBJ,2020-05-10,Service Outage,Medium,Billing,Closed,11.0,5.0
CMP005756,4537-CIBHB,2022-11-27,Customer Support,High,Network,In Progress,,
CMP005757,4324-AHJKS,2020-11-02,Low Download Speed,Low,Customer Care,Resolved,2.0,5.0
CMP005758,4355-CVPVS,2022-04-02,Low Download Speed,Medium,Network,Closed,11.0,5.0
CMP005759,5915-ANOEI,2020-12-28,Billing Complaint,High,Customer Care,Open,,
CMP005760,9861-PDSZP,2022-07-26,Poor Customer Support,Low,Customer Care,In Progress,,
CMP005761,6704-UTUKK,2021-10-03,Slow Internet,Low,Customer Care,In Progress,,
CMP005762,6704-UTUKK,2022-06-21,Installation Delay,High,Billing,Closed,14.0,4.0
CMP005763,8788-DOXSU,2023-06-03,Streaming Issue,Low,Billing,Open,,
CMP005764,8788-DOXSU,2024-11-20,Service Outage,High,Billing,Open,,
CMP005765,7421-ZLUPA,2023-10-03,Billing Complaint,Low,Customer Care,Resolved,14.0,4.0
CMP005766,7421-ZLUPA,2025-05-20,Streaming Issue,Low,Technical,Resolved,2.0,5.0
CMP005767,2632-IVXVF,2023-02-27,Call Drop,Medium,Network,Closed,2.0,5.0
CMP005768,7463-IFMQU,2022-12-18,Customer Support,High,Network,Resolved,6.0,5.0
CMP005769,2541-YGPKE,2022-05-21,Call Drop,Low,Customer Care,Open,,
CMP005770,9592-ERDKV,2025-02-02,Service Outage,Medium,Customer Care,Resolved,6.0,5.0
CMP005771,4778-IZARL,2024-12-27,Payment Issue,Medium,Sales,Resolved,8.0,3.0
CMP005772,7008-LZVOZ,2021-03-01,Billing Complaint,Medium,Customer Care,Resolved,4.0,5.0
CMP005773,1200-TUZHR,2021-07-19,Service Outage,Medium,Sales,Open,,
CMP005774,1200-TUZHR,2021-08-20,Service Outage,Medium,Customer Care,Closed,1.0,3.0
CMP005775,7130-CTCUS,2023-11-06,Wrong Charges,Medium,Billing,Resolved,14.0,3.0
CMP005776,7130-CTCUS,2024-08-08,Poor Customer Support,Medium,Network,Closed,14.0,3.0
CMP005777,6242-FEGFD,2025-01-23,Wrong Charges,Medium,Billing,Closed,15.0,5.0
CMP005778,6194-HBGQN,2025-03-13,Payment Issue,Medium,Customer Care,In Progress,,
CMP005779,6986-IXNDM,2020-07-14,Installation Delay,Low,Network,In Progress,,
CMP005780,6986-IXNDM,2020-07-06,Poor Network,Low,Customer Care,Closed,6.0,3.0
CMP005781,9769-TSBZE,2023-01-11,Wrong Charges,Low,Network,Open,,
CMP005782,0420-HLGXF,2025-02-04,Poor Network,High,Customer Care,In Progress,,
CMP005783,9823-EALYC,2024-12-28,Poor Customer Support,High,Network,Resolved,12.0,3.0
CMP005784,0582-AVCLN,2023-08-19,Billing Complaint,Medium,Customer Care,Open,,
CMP005785,5803-NQJZO,2021-08-02,Wrong Charges,Low,Sales,In Progress,,
CMP005786,1073-XXCZD,2025-06-18,Customer Support,Medium,Billing,Resolved,8.0,3.0
CMP005787,0743-HRVFF,2022-12-12,Wrong Charges,Medium,Customer Care,Closed,11.0,5.0
CMP005788,4006-HKYHO,2024-07-02,Call Drop,Low,Billing,Resolved,6.0,3.0
CMP005789,9667-TKTVZ,2025-08-16,Frequent Disconnections,Medium,Technical,Resolved,14.0,5.0
CMP005790,3657-COGMW,2022-08-28,Payment Issue,Medium,Customer Care,In Progress,,
CMP005791,8570-KLJYJ,2024-08-22,Slow Internet,Medium,Sales,Resolved,8.0,5.0
CMP005792,8570-KLJYJ,2022-05-11,Payment Issue,Medium,Customer Care,Resolved,2.0,3.0
CMP005793,7754-IXRMC,2020-06-16,Poor Customer Support,Medium,Sales,Closed,1.0,4.0
CMP005794,2969-WGHQO,2020-08-19,Low Download Speed,Low,Network,In Progress,,
CMP005795,1686-STUHN,2021-06-10,Payment Issue,Low,Customer Care,In Progress,,
CMP005796,1329-VHWNP,2022-06-10,Poor Network,Low,Network,Resolved,8.0,5.0
CMP005797,1329-VHWNP,2024-01-27,Frequent Disconnections,Low,Network,In Progress,,
CMP005798,0019-GFNTW,2024-08-01,Slow Internet,Low,Billing,In Progress,,
CMP005799,4256-ZWTZI,2025-07-23,Frequent Disconnections,Low,Billing,Open,,
CMP005800,4608-LCIMN,2021-11-08,Service Outage,Medium,Technical,Resolved,4.0,3.0
CMP005801,1485-YDHMM,2025-12-22,Slow Internet,Low,Customer Care,In Progress,,
CMP005802,0603-TPMIB,2021-01-09,Billing Complaint,High,Customer Care,Resolved,14.0,4.0
CMP005803,2525-GVKQU,2022-01-25,Billing Complaint,High,Billing,Resolved,3.0,3.0
CMP005804,8161-QYMTT,2022-08-01,Poor Network,Medium,Network,Resolved,8.0,3.0
CMP005805,8161-QYMTT,2025-03-24,Payment Issue,Medium,Network,Closed,12.0,5.0
CMP005806,9581-GVBXT,2024-02-13,Poor Customer Support,Medium,Customer Care,Open,,
CMP005807,5404-GGUKR,2022-11-18,Billing Complaint,Medium,Technical,In Progress,,
CMP005808,3308-JSGML,2024-05-09,Low Download Speed,Low,Technical,Resolved,10.0,4.0
CMP005809,2434-EEVDB,2024-01-27,Frequent Disconnections,High,Technical,In Progress,,
CMP005810,7446-YPODE,2020-07-08,Low Download Speed,Medium,Customer Care,Resolved,6.0,4.0
CMP005811,9522-BNTHX,2025-01-16,Payment Issue,Medium,Billing,Closed,12.0,3.0
CMP005812,9522-BNTHX,2025-09-07,Billing Complaint,Medium,Technical,Resolved,4.0,3.0
CMP005813,4676-WLUHT,2025-11-08,Slow Internet,Medium,Customer Care,Closed,8.0,4.0
CMP005814,4676-WLUHT,2020-02-25,Payment Issue,Low,Network,In Progress,,
CMP005815,0757-WCUUZ,2020-01-06,Payment Issue,Low,Sales,In Progress,,
CMP005816,1629-DQQVB,2025-01-17,Call Drop,Low,Billing,Closed,6.0,3.0
CMP005817,0374-AACSZ,2024-07-08,Streaming Issue,Medium,Customer Care,Resolved,8.0,5.0
CMP005818,0374-AACSZ,2021-03-12,Frequent Disconnections,High,Billing,Open,,
CMP005819,4872-VXRIL,2023-11-22,Wrong Charges,High,Billing,Resolved,2.0,3.0
CMP005820,9140-CZQZZ,2024-12-28,Poor Network,High,Customer Care,Resolved,13.0,4.0
CMP005821,6537-QLGEX,2021-06-17,Streaming Issue,High,Customer Care,Resolved,11.0,3.0
CMP005822,6537-QLGEX,2022-01-25,Poor Customer Support,Medium,Billing,Resolved,11.0,4.0
CMP005823,3160-TYXLT,2021-07-04,Wrong Charges,High,Network,Open,,
CMP005824,3160-TYXLT,2025-03-22,Slow Internet,Low,Sales,Resolved,12.0,3.0
CMP005825,1325-USMEC,2025-07-14,Call Drop,Medium,Technical,Resolved,7.0,3.0
CMP005826,0916-QOFDP,2020-08-28,Frequent Disconnections,Low,Customer Care,Closed,2.0,5.0
CMP005827,0916-QOFDP,2020-03-20,Wrong Charges,Medium,Technical,Resolved,13.0,3.0
CMP005828,5606-AMZBO,2023-10-09,Service Outage,Low,Billing,Resolved,3.0,4.0
CMP005829,5606-AMZBO,2022-02-25,Service Outage,Medium,Network,Open,,
CMP005830,2235-EZAIK,2022-05-17,Call Drop,Low,Customer Care,In Progress,,
CMP005831,3847-BAERP,2021-03-07,Billing Complaint,Medium,Technical,Resolved,5.0,4.0
CMP005832,1453-RZFON,2022-06-05,Service Outage,Low,Network,Resolved,9.0,5.0
CMP005833,1453-RZFON,2023-01-28,Service Outage,High,Customer Care,Resolved,7.0,3.0
CMP005834,8263-OKETD,2020-07-26,Wrong Charges,Low,Billing,Closed,6.0,5.0
CMP005835,0670-KDOMA,2024-09-23,Payment Issue,Low,Customer Care,Resolved,8.0,5.0
CMP005836,8687-BAFGU,2023-07-09,Wrong Charges,High,Network,Resolved,14.0,3.0
CMP005837,9974-JFBHQ,2020-08-24,Poor Customer Support,Low,Customer Care,Open,,
CMP005838,6624-JDRDS,2023-02-05,Streaming Issue,High,Technical,Closed,11.0,3.0
CMP005839,9780-FKVVF,2025-02-07,Poor Network,Medium,Network,Closed,2.0,4.0
CMP005840,9780-FKVVF,2025-07-27,Streaming Issue,Low,Sales,In Progress,,
CMP005841,1919-RTPQD,2022-09-11,Payment Issue,Low,Network,Closed,15.0,5.0
CMP005842,5214-NLTIT,2022-01-26,Poor Network,Medium,Sales,Resolved,11.0,5.0
CMP005843,5214-NLTIT,2023-11-05,Poor Customer Support,Medium,Sales,In Progress,,
CMP005844,3345-PBBFH,2020-08-19,Service Outage,Low,Technical,Open,,
CMP005845,3345-PBBFH,2021-09-07,Poor Customer Support,Low,Sales,Resolved,11.0,4.0
CMP005846,5055-BRMNE,2020-09-25,Payment Issue,Low,Customer Care,Resolved,1.0,3.0
CMP005847,2190-PHBHR,2025-01-21,Poor Customer Support,Medium,Customer Care,Resolved,15.0,4.0
CMP005848,2650-GYRYL,2023-07-16,Payment Issue,Medium,Billing,In Progress,,
CMP005849,5208-FVQKB,2022-08-01,Poor Network,Low,Customer Care,Open,,
CMP005850,6627-CFOSN,2024-01-01,Payment Issue,Medium,Customer Care,Open,,
CMP005851,3982-JGSFD,2021-03-05,Billing Complaint,Medium,Customer Care,In Progress,,
CMP005852,1574-DYCWE,2020-01-15,Billing Complaint,Low,Billing,In Progress,,
CMP005853,7247-XOZPB,2020-07-12,Low Download Speed,Medium,Network,Resolved,3.0,5.0
CMP005854,6211-WWLTF,2023-09-22,Service Outage,Low,Customer Care,Resolved,10.0,3.0
CMP005855,6016-NXBNJ,2020-08-01,Customer Support,Medium,Sales,In Progress,,
CMP005856,4632-XJMEX,2020-03-03,Call Drop,High,Network,Closed,13.0,5.0
CMP005857,3452-GWUIN,2020-03-21,Poor Customer Support,Medium,Sales,Resolved,1.0,5.0
CMP005858,2716-GFZOR,2025-02-12,Streaming Issue,High,Network,Resolved,8.0,5.0
CMP005859,8626-XHBIE,2023-03-23,Customer Support,Medium,Customer Care,Resolved,8.0,3.0
CMP005860,3192-LNKRK,2025-12-10,Call Drop,Medium,Sales,In Progress,,
CMP005861,2208-UGTGR,2023-02-20,Frequent Disconnections,Low,Customer Care,In Progress,,
CMP005862,2208-UGTGR,2022-12-25,Slow Internet,Low,Customer Care,Closed,7.0,5.0
CMP005863,3005-TYFRD,2021-04-20,Poor Network,High,Customer Care,Resolved,10.0,4.0
CMP005864,3005-TYFRD,2020-04-24,Low Download Speed,Medium,Sales,Open,,
CMP005865,3079-BCHLN,2025-07-11,Billing Complaint,High,Billing,Open,,
CMP005866,7278-CKDNC,2024-08-12,Poor Customer Support,Low,Customer Care,Resolved,5.0,3.0
CMP005867,8450-UYIBU,2023-10-07,Service Outage,Low,Sales,Resolved,1.0,3.0
CMP005868,7181-OQCUT,2023-09-01,Wrong Charges,High,Technical,Closed,5.0,4.0
CMP005869,8474-UMLNT,2024-11-12,Installation Delay,High,Sales,Resolved,11.0,3.0
CMP005870,9142-XMYJH,2025-09-23,Billing Complaint,Medium,Technical,Resolved,8.0,3.0
CMP005871,0187-QSXOE,2022-01-01,Call Drop,Medium,Customer Care,Resolved,14.0,4.0
CMP005872,7733-UDMTP,2022-02-27,Wrong Charges,Medium,Network,In Progress,,
CMP005873,2649-HWLYB,2023-04-07,Frequent Disconnections,High,Network,Resolved,15.0,5.0
CMP005874,2465-BLLEU,2022-04-04,Billing Complaint,Low,Technical,Resolved,1.0,3.0
CMP005875,1685-VAYJF,2020-07-01,Service Outage,Low,Sales,Resolved,4.0,3.0
CMP005876,1685-VAYJF,2023-03-06,Frequent Disconnections,High,Network,Resolved,11.0,5.0
CMP005877,4223-WOZCM,2021-04-26,Service Outage,Low,Network,Open,,
CMP005878,0769-MURVM,2024-11-02,Installation Delay,Medium,Technical,Resolved,10.0,3.0
CMP005879,9253-VIFJQ,2022-02-23,Service Outage,Low,Network,Open,,
CMP005880,9253-VIFJQ,2020-06-01,Frequent Disconnections,Low,Billing,Open,,
CMP005881,9741-YLNTD,2021-11-09,Low Download Speed,Medium,Sales,Open,,
CMP005882,5120-ZBLAI,2024-03-26,Payment Issue,Medium,Sales,Open,,
CMP005883,1905-OEILC,2023-04-25,Customer Support,High,Sales,In Progress,,
CMP005884,7858-GTZSP,2025-04-07,Service Outage,Low,Customer Care,Closed,13.0,5.0
CMP005885,7858-GTZSP,2024-07-20,Service Outage,Low,Network,Closed,2.0,4.0
CMP005886,3470-BTGQO,2025-01-08,Slow Internet,High,Technical,Resolved,2.0,5.0
CMP005887,1209-VFFOC,2025-12-23,Installation Delay,Medium,Sales,Resolved,3.0,3.0
CMP005888,8224-DWCKX,2021-11-16,Frequent Disconnections,Low,Billing,Resolved,7.0,4.0
CMP005889,8224-DWCKX,2024-11-22,Call Drop,Medium,Network,Resolved,11.0,4.0
CMP005890,6917-IAYHD,2021-02-11,Poor Network,Low,Sales,Open,,
CMP005891,8620-RJPZN,2023-05-21,Billing Complaint,Low,Network,Open,,
CMP005892,7103-ZGVNT,2021-12-13,Frequent Disconnections,Medium,Technical,Resolved,3.0,3.0
CMP005893,2027-WKXMW,2024-01-12,Billing Complaint,Medium,Customer Care,Resolved,8.0,4.0
CMP005894,7137-NAXML,2024-09-02,Payment Issue,Low,Technical,Resolved,10.0,3.0
CMP005895,2428-ZMCTB,2021-02-19,Payment Issue,Medium,Technical,Resolved,13.0,3.0
CMP005896,1768-HNVGJ,2023-07-05,Poor Customer Support,Low,Customer Care,Open,,
CMP005897,5934-RMPOV,2022-01-01,Slow Internet,Low,Technical,Resolved,4.0,4.0
CMP005898,5934-RMPOV,2024-11-06,Billing Complaint,High,Network,Closed,12.0,3.0
CMP005899,1166-PQLGG,2021-10-08,Billing Complaint,Medium,Network,Resolved,5.0,5.0
CMP005900,4291-YZODP,2022-10-15,Payment Issue,Medium,Billing,In Progress,,
CMP005901,4395-PZMSN,2022-11-18,Poor Customer Support,High,Billing,Open,,
CMP005902,8706-HRADD,2021-04-18,Poor Network,Low,Customer Care,Open,,
CMP005903,9955-QOPOY,2021-10-25,Frequent Disconnections,Low,Sales,Closed,15.0,4.0
CMP005904,4385-ZKVNW,2023-02-21,Payment Issue,Low,Customer Care,Resolved,5.0,3.0
CMP005905,5446-DKWYW,2022-08-20,Streaming Issue,Low,Billing,Resolved,1.0,4.0
CMP005906,5446-DKWYW,2023-12-18,Poor Network,Medium,Customer Care,In Progress,,
CMP005907,8107-KNCIM,2020-02-16,Streaming Issue,Medium,Customer Care,Resolved,7.0,4.0
CMP005908,8107-KNCIM,2025-11-27,Poor Network,High,Technical,In Progress,,
CMP005909,7926-IJOOU,2025-01-01,Billing Complaint,Medium,Sales,In Progress,,
CMP005910,4029-HPFVY,2020-09-01,Frequent Disconnections,Low,Sales,Resolved,3.0,5.0
CMP005911,4029-HPFVY,2023-06-15,Frequent Disconnections,Low,Billing,Closed,15.0,3.0
CMP005912,7602-DBTOU,2022-05-06,Billing Complaint,Medium,Sales,Resolved,14.0,3.0
CMP005913,5451-YHYPW,2024-08-20,Service Outage,Low,Billing,In Progress,,
CMP005914,7998-WNZEM,2023-09-23,Service Outage,Medium,Customer Care,Closed,15.0,4.0
CMP005915,4664-NJCMS,2025-09-16,Streaming Issue,Medium,Network,Closed,13.0,3.0
CMP005916,2542-HYGIQ,2021-02-25,Payment Issue,High,Billing,Closed,14.0,3.0
CMP005917,6124-ACRHJ,2020-06-04,Billing Complaint,Medium,Technical,Closed,4.0,3.0
CMP005918,9362-MWODR,2021-10-04,Streaming Issue,Medium,Network,In Progress,,
CMP005919,9975-GPKZU,2024-05-16,Billing Complaint,Low,Billing,In Progress,,
CMP005920,9625-RZFUK,2023-12-17,Payment Issue,Medium,Sales,Resolved,11.0,3.0
CMP005921,5153-LXKDT,2022-10-18,Slow Internet,Low,Customer Care,Resolved,7.0,4.0
CMP005922,1020-JPQOW,2024-05-08,Low Download Speed,Medium,Network,Resolved,14.0,4.0
CMP005923,6867-ACCZI,2023-12-10,Frequent Disconnections,Low,Billing,Closed,10.0,3.0
CMP005924,5939-XAIXZ,2025-10-15,Installation Delay,High,Sales,In Progress,,
CMP005925,9732-EQMWY,2020-03-16,Streaming Issue,Medium,Sales,Resolved,9.0,5.0
CMP005926,6195-MELTI,2025-03-16,Streaming Issue,High,Billing,Closed,8.0,4.0
CMP005927,2121-JAFOM,2020-08-10,Streaming Issue,Medium,Technical,In Progress,,
CMP005928,8818-DOPVL,2020-12-25,Streaming Issue,High,Customer Care,In Progress,,
CMP005929,8818-DOPVL,2025-12-21,Installation Delay,Low,Customer Care,Closed,10.0,3.0
CMP005930,1227-UDMZR,2023-05-22,Wrong Charges,Medium,Network,In Progress,,
CMP005931,5198-HQAEN,2022-03-14,Poor Customer Support,Medium,Technical,In Progress,,
CMP005932,2167-FQSTQ,2023-06-14,Billing Complaint,Low,Billing,In Progress,,
CMP005933,2819-GWENI,2020-05-14,Billing Complaint,Low,Sales,In Progress,,
CMP005934,8815-LMFLX,2024-06-19,Payment Issue,Medium,Billing,Open,,
CMP005935,9135-HSWOC,2020-02-02,Customer Support,High,Network,Resolved,4.0,4.0
CMP005936,5811-IWXYM,2022-08-16,Streaming Issue,Low,Network,Resolved,9.0,4.0
CMP005937,8189-XRIKE,2023-08-02,Streaming Issue,Medium,Customer Care,Closed,13.0,5.0
CMP005938,8189-XRIKE,2024-03-07,Billing Complaint,Low,Technical,Resolved,9.0,5.0
CMP005939,2228-BZDEE,2024-08-21,Payment Issue,Medium,Billing,Resolved,6.0,3.0
CMP005940,7596-LDUXP,2022-12-10,Payment Issue,Low,Sales,Closed,9.0,4.0
CMP005941,2192-OZITF,2024-07-20,Billing Complaint,Medium,Billing,Resolved,14.0,4.0
CMP005942,5651-CPDND,2022-09-04,Low Download Speed,Medium,Technical,Open,,
CMP005943,2186-QZEYA,2023-04-27,Poor Customer Support,Low,Billing,In Progress,,
CMP005944,2186-QZEYA,2020-01-11,Slow Internet,Low,Customer Care,Closed,6.0,3.0
CMP005945,7729-XBTWX,2020-02-01,Payment Issue,Medium,Network,Open,,
CMP005946,0559-CKHUS,2021-09-27,Billing Complaint,Medium,Customer Care,Closed,1.0,4.0
CMP005947,7504-UWHNB,2023-10-10,Frequent Disconnections,Medium,Network,Resolved,14.0,4.0
CMP005948,7504-UWHNB,2024-08-11,Streaming Issue,Medium,Billing,Resolved,3.0,4.0
CMP005949,2582-FFFZR,2020-11-05,Service Outage,Medium,Customer Care,Resolved,1.0,5.0
CMP005950,5808-TOTXO,2020-01-18,Payment Issue,High,Network,Closed,2.0,4.0
CMP005951,6333-YDVLT,2022-06-06,Poor Network,Medium,Customer Care,In Progress,,
CMP005952,7394-LWLYN,2024-11-12,Streaming Issue,Medium,Network,Resolved,2.0,4.0
CMP005953,6873-UDNLD,2023-05-03,Slow Internet,Low,Network,Resolved,13.0,4.0
CMP005954,0958-YHXGP,2025-02-17,Frequent Disconnections,Low,Technical,Resolved,12.0,5.0
CMP005955,1101-SSWAG,2022-10-02,Poor Customer Support,High,Billing,Resolved,10.0,5.0
CMP005956,4194-FJARJ,2023-05-13,Slow Internet,High,Sales,In Progress,,
CMP005957,5325-UWTWJ,2024-03-06,Wrong Charges,Medium,Sales,Resolved,8.0,4.0
CMP005958,9208-OLGAQ,2025-07-04,Installation Delay,High,Billing,Resolved,11.0,4.0
CMP005959,9208-OLGAQ,2024-09-12,Service Outage,Low,Customer Care,Resolved,7.0,3.0
CMP005960,9708-HPXWZ,2020-07-27,Slow Internet,Medium,Technical,Open,,
CMP005961,6992-TKNYO,2025-03-14,Wrong Charges,Low,Customer Care,Resolved,1.0,4.0
CMP005962,4468-YDOVK,2025-10-07,Installation Delay,Low,Customer Care,Resolved,3.0,5.0
CMP005963,2200-DSAAL,2022-05-18,Frequent Disconnections,Medium,Customer Care,Closed,4.0,4.0
CMP005964,2200-DSAAL,2020-12-13,Installation Delay,Low,Technical,In Progress,,
CMP005965,4302-ZYFEL,2021-08-17,Payment Issue,Low,Network,Resolved,15.0,3.0
CMP005966,9351-LZYGF,2025-10-22,Poor Customer Support,Medium,Sales,Resolved,15.0,4.0
CMP005967,1518-OMDIK,2022-08-25,Payment Issue,Low,Network,In Progress,,
CMP005968,1518-OMDIK,2022-01-18,Frequent Disconnections,Medium,Customer Care,Open,,
CMP005969,6253-WRFHY,2025-03-09,Installation Delay,Medium,Billing,Open,,
CMP005970,9133-AYJZG,2021-03-25,Slow Internet,Medium,Billing,Resolved,15.0,5.0
CMP005971,8680-CGLTP,2025-01-25,Poor Network,Medium,Technical,In Progress,,
CMP005972,5018-GWURO,2024-08-25,Wrong Charges,Medium,Sales,Resolved,7.0,4.0
CMP005973,4781-ZXYGU,2025-06-03,Billing Complaint,High,Customer Care,Closed,1.0,4.0
CMP005974,7632-YUTXB,2020-01-05,Customer Support,Medium,Customer Care,Closed,12.0,3.0
CMP005975,9896-UYMIE,2020-10-24,Low Download Speed,Medium,Billing,Closed,14.0,5.0
CMP005976,0853-NWIFK,2023-12-25,Poor Network,Medium,Sales,Closed,3.0,5.0
CMP005977,0853-NWIFK,2024-08-03,Frequent Disconnections,Medium,Customer Care,Resolved,5.0,4.0
CMP005978,8212-CRQXP,2024-10-28,Service Outage,Low,Customer Care,Resolved,1.0,4.0
CMP005979,8212-CRQXP,2025-10-04,Slow Internet,Medium,Billing,Open,,
CMP005980,6980-CDGFC,2024-10-09,Billing Complaint,Medium,Customer Care,Closed,5.0,5.0
CMP005981,2277-VWCNI,2020-02-18,Billing Complaint,Low,Technical,Resolved,9.0,4.0
CMP005982,1482-OXZSY,2024-05-03,Slow Internet,Medium,Network,Open,,
CMP005983,0377-JBKKT,2025-09-08,Poor Customer Support,Low,Technical,Resolved,4.0,3.0
CMP005984,7663-YJHSN,2020-02-18,Installation Delay,Low,Customer Care,In Progress,,
CMP005985,4915-BFSXL,2020-07-06,Installation Delay,Low,Technical,In Progress,,
CMP005986,4915-BFSXL,2023-01-25,Installation Delay,High,Technical,Open,,
CMP005987,3086-RUCRN,2020-12-13,Installation Delay,Medium,Network,Resolved,7.0,5.0
CMP005988,5215-LNLDJ,2025-12-11,Streaming Issue,Medium,Sales,Resolved,8.0,3.0
CMP005989,5215-LNLDJ,2025-09-08,Slow Internet,Medium,Customer Care,In Progress,,
CMP005990,0257-KXZGU,2024-11-24,Billing Complaint,Medium,Billing,Resolved,7.0,3.0
CMP005991,1307-ATKGB,2021-01-22,Poor Network,Medium,Customer Care,Resolved,4.0,4.0
CMP005992,1307-ATKGB,2025-01-02,Wrong Charges,Medium,Billing,Resolved,12.0,3.0
CMP005993,1850-AKQEP,2022-12-24,Customer Support,Medium,Network,Closed,6.0,5.0
CMP005994,2824-DXNKN,2023-09-04,Billing Complaint,Medium,Network,Open,,
CMP005995,2824-DXNKN,2022-09-13,Installation Delay,Medium,Billing,In Progress,,
CMP005996,0848-ZGQIJ,2021-06-07,Service Outage,Medium,Customer Care,In Progress,,
CMP005997,0848-ZGQIJ,2020-09-14,Streaming Issue,Medium,Customer Care,Resolved,13.0,4.0
CMP005998,3621-CHYVB,2021-06-12,Slow Internet,Medium,Technical,In Progress,,
CMP005999,6217-TOWGS,2025-01-22,Installation Delay,Medium,Network,Resolved,13.0,3.0
CMP006000,6217-TOWGS,2023-05-07,Call Drop,Medium,Technical,Resolved,2.0,3.0
CMP006001,1045-LTCYT,2022-09-18,Customer Support,High,Network,In Progress,,
CMP006002,1544-JJMYL,2020-11-03,Service Outage,Low,Customer Care,Closed,9.0,3.0
CMP006003,3059-NGMXB,2020-02-07,Payment Issue,Low,Billing,Resolved,13.0,3.0
CMP006004,3059-NGMXB,2023-12-05,Installation Delay,Medium,Technical,Resolved,6.0,5.0
CMP006005,8652-YHIYU,2020-10-03,Wrong Charges,Low,Technical,Open,,
CMP006006,3486-HOOGQ,2025-03-18,Poor Network,Medium,Sales,Open,,
CMP006007,5061-PBXFW,2025-04-12,Call Drop,Medium,Technical,Resolved,6.0,5.0
CMP006008,8630-FJLIB,2025-05-11,Call Drop,Medium,Network,Resolved,5.0,5.0
CMP006009,8630-FJLIB,2023-09-20,Payment Issue,Medium,Sales,Open,,
CMP006010,4749-OJKQU,2023-07-04,Frequent Disconnections,Medium,Sales,Resolved,6.0,4.0
CMP006011,4749-OJKQU,2021-12-17,Billing Complaint,Medium,Billing,In Progress,,
CMP006012,3639-XJHKQ,2024-10-05,Frequent Disconnections,Medium,Sales,Resolved,3.0,3.0
CMP006013,3639-XJHKQ,2020-11-10,Low Download Speed,Low,Sales,Resolved,8.0,5.0
CMP006014,9950-MTGYX,2025-04-07,Customer Support,Medium,Technical,Resolved,12.0,3.0
CMP006015,3397-AVTKU,2021-12-14,Service Outage,High,Billing,Closed,3.0,4.0
CMP006016,4825-FUREZ,2024-04-22,Billing Complaint,Medium,Network,Resolved,15.0,3.0
CMP006017,7821-DPRQE,2023-05-14,Streaming Issue,Low,Network,Resolved,11.0,4.0
CMP006018,1608-GMEWB,2025-06-01,Poor Network,Low,Billing,Resolved,4.0,3.0
CMP006019,1608-GMEWB,2025-09-17,Call Drop,Low,Sales,Closed,2.0,3.0
CMP006020,8410-BGQXN,2022-06-11,Customer Support,Low,Network,Resolved,15.0,4.0
CMP006021,0365-GXEZS,2020-08-26,Poor Network,Low,Technical,Resolved,9.0,5.0
CMP006022,0082-OQIQY,2023-11-08,Billing Complaint,Medium,Network,Resolved,13.0,4.0
CMP006023,6893-ODYYE,2023-10-16,Call Drop,Medium,Customer Care,Closed,11.0,3.0
CMP006024,8242-JSVBO,2020-09-21,Installation Delay,Medium,Sales,Closed,14.0,4.0
CMP006025,9541-ZPSEA,2022-05-26,Frequent Disconnections,Medium,Technical,Closed,6.0,5.0
CMP006026,1139-WUOAH,2023-10-14,Payment Issue,Medium,Customer Care,Resolved,9.0,4.0
CMP006027,4693-VWVBO,2020-08-25,Payment Issue,Medium,Technical,In Progress,,
CMP006028,6937-GCDGQ,2021-07-12,Poor Network,High,Technical,Open,,
CMP006029,6937-GCDGQ,2020-12-16,Slow Internet,Low,Network,Closed,10.0,5.0
CMP006030,5075-JSDKI,2024-01-05,Billing Complaint,Medium,Billing,Open,,
CMP006031,8644-XYTSV,2022-04-16,Installation Delay,Medium,Network,Resolved,2.0,5.0
CMP006032,8644-XYTSV,2025-07-13,Frequent Disconnections,Low,Billing,Resolved,15.0,5.0
CMP006033,3873-WOSBC,2020-05-08,Customer Support,High,Customer Care,Closed,12.0,5.0
CMP006034,7465-ZZRVX,2020-12-08,Streaming Issue,Low,Sales,Closed,10.0,3.0
CMP006035,7465-ZZRVX,2023-07-17,Frequent Disconnections,High,Network,Closed,4.0,3.0
CMP006036,7251-XFOIL,2020-05-12,Billing Complaint,Medium,Network,Resolved,4.0,5.0
CMP006037,7251-XFOIL,2025-08-05,Slow Internet,Medium,Sales,Closed,2.0,5.0
CMP006038,4116-IQRFR,2023-04-18,Billing Complaint,Low,Customer Care,Resolved,14.0,3.0
CMP006039,8259-DZLIZ,2024-03-26,Payment Issue,Medium,Sales,Closed,6.0,3.0
CMP006040,8259-DZLIZ,2022-03-22,Slow Internet,Low,Sales,Closed,5.0,5.0
CMP006041,0442-ZXKVS,2023-04-11,Installation Delay,Medium,Sales,In Progress,,
CMP006042,0967-BMLBD,2023-06-26,Customer Support,Medium,Billing,Resolved,7.0,4.0
CMP006043,2830-LEWOA,2025-11-03,Low Download Speed,High,Technical,Open,,
CMP006044,7797-EJMDP,2020-01-16,Low Download Speed,Medium,Customer Care,Resolved,4.0,3.0
CMP006045,3956-MGXOG,2022-01-26,Poor Network,Medium,Billing,In Progress,,
CMP006046,3956-MGXOG,2022-10-02,Slow Internet,Medium,Network,In Progress,,
CMP006047,9274-UARKJ,2021-11-12,Poor Customer Support,Low,Billing,Resolved,8.0,3.0
CMP006048,9274-UARKJ,2025-06-17,Streaming Issue,Medium,Billing,Resolved,12.0,5.0
CMP006049,0103-CSITQ,2023-05-22,Installation Delay,Low,Network,Resolved,6.0,5.0
CMP006050,9518-XXBXE,2023-04-06,Slow Internet,Medium,Billing,Closed,5.0,5.0
CMP006051,0423-UDIJQ,2023-04-02,Low Download Speed,Low,Network,Open,,
CMP006052,1945-XISKS,2024-03-13,Payment Issue,Low,Billing,Resolved,15.0,5.0
CMP006053,5360-LJCNJ,2023-09-26,Payment Issue,Low,Technical,Closed,4.0,4.0
CMP006054,5360-LJCNJ,2021-08-26,Service Outage,High,Customer Care,Closed,11.0,3.0
CMP006055,2607-FBDFF,2021-02-11,Low Download Speed,Low,Customer Care,Closed,13.0,3.0
CMP006056,6728-WYQBC,2021-02-17,Billing Complaint,Low,Network,Open,,
CMP006057,9029-FEGVJ,2020-02-17,Installation Delay,Medium,Customer Care,Resolved,14.0,4.0
CMP006058,9029-FEGVJ,2023-11-07,Low Download Speed,Medium,Customer Care,Resolved,12.0,3.0
CMP006059,5339-TJFEK,2020-07-11,Poor Network,Low,Customer Care,Resolved,7.0,3.0
CMP006060,5339-TJFEK,2023-04-04,Streaming Issue,Medium,Network,Resolved,3.0,3.0
CMP006061,2074-GUHPQ,2021-05-03,Slow Internet,Medium,Billing,Resolved,2.0,3.0
CMP006062,4625-XMOYM,2022-07-21,Customer Support,Medium,Sales,Open,,
CMP006063,1385-TQOZW,2022-09-26,Payment Issue,Low,Technical,Resolved,1.0,4.0
CMP006064,4329-YPDDQ,2025-08-19,Frequent Disconnections,Medium,Technical,In Progress,,
CMP006065,4804-NCPET,2021-11-27,Payment Issue,Medium,Sales,Resolved,4.0,3.0
CMP006066,7787-BNTZM,2020-10-28,Payment Issue,Low,Sales,Closed,13.0,5.0
CMP006067,9415-TPKRV,2025-03-14,Call Drop,Medium,Technical,Resolved,11.0,5.0
CMP006068,9415-TPKRV,2021-07-11,Call Drop,Medium,Billing,Open,,
CMP006069,5322-TEUJK,2022-10-10,Streaming Issue,High,Technical,Resolved,10.0,3.0
CMP006070,1386-ZIKUV,2021-07-13,Payment Issue,Medium,Sales,Closed,14.0,3.0
CMP006071,0599-XNYDO,2025-02-04,Billing Complaint,Medium,Technical,In Progress,,
CMP006072,6377-WHAOX,2025-08-09,Low Download Speed,Low,Customer Care,In Progress,,
CMP006073,6855-VLGOS,2020-01-18,Payment Issue,Low,Network,Closed,15.0,3.0
CMP006074,7766-CLTIC,2021-08-09,Installation Delay,Medium,Technical,In Progress,,
CMP006075,5650-YLIBA,2023-08-02,Poor Customer Support,Low,Technical,Closed,8.0,5.0
CMP006076,5650-YLIBA,2022-01-15,Wrong Charges,Medium,Technical,Resolved,10.0,5.0
CMP006077,6122-LJADA,2025-05-17,Billing Complaint,Medium,Billing,Closed,12.0,4.0
CMP006078,2400-XIWIO,2025-02-10,Poor Network,Medium,Customer Care,Resolved,13.0,4.0
CMP006079,5201-USSQZ,2022-12-07,Payment Issue,Low,Customer Care,Resolved,15.0,5.0
CMP006080,2105-PHWON,2024-02-28,Poor Network,Medium,Billing,Closed,13.0,5.0
CMP006081,1897-RCFUM,2025-07-23,Payment Issue,Low,Billing,In Progress,,
CMP006082,9256-JTBNZ,2021-12-20,Customer Support,Medium,Sales,Open,,
CMP006083,2211-RMNHO,2020-07-17,Slow Internet,Medium,Sales,In Progress,,
CMP006084,2432-TFSMK,2025-02-15,Slow Internet,Low,Network,Resolved,11.0,5.0
CMP006085,2432-TFSMK,2022-07-15,Low Download Speed,Low,Billing,Resolved,6.0,5.0
CMP006086,1834-ABKHQ,2023-02-04,Service Outage,Medium,Network,In Progress,,
CMP006087,3932-IJWDZ,2025-12-10,Billing Complaint,High,Technical,Closed,13.0,3.0
CMP006088,8065-BVEPF,2024-07-14,Installation Delay,Medium,Technical,Closed,8.0,5.0
CMP006089,0813-TAXXS,2025-02-26,Poor Network,Low,Sales,Resolved,5.0,5.0
CMP006090,0813-TAXXS,2023-09-23,Streaming Issue,Low,Billing,In Progress,,
CMP006091,0626-QXNGV,2025-09-14,Customer Support,Medium,Customer Care,Open,,
CMP006092,4732-RRJZC,2021-09-28,Billing Complaint,High,Sales,Resolved,12.0,3.0
CMP006093,4338-EYCER,2020-03-24,Low Download Speed,Medium,Billing,Closed,12.0,5.0
CMP006094,4338-EYCER,2022-05-01,Call Drop,High,Billing,In Progress,,
CMP006095,8513-OLYGY,2022-03-17,Service Outage,Medium,Network,Resolved,5.0,3.0
CMP006096,0311-QYWSS,2020-02-03,Billing Complaint,Low,Billing,Resolved,7.0,5.0
CMP006097,0311-QYWSS,2022-08-20,Poor Network,High,Technical,Open,,
CMP006098,8705-DWKTI,2021-03-01,Wrong Charges,Low,Billing,Closed,3.0,5.0
CMP006099,8755-IWJHN,2021-11-01,Poor Customer Support,Medium,Customer Care,Open,,
CMP006100,3680-CTHUH,2021-06-12,Billing Complaint,High,Customer Care,Resolved,7.0,5.0
CMP006101,1820-DJFPH,2020-01-18,Customer Support,Low,Network,Open,,
CMP006102,9426-SXNHE,2022-11-05,Payment Issue,Medium,Sales,Open,,
CMP006103,9068-FHQHD,2020-05-25,Billing Complaint,Medium,Sales,Closed,15.0,4.0
CMP006104,7402-EYFXX,2024-10-17,Low Download Speed,High,Sales,In Progress,,
CMP006105,7402-EYFXX,2025-06-02,Call Drop,High,Technical,In Progress,,
CMP006106,9895-VFOXH,2022-11-01,Streaming Issue,Low,Sales,Resolved,4.0,5.0
CMP006107,1230-QAJDW,2020-11-14,Wrong Charges,High,Technical,Closed,2.0,4.0
CMP006108,5701-ZIKJE,2025-11-08,Service Outage,High,Sales,Resolved,11.0,4.0
CMP006109,7396-VJUZB,2023-04-03,Poor Customer Support,Low,Customer Care,Open,,
CMP006110,9717-QEBGU,2020-12-24,Streaming Issue,Low,Customer Care,In Progress,,
CMP006111,5172-RKOCB,2022-08-14,Wrong Charges,High,Technical,Closed,9.0,4.0
CMP006112,4530-NDRKU,2021-04-15,Payment Issue,Medium,Network,Resolved,3.0,3.0
CMP006113,6743-HHQPF,2020-02-25,Low Download Speed,High,Technical,In Progress,,
CMP006114,8455-HIRAQ,2023-12-10,Slow Internet,Medium,Customer Care,Resolved,14.0,4.0
CMP006115,6616-AALSR,2020-04-11,Slow Internet,Medium,Network,In Progress,,
CMP006116,9415-ZNBSX,2023-09-10,Slow Internet,Low,Customer Care,Closed,7.0,5.0
CMP006117,5537-UXXVS,2024-03-04,Customer Support,Low,Technical,Resolved,12.0,5.0
CMP006118,1791-PQHBB,2022-09-25,Payment Issue,Medium,Sales,Closed,8.0,3.0
CMP006119,8701-DGLVH,2025-01-27,Customer Support,High,Technical,In Progress,,
CMP006120,8741-LQOBK,2024-09-21,Low Download Speed,Medium,Network,Resolved,5.0,4.0
CMP006121,0980-FEXWF,2024-08-13,Slow Internet,High,Customer Care,In Progress,,
CMP006122,3011-WQKSZ,2025-09-21,Customer Support,Medium,Billing,Resolved,15.0,3.0
CMP006123,1986-PHGZF,2020-02-18,Streaming Issue,Low,Sales,Resolved,13.0,4.0
CMP006124,1986-PHGZF,2024-03-12,Frequent Disconnections,Low,Billing,Resolved,2.0,3.0
CMP006125,9360-OMDZZ,2024-10-24,Streaming Issue,Low,Technical,Resolved,8.0,4.0
CMP006126,9360-OMDZZ,2022-11-02,Frequent Disconnections,Low,Technical,Resolved,12.0,5.0
CMP006127,8024-XNAFQ,2020-10-21,Frequent Disconnections,Medium,Sales,Open,,
CMP006128,0265-PSUAE,2025-04-09,Slow Internet,Medium,Customer Care,Resolved,4.0,3.0
CMP006129,0463-TXOAK,2023-01-23,Payment Issue,Medium,Technical,In Progress,,
CMP006130,0129-KPTWJ,2025-04-06,Poor Customer Support,Low,Technical,Resolved,14.0,3.0
CMP006131,5855-EIBDE,2021-08-27,Wrong Charges,Low,Technical,Closed,1.0,5.0
CMP006132,5956-YHHRX,2023-04-26,Frequent Disconnections,High,Customer Care,Resolved,13.0,5.0
CMP006133,1928-BXYIV,2021-08-19,Call Drop,High,Sales,Open,,
CMP006134,1928-BXYIV,2024-12-05,Call Drop,Medium,Network,Resolved,2.0,3.0
CMP006135,5760-FXFVO,2025-02-03,Poor Network,Medium,Network,Resolved,10.0,5.0
CMP006136,5760-FXFVO,2025-05-28,Poor Network,Low,Technical,In Progress,,
CMP006137,7816-VGHTO,2022-03-09,Call Drop,Medium,Customer Care,Resolved,4.0,4.0
CMP006138,5871-DGTXZ,2021-06-13,Billing Complaint,Medium,Network,In Progress,,
CMP006139,7550-WIQVA,2023-08-27,Service Outage,Medium,Network,In Progress,,
CMP006140,7550-WIQVA,2021-06-10,Installation Delay,Low,Sales,Resolved,2.0,4.0
CMP006141,7508-DQAKK,2020-05-19,Installation Delay,Medium,Billing,Open,,
CMP006142,5176-OLSKT,2020-03-26,Streaming Issue,High,Sales,Closed,1.0,4.0
CMP006143,9356-AXGMP,2025-07-02,Installation Delay,Medium,Sales,Resolved,1.0,4.0
CMP006144,3556-BVQGL,2022-09-23,Billing Complaint,Medium,Technical,Resolved,15.0,3.0
CMP006145,7581-EBBOU,2022-08-01,Service Outage,Medium,Network,Closed,14.0,4.0
CMP006146,2192-CKRLV,2022-03-08,Service Outage,Low,Technical,Resolved,1.0,5.0
CMP006147,6119-SPUDB,2020-09-12,Service Outage,Medium,Customer Care,In Progress,,
CMP006148,1052-QJIBV,2024-08-26,Customer Support,Medium,Sales,Resolved,6.0,5.0
CMP006149,1319-YLZJG,2021-03-18,Frequent Disconnections,Medium,Technical,Closed,14.0,4.0
CMP006150,0723-FDLAY,2023-04-19,Streaming Issue,Medium,Customer Care,Open,,
CMP006151,9298-WGMRW,2022-01-16,Low Download Speed,High,Customer Care,Resolved,14.0,5.0
CMP006152,3088-LHEFH,2021-03-16,Payment Issue,Low,Customer Care,Resolved,5.0,3.0
CMP006153,3088-LHEFH,2024-12-16,Poor Customer Support,Low,Billing,Closed,11.0,3.0
CMP006154,8544-JNBOX,2025-09-17,Customer Support,High,Customer Care,Resolved,7.0,4.0
CMP006155,6139-ZZRBQ,2025-07-05,Billing Complaint,Medium,Billing,Open,,
CMP006156,6116-RFVHN,2022-10-07,Frequent Disconnections,Medium,Network,In Progress,,
CMP006157,8884-FEEWR,2023-09-04,Customer Support,Low,Sales,Open,,
CMP006158,8849-AYPTR,2021-04-14,Payment Issue,Low,Sales,In Progress,,
CMP006159,9518-IMLHK,2024-11-10,Slow Internet,Low,Technical,Open,,
CMP006160,3646-ITDGM,2023-05-09,Payment Issue,Low,Technical,In Progress,,
CMP006161,3569-VLDHH,2021-11-10,Poor Customer Support,Low,Sales,Open,,
CMP006162,8224-KDLKN,2021-03-02,Customer Support,High,Customer Care,Closed,13.0,4.0
CMP006163,7594-LZNWR,2025-12-16,Slow Internet,Medium,Customer Care,Resolved,15.0,5.0
CMP006164,4001-TSBTV,2024-09-21,Streaming Issue,Low,Customer Care,In Progress,,
CMP006165,4001-TSBTV,2020-08-06,Slow Internet,Medium,Network,In Progress,,
CMP006166,8727-XDPUD,2020-08-18,Streaming Issue,Medium,Technical,In Progress,,
CMP006167,1064-FBXNK,2023-10-10,Billing Complaint,Low,Customer Care,Open,,
CMP006168,2878-DHMIN,2024-08-17,Payment Issue,Medium,Sales,Open,,
CMP006169,7762-ONLJY,2020-11-17,Payment Issue,Medium,Customer Care,Closed,9.0,5.0
CMP006170,5795-BKOYE,2020-06-13,Slow Internet,Medium,Customer Care,Resolved,8.0,5.0
CMP006171,7402-PWYJJ,2024-12-06,Installation Delay,High,Network,In Progress,,
CMP006172,0018-NYROU,2021-08-17,Billing Complaint,Low,Billing,Resolved,3.0,5.0
CMP006173,7501-VTYLJ,2024-04-21,Service Outage,Medium,Technical,In Progress,,
CMP006174,7501-VTYLJ,2024-07-01,Service Outage,Low,Technical,Resolved,11.0,3.0
CMP006175,7608-RGIRO,2024-10-07,Payment Issue,Low,Technical,Resolved,2.0,3.0
CMP006176,0480-BIXDE,2024-04-12,Poor Customer Support,High,Network,Resolved,14.0,4.0
CMP006177,0480-BIXDE,2024-06-03,Poor Customer Support,Medium,Technical,Resolved,10.0,3.0
CMP006178,9814-AOUDH,2022-08-02,Customer Support,Medium,Technical,In Progress,,
CMP006179,6175-IRFIT,2023-10-03,Slow Internet,High,Technical,In Progress,,
CMP006180,1622-HSHSF,2025-09-18,Billing Complaint,Low,Sales,Resolved,1.0,3.0
CMP006181,6749-UTDVX,2022-09-24,Service Outage,High,Sales,In Progress,,
CMP006182,5542-DHSXL,2022-12-17,Payment Issue,Low,Network,Resolved,4.0,3.0
CMP006183,9102-OXKFY,2023-12-02,Installation Delay,Medium,Billing,In Progress,,
CMP006184,9102-OXKFY,2020-03-07,Service Outage,High,Customer Care,Resolved,2.0,3.0
CMP006185,5216-WASFJ,2020-08-23,Billing Complaint,Medium,Customer Care,Resolved,11.0,3.0
CMP006186,3807-BPOMJ,2023-01-22,Streaming Issue,Low,Network,Open,,
CMP006187,3807-BPOMJ,2020-03-10,Low Download Speed,Low,Sales,Resolved,3.0,5.0
CMP006188,3892-NXAZG,2021-10-25,Streaming Issue,Medium,Customer Care,Closed,3.0,4.0
CMP006189,4948-WBBKL,2024-07-28,Billing Complaint,High,Billing,Open,,
CMP006190,4948-WBBKL,2025-01-19,Poor Customer Support,Low,Technical,Open,,
CMP006191,4182-BGSIQ,2025-11-01,Payment Issue,Low,Technical,Open,,
CMP006192,3717-LNXKW,2021-08-11,Billing Complaint,Medium,Network,Resolved,8.0,5.0
CMP006193,3717-LNXKW,2022-03-05,Billing Complaint,High,Network,Resolved,3.0,5.0
CMP006194,5734-EJKXG,2020-06-07,Low Download Speed,High,Network,In Progress,,
CMP006195,9695-IDRZR,2023-08-09,Installation Delay,Medium,Technical,Resolved,10.0,5.0
CMP006196,7814-LEEVE,2020-09-08,Billing Complaint,Medium,Billing,Open,,
CMP006197,6654-QGBZZ,2022-09-13,Billing Complaint,Low,Customer Care,Resolved,14.0,5.0
CMP006198,5641-DMBFJ,2021-07-21,Slow Internet,Medium,Billing,Resolved,6.0,5.0
CMP006199,3339-EAQNV,2024-05-24,Low Download Speed,Medium,Sales,In Progress,,
CMP006200,3339-EAQNV,2023-04-05,Installation Delay,Medium,Sales,In Progress,,
CMP006201,1600-DILPE,2023-07-04,Service Outage,High,Billing,Closed,4.0,5.0
CMP006202,4654-GGUII,2022-12-04,Poor Network,Low,Technical,Resolved,6.0,3.0
CMP006203,8510-BBWMU,2022-09-15,Payment Issue,High,Network,In Progress,,
CMP006204,6857-TKDJV,2022-10-18,Payment Issue,Low,Network,Resolved,1.0,3.0
CMP006205,2360-RDGRO,2024-12-02,Billing Complaint,Low,Billing,Resolved,7.0,4.0
CMP006206,0584-BJQGZ,2020-07-07,Wrong Charges,Medium,Billing,Open,,
CMP006207,1360-XFJMR,2025-10-18,Frequent Disconnections,Low,Technical,Resolved,4.0,5.0
CMP006208,5730-RIITO,2021-06-27,Call Drop,Low,Customer Care,In Progress,,
CMP006209,5730-RIITO,2020-09-14,Poor Customer Support,Low,Billing,Resolved,13.0,3.0
CMP006210,0902-XKXPN,2022-02-25,Customer Support,Medium,Sales,Resolved,13.0,5.0
CMP006211,8993-IZEUX,2020-06-24,Frequent Disconnections,Low,Sales,Resolved,10.0,5.0
CMP006212,8993-IZEUX,2022-02-06,Service Outage,Low,Technical,Resolved,7.0,5.0
CMP006213,8190-ZTQFB,2023-06-05,Poor Customer Support,Medium,Customer Care,Resolved,11.0,4.0
CMP006214,0440-UEDAI,2024-02-28,Slow Internet,Low,Technical,Closed,12.0,4.0
CMP006215,1337-BOZWO,2021-05-26,Billing Complaint,Medium,Technical,In Progress,,
CMP006216,1337-BOZWO,2022-01-22,Installation Delay,Low,Technical,In Progress,,
CMP006217,6344-SFJVH,2025-12-20,Poor Network,Medium,Network,Closed,1.0,5.0
CMP006218,3950-VPYJB,2024-12-21,Low Download Speed,Low,Customer Care,In Progress,,
CMP006219,6941-KXRRV,2025-12-13,Low Download Speed,Low,Network,Open,,
CMP006220,6941-KXRRV,2024-09-04,Low Download Speed,High,Technical,Resolved,1.0,4.0
CMP006221,8727-JQFHV,2022-05-14,Billing Complaint,Medium,Network,Closed,9.0,5.0
CMP006222,1355-KUSBG,2023-12-09,Installation Delay,Low,Billing,Resolved,10.0,3.0
CMP006223,3688-FTHLT,2025-07-21,Frequent Disconnections,Low,Technical,Open,,
CMP006224,0899-LIIBW,2021-05-10,Billing Complaint,Medium,Sales,Resolved,6.0,5.0
CMP006225,1384-RCUXW,2023-09-18,Payment Issue,Low,Billing,Resolved,4.0,5.0
CMP006226,1384-RCUXW,2020-06-23,Payment Issue,Low,Technical,Resolved,4.0,5.0
CMP006227,8125-QPFJD,2023-08-04,Poor Network,Medium,Technical,Resolved,11.0,4.0
CMP006228,4973-RLZVI,2023-05-13,Streaming Issue,High,Billing,Resolved,4.0,3.0
CMP006229,4501-UYKBC,2021-11-23,Frequent Disconnections,Low,Customer Care,Closed,7.0,5.0
CMP006230,2359-KLTEK,2023-11-01,Slow Internet,Medium,Customer Care,Open,,
CMP006231,5304-EFJLP,2024-10-03,Poor Network,High,Sales,Closed,3.0,3.0
CMP006232,4393-RYCRE,2025-10-08,Payment Issue,Medium,Billing,Open,,
CMP006233,9746-MDMBK,2025-02-07,Billing Complaint,Medium,Billing,Closed,13.0,3.0
CMP006234,8404-GFGCZ,2020-10-04,Streaming Issue,Low,Customer Care,Resolved,10.0,5.0
CMP006235,8875-AKBYH,2022-12-17,Low Download Speed,Medium,Network,Resolved,9.0,3.0
CMP006236,8875-AKBYH,2023-02-15,Installation Delay,Medium,Billing,Resolved,12.0,4.0
CMP006237,0533-UCAAU,2024-02-07,Wrong Charges,Medium,Sales,Closed,11.0,3.0
CMP006238,0533-UCAAU,2024-08-26,Poor Customer Support,High,Network,Open,,
CMP006239,1394-SUIUH,2024-07-16,Payment Issue,Medium,Billing,Open,,
CMP006240,0114-PEGZZ,2023-12-18,Installation Delay,Medium,Customer Care,Resolved,12.0,3.0
CMP006241,0114-PEGZZ,2023-09-18,Poor Network,High,Technical,In Progress,,
CMP006242,7161-DFHUF,2021-02-25,Payment Issue,Medium,Customer Care,Resolved,3.0,5.0
CMP006243,3720-DBRWL,2025-12-12,Payment Issue,Low,Technical,Closed,2.0,3.0
CMP006244,8565-WUXZU,2021-10-28,Service Outage,High,Network,Closed,13.0,5.0
CMP006245,4994-OBRSZ,2023-12-06,Payment Issue,Medium,Customer Care,Closed,4.0,3.0
CMP006246,0562-FGDCR,2022-10-27,Payment Issue,Low,Billing,Resolved,8.0,5.0
CMP006247,6582-PLFUU,2024-12-14,Payment Issue,Low,Technical,Resolved,12.0,4.0
CMP006248,8242-PDSGJ,2022-02-24,Call Drop,Low,Network,Resolved,3.0,5.0
CMP006249,7839-NUIAA,2021-01-19,Service Outage,Medium,Billing,In Progress,,
CMP006250,7839-NUIAA,2023-03-07,Streaming Issue,Low,Customer Care,Resolved,10.0,4.0
CMP006251,5966-EMAZU,2025-11-27,Call Drop,Medium,Network,In Progress,,
CMP006252,0440-EKDCF,2024-10-04,Wrong Charges,Medium,Billing,Resolved,4.0,5.0
CMP006253,8180-AKMJV,2025-11-10,Streaming Issue,Low,Network,Resolved,8.0,4.0
CMP006254,5566-SOEZD,2025-09-26,Frequent Disconnections,Low,Technical,In Progress,,
CMP006255,5566-SOEZD,2024-10-07,Payment Issue,Medium,Sales,Open,,
CMP006256,9842-EFSYY,2020-01-17,Billing Complaint,Low,Technical,Open,,
CMP006257,4584-LBNMK,2023-06-02,Customer Support,Low,Technical,Open,,
CMP006258,9975-SKRNR,2021-01-27,Billing Complaint,Low,Billing,Resolved,14.0,5.0
CMP006259,3703-KBKZP,2022-08-03,Billing Complaint,Low,Network,Closed,7.0,3.0
CMP006260,3703-KBKZP,2020-10-02,Call Drop,Low,Billing,Resolved,9.0,3.0
CMP006261,3682-YEUWS,2020-05-07,Payment Issue,Low,Sales,Resolved,10.0,4.0
CMP006262,7379-FNIUJ,2021-09-20,Call Drop,Medium,Billing,Open,,
CMP006263,7379-FNIUJ,2024-01-23,Service Outage,Medium,Billing,In Progress,,
CMP006264,1627-AFWVJ,2021-08-16,Billing Complaint,Medium,Network,Resolved,2.0,4.0
CMP006265,0060-FUALY,2020-08-27,Streaming Issue,Low,Billing,Resolved,10.0,3.0
CMP006266,3097-IDVPU,2020-08-06,Poor Customer Support,Medium,Sales,Resolved,12.0,4.0
CMP006267,3097-IDVPU,2021-12-17,Payment Issue,Medium,Technical,Resolved,3.0,5.0
CMP006268,2197-OMWGI,2024-03-04,Low Download Speed,Medium,Technical,Resolved,5.0,5.0
CMP006269,2197-OMWGI,2022-09-19,Billing Complaint,Medium,Network,Closed,1.0,5.0
CMP006270,9795-VOWON,2025-12-10,Poor Customer Support,Low,Billing,Resolved,10.0,3.0
CMP006271,9795-VOWON,2022-06-13,Streaming Issue,Low,Billing,Resolved,8.0,4.0
CMP006272,7852-LECYP,2020-01-02,Wrong Charges,Medium,Billing,Closed,14.0,4.0
CMP006273,7852-LECYP,2023-03-09,Slow Internet,Low,Billing,Closed,4.0,3.0
CMP006274,4822-LPTYJ,2024-08-26,Billing Complaint,Low,Customer Care,Closed,13.0,4.0
CMP006275,4822-LPTYJ,2022-04-10,Slow Internet,High,Customer Care,In Progress,,
CMP006276,6527-PZFPV,2020-12-06,Payment Issue,Low,Customer Care,Closed,1.0,4.0
CMP006277,5236-XMZJY,2025-04-23,Low Download Speed,Medium,Customer Care,Open,,
CMP006278,4827-DPADN,2022-01-21,Frequent Disconnections,Low,Sales,Resolved,1.0,3.0
CMP006279,2694-CIUMO,2020-08-05,Installation Delay,Medium,Technical,In Progress,,
CMP006280,1439-LCGVL,2020-05-04,Payment Issue,Low,Customer Care,Closed,4.0,3.0
CMP006281,0909-SDHNU,2023-10-19,Slow Internet,Medium,Billing,In Progress,,
CMP006282,4647-XXZAM,2020-06-09,Billing Complaint,Low,Customer Care,In Progress,,
CMP006283,3557-HTYWR,2020-05-17,Call Drop,Medium,Sales,Resolved,1.0,4.0
CMP006284,1699-TLDLZ,2024-02-20,Billing Complaint,High,Sales,Closed,2.0,5.0
CMP006285,9150-KPBJQ,2021-10-15,Billing Complaint,Low,Billing,Closed,12.0,3.0
CMP006286,0052-DCKON,2022-06-19,Payment Issue,Medium,Sales,Open,,
CMP006287,3654-ARMGP,2025-04-19,Installation Delay,Medium,Customer Care,Open,,
CMP006288,9699-UBQFS,2024-10-04,Poor Network,Low,Network,Closed,12.0,4.0
CMP006289,9699-UBQFS,2020-02-25,Call Drop,Medium,Customer Care,Resolved,14.0,4.0
CMP006290,9367-TCUYN,2021-10-28,Payment Issue,High,Network,Open,,
CMP006291,1261-FWTTE,2023-05-23,Billing Complaint,Medium,Network,Resolved,1.0,5.0
CMP006292,1261-FWTTE,2025-04-12,Billing Complaint,Low,Billing,Resolved,12.0,5.0
CMP006293,3528-HFRIQ,2021-02-06,Poor Network,High,Customer Care,Open,,
CMP006294,0708-SJDIS,2020-12-24,Poor Network,Medium,Billing,Resolved,8.0,5.0
CMP006295,2073-QBVBI,2023-04-28,Call Drop,High,Customer Care,Resolved,1.0,3.0
CMP006296,3320-VEOYC,2024-09-22,Low Download Speed,Low,Technical,Resolved,5.0,5.0
CMP006297,5231-FIQPA,2023-09-22,Payment Issue,High,Billing,Resolved,4.0,4.0
CMP006298,6617-WLBQC,2025-05-25,Poor Customer Support,Low,Technical,Resolved,11.0,5.0
CMP006299,7326-RIGQZ,2022-04-23,Installation Delay,High,Network,In Progress,,
CMP006300,0254-FNMCI,2021-12-28,Payment Issue,Low,Sales,Resolved,1.0,4.0
CMP006301,1848-LBZHY,2022-05-06,Payment Issue,Low,Technical,Resolved,14.0,4.0
CMP006302,8118-TJAFG,2022-01-13,Low Download Speed,Medium,Network,Resolved,12.0,3.0
CMP006303,5429-LWCMV,2025-10-02,Streaming Issue,Medium,Sales,Resolved,12.0,4.0
CMP006304,3955-JBZZM,2022-09-19,Wrong Charges,Low,Billing,Open,,
CMP006305,4815-TUMEQ,2024-11-10,Customer Support,Low,Billing,Closed,12.0,3.0
CMP006306,9909-IDLEK,2022-11-01,Payment Issue,Low,Network,Open,,
CMP006307,4092-OFQZS,2024-11-11,Payment Issue,Medium,Customer Care,Resolved,15.0,3.0
CMP006308,1561-BWHIN,2022-04-02,Customer Support,Medium,Customer Care,Closed,4.0,4.0
CMP006309,9927-DSWDF,2024-04-28,Billing Complaint,Low,Technical,Resolved,1.0,3.0
CMP006310,9500-LTVBP,2023-02-21,Payment Issue,Low,Billing,Open,,
CMP006311,7252-NTGSS,2022-10-27,Slow Internet,Low,Technical,In Progress,,
CMP006312,8149-AIQCG,2023-04-22,Payment Issue,Medium,Sales,Resolved,11.0,3.0
CMP006313,0899-WZRSD,2023-04-20,Poor Customer Support,Low,Network,Closed,8.0,4.0
CMP006314,3255-GRXMG,2021-10-11,Service Outage,Medium,Technical,Open,,
CMP006315,3255-GRXMG,2020-01-07,Call Drop,Medium,Billing,Closed,14.0,4.0
CMP006316,3262-EIDHV,2021-10-24,Installation Delay,Medium,Technical,Resolved,9.0,4.0
CMP006317,7354-OIJLX,2025-04-23,Low Download Speed,High,Customer Care,Resolved,8.0,4.0
CMP006318,7354-OIJLX,2023-03-19,Wrong Charges,High,Technical,Resolved,7.0,3.0
CMP006319,1376-HHBDV,2024-07-07,Frequent Disconnections,Medium,Sales,Resolved,13.0,4.0
CMP006320,6892-BOGQE,2021-07-07,Payment Issue,Medium,Technical,Closed,7.0,3.0
CMP006321,1746-TGTWV,2020-04-19,Wrong Charges,Medium,Technical,Closed,14.0,3.0
CMP006322,5995-SNNEW,2022-10-14,Call Drop,Low,Network,Closed,12.0,5.0
CMP006323,2821-WARNZ,2020-12-24,Customer Support,Medium,Network,Resolved,3.0,3.0
CMP006324,4879-GZLFH,2020-03-06,Low Download Speed,Low,Customer Care,Resolved,4.0,5.0
CMP006325,4879-GZLFH,2023-05-12,Billing Complaint,High,Network,Open,,
CMP006326,2507-QZPQS,2021-08-20,Billing Complaint,Low,Technical,Open,,
CMP006327,7159-NOKYQ,2021-07-19,Frequent Disconnections,Low,Network,Open,,
CMP006328,5707-ZMDJP,2024-06-14,Service Outage,Medium,Technical,Resolved,8.0,3.0
CMP006329,8779-YIQQA,2023-05-16,Billing Complaint,Medium,Sales,In Progress,,
CMP006330,7136-IHZJA,2022-06-28,Installation Delay,Medium,Customer Care,Closed,13.0,5.0
CMP006331,8966-OIQHG,2024-09-02,Payment Issue,Medium,Billing,Closed,8.0,3.0
CMP006332,8739-QOTTN,2020-01-25,Customer Support,Low,Billing,Closed,2.0,4.0
CMP006333,0277-BKSQP,2023-01-05,Call Drop,Medium,Network,Closed,13.0,3.0
CMP006334,5774-XZTQC,2020-06-28,Payment Issue,Low,Technical,Resolved,8.0,3.0
CMP006335,2676-SSLTO,2025-04-06,Service Outage,Medium,Customer Care,Resolved,14.0,5.0
CMP006336,8547-NSBBO,2020-04-25,Frequent Disconnections,Medium,Network,Open,,
CMP006337,6591-QGOYB,2023-06-06,Slow Internet,Low,Sales,In Progress,,
CMP006338,9070-BCKQP,2022-09-13,Low Download Speed,Medium,Customer Care,Resolved,7.0,5.0
CMP006339,6421-SZVEM,2020-04-21,Wrong Charges,Medium,Network,In Progress,,
CMP006340,6421-SZVEM,2022-04-13,Poor Customer Support,High,Customer Care,In Progress,,
CMP006341,9633-DENPU,2020-12-05,Low Download Speed,Medium,Sales,Closed,1.0,4.0
CMP006342,7811-JIVPF,2025-07-20,Frequent Disconnections,Low,Billing,Resolved,6.0,4.0
CMP006343,7811-JIVPF,2021-05-12,Call Drop,Medium,Sales,Closed,12.0,4.0
CMP006344,9258-CNWAC,2025-05-12,Low Download Speed,Low,Technical,Closed,12.0,3.0
CMP006345,5371-VYLSX,2023-04-26,Payment Issue,Medium,Network,Resolved,1.0,4.0
CMP006346,6374-AFWOX,2025-03-25,Call Drop,Low,Sales,In Progress,,
CMP006347,5317-FLPJF,2025-12-25,Wrong Charges,Medium,Network,Resolved,9.0,4.0
CMP006348,4903-CNOZC,2023-12-01,Installation Delay,Low,Customer Care,In Progress,,
CMP006349,7267-FRMJW,2021-10-28,Payment Issue,Low,Technical,Resolved,8.0,3.0
CMP006350,4188-FRABG,2020-05-02,Wrong Charges,Low,Customer Care,Open,,
CMP006351,4128-ETESU,2021-03-28,Billing Complaint,Medium,Network,In Progress,,
CMP006352,0620-DLSLK,2023-11-05,Poor Customer Support,Low,Billing,Resolved,4.0,4.0
CMP006353,3295-YVUSR,2025-08-01,Payment Issue,Medium,Network,Resolved,6.0,4.0
CMP006354,3295-YVUSR,2023-04-23,Billing Complaint,High,Customer Care,Closed,1.0,5.0
CMP006355,8016-NCFVO,2025-12-21,Poor Network,Medium,Sales,In Progress,,
CMP006356,4119-ZYPZY,2025-08-19,Streaming Issue,Medium,Sales,Resolved,3.0,5.0
CMP006357,5549-ZGHFB,2025-09-06,Payment Issue,Low,Network,In Progress,,
CMP006358,7577-SWIFR,2022-02-05,Call Drop,Low,Technical,Closed,10.0,5.0
CMP006359,5204-HMGYF,2021-01-01,Payment Issue,Low,Customer Care,Closed,9.0,5.0
CMP006360,1078-TDCRN,2022-06-12,Poor Network,Low,Network,Closed,4.0,5.0
CMP006361,3727-OVPRY,2025-07-11,Payment Issue,Medium,Technical,Resolved,8.0,4.0
CMP006362,3797-FKOGQ,2020-08-22,Payment Issue,High,Billing,Closed,5.0,5.0
CMP006363,3797-FKOGQ,2023-05-10,Poor Customer Support,High,Customer Care,In Progress,,
CMP006364,7622-NXQZR,2024-05-08,Installation Delay,Medium,Sales,Resolved,4.0,5.0
CMP006365,6196-HBOBZ,2025-09-09,Poor Network,Medium,Sales,In Progress,,
CMP006366,7017-VFULY,2024-10-16,Payment Issue,Low,Sales,Resolved,7.0,5.0
CMP006367,8807-OPMBM,2024-08-01,Payment Issue,Medium,Network,Resolved,9.0,5.0
CMP006368,8109-YUOHE,2023-09-18,Poor Customer Support,Medium,Technical,Resolved,9.0,4.0
CMP006369,8092-NLTGF,2022-09-16,Customer Support,Medium,Billing,In Progress,,
CMP006370,5928-QLDHB,2023-12-23,Installation Delay,High,Technical,In Progress,,
CMP006371,9840-EFJQB,2023-03-04,Wrong Charges,Low,Sales,Resolved,2.0,3.0
CMP006372,9840-EFJQB,2025-04-08,Streaming Issue,High,Customer Care,Resolved,10.0,3.0
CMP006373,4801-KFYKL,2020-05-07,Customer Support,Low,Network,Resolved,9.0,4.0
CMP006374,3472-OAOOR,2022-07-24,Wrong Charges,Medium,Sales,Open,,
CMP006375,3472-OAOOR,2024-03-16,Frequent Disconnections,High,Network,Open,,
CMP006376,6135-OZQVA,2023-10-02,Call Drop,Low,Network,Resolved,4.0,5.0
CMP006377,6135-OZQVA,2023-12-24,Poor Network,High,Sales,In Progress,,
CMP006378,2252-JHJGE,2023-05-20,Payment Issue,Medium,Network,Resolved,14.0,4.0
CMP006379,2252-JHJGE,2021-11-25,Slow Internet,Medium,Billing,In Progress,,
CMP006380,4188-PCPIG,2022-09-11,Poor Customer Support,Low,Customer Care,Closed,3.0,3.0
CMP006381,3566-VVORZ,2022-02-09,Wrong Charges,Low,Sales,In Progress,,
CMP006382,3566-VVORZ,2021-02-27,Streaming Issue,High,Sales,In Progress,,
CMP006383,2480-SQIOB,2022-09-14,Service Outage,Low,Network,Resolved,11.0,4.0
CMP006384,7813-TKCVO,2025-10-12,Customer Support,Medium,Customer Care,Resolved,14.0,5.0
CMP006385,0128-MKWSG,2022-03-08,Call Drop,Low,Billing,Resolved,10.0,5.0
CMP006386,4350-ZTLPI,2023-02-23,Slow Internet,Low,Customer Care,Resolved,14.0,3.0
CMP006387,5727-MYATE,2021-07-12,Streaming Issue,Medium,Customer Care,Closed,2.0,5.0
CMP006388,3823-KYNQY,2021-04-12,Payment Issue,High,Sales,In Progress,,
CMP006389,3021-VLNRJ,2020-03-05,Payment Issue,Medium,Billing,Open,,
CMP006390,6907-FLBER,2023-07-02,Low Download Speed,Medium,Billing,Resolved,15.0,5.0
CMP006391,3001-UNBTL,2021-07-17,Poor Customer Support,Medium,Billing,Open,,
CMP006392,3507-GASNP,2020-07-18,Customer Support,Medium,Billing,Resolved,13.0,4.0
CMP006393,7096-ZNBZI,2024-03-11,Payment Issue,Low,Sales,In Progress,,
CMP006394,6050-IJRHS,2022-08-22,Payment Issue,Medium,Sales,Closed,15.0,3.0
CMP006395,6050-IJRHS,2020-05-08,Payment Issue,Low,Sales,Open,,
CMP006396,6202-JVYEU,2025-11-24,Customer Support,Medium,Customer Care,Closed,7.0,4.0
CMP006397,0734-OXWBT,2023-11-10,Slow Internet,Medium,Network,In Progress,,
CMP006398,4282-ACRXS,2021-02-13,Frequent Disconnections,High,Technical,Open,,
CMP006399,4282-ACRXS,2025-05-19,Call Drop,Low,Technical,Resolved,7.0,5.0
CMP006400,7349-ALMUX,2025-07-22,Poor Customer Support,Medium,Customer Care,Resolved,11.0,3.0
CMP006401,1841-YSJGV,2025-07-18,Service Outage,Medium,Billing,Closed,8.0,4.0
CMP006402,3976-NLDEZ,2020-03-25,Payment Issue,Medium,Customer Care,Closed,10.0,3.0
CMP006403,2282-YGNOR,2023-11-26,Poor Customer Support,Medium,Billing,In Progress,,
CMP006404,5336-UFNZP,2024-07-09,Service Outage,Medium,Customer Care,Open,,
CMP006405,5336-UFNZP,2024-01-05,Installation Delay,Medium,Billing,Resolved,3.0,5.0
CMP006406,9233-PSYHO,2023-08-22,Wrong Charges,Low,Sales,Resolved,3.0,3.0
CMP006407,9233-PSYHO,2023-06-13,Streaming Issue,Medium,Billing,Closed,1.0,4.0
CMP006408,5376-PCKNB,2022-12-25,Installation Delay,High,Customer Care,Resolved,4.0,5.0
CMP006409,4060-LDNLU,2022-02-07,Call Drop,Low,Sales,Resolved,13.0,5.0
CMP006410,4060-LDNLU,2022-08-20,Low Download Speed,Low,Customer Care,In Progress,,
CMP006411,3589-PPVKW,2024-05-14,Billing Complaint,Low,Sales,Resolved,1.0,5.0
CMP006412,3589-PPVKW,2022-09-12,Wrong Charges,Medium,Technical,Resolved,14.0,3.0
CMP006413,5887-IKKYO,2020-04-28,Call Drop,Medium,Sales,Resolved,15.0,3.0
CMP006414,1755-RMCXH,2020-02-02,Payment Issue,Medium,Customer Care,Resolved,11.0,4.0
CMP006415,3858-XHYJO,2022-07-08,Payment Issue,Medium,Billing,Resolved,9.0,5.0
CMP006416,4299-SIMNS,2025-02-24,Service Outage,Medium,Customer Care,Closed,12.0,4.0
CMP006417,2056-EVGZL,2023-04-26,Streaming Issue,High,Billing,In Progress,,
CMP006418,8777-MBMTS,2020-04-26,Low Download Speed,Low,Billing,In Progress,,
CMP006419,7753-USQYQ,2021-02-27,Streaming Issue,Medium,Customer Care,Closed,3.0,4.0
CMP006420,7661-CPURM,2024-08-11,Poor Network,Low,Network,Closed,2.0,3.0
CMP006421,6233-HXJMX,2020-09-04,Low Download Speed,High,Network,Closed,6.0,5.0
CMP006422,5902-WBLSE,2022-02-20,Billing Complaint,Medium,Sales,Resolved,6.0,5.0
CMP006423,3338-CVVEH,2020-01-09,Poor Network,Low,Sales,Resolved,14.0,4.0
CMP006424,2615-YVMYX,2023-07-23,Poor Network,Medium,Network,Resolved,14.0,5.0
CMP006425,2615-YVMYX,2021-08-14,Streaming Issue,Low,Billing,Resolved,14.0,4.0
CMP006426,5419-JKZNQ,2021-01-19,Poor Customer Support,Low,Technical,In Progress,,
CMP006427,5419-JKZNQ,2021-09-04,Poor Customer Support,Medium,Sales,Resolved,7.0,3.0
CMP006428,2495-KZNFB,2021-01-07,Streaming Issue,Medium,Sales,Resolved,3.0,3.0
CMP006429,2495-KZNFB,2024-10-28,Slow Internet,High,Customer Care,Resolved,6.0,5.0
CMP006430,1409-PHXTF,2022-01-19,Billing Complaint,High,Technical,Open,,
CMP006431,4560-WQAQW,2025-11-04,Low Download Speed,Low,Customer Care,Closed,11.0,4.0
CMP006432,9591-YVTEB,2024-04-09,Installation Delay,Medium,Sales,Resolved,9.0,3.0
CMP006433,9591-YVTEB,2023-12-20,Service Outage,Low,Network,Resolved,12.0,4.0
CMP006434,2027-DNKIV,2021-07-19,Low Download Speed,Medium,Network,Resolved,11.0,4.0
CMP006435,8075-GXIUB,2023-02-28,Payment Issue,Medium,Technical,Resolved,3.0,3.0
CMP006436,2885-HIJDH,2023-07-05,Slow Internet,Medium,Billing,Resolved,9.0,3.0
CMP006437,5424-RLQLC,2023-05-20,Poor Customer Support,Medium,Billing,Closed,4.0,4.0
CMP006438,5424-RLQLC,2024-02-25,Wrong Charges,High,Billing,Closed,6.0,5.0
CMP006439,6507-DTJZV,2024-09-10,Streaming Issue,Low,Technical,Resolved,8.0,4.0
CMP006440,7673-BQGKU,2025-03-04,Billing Complaint,Low,Customer Care,In Progress,,
CMP006441,6723-WSNTY,2025-04-24,Payment Issue,Medium,Sales,Closed,15.0,3.0
CMP006442,1061-PNTHC,2025-11-11,Poor Customer Support,Low,Technical,Closed,14.0,5.0
CMP006443,0394-YONDK,2025-05-16,Payment Issue,Low,Billing,Resolved,15.0,5.0
CMP006444,6574-MCOEH,2025-10-15,Call Drop,Medium,Network,Resolved,11.0,4.0
CMP006445,7399-QHBJS,2024-04-20,Slow Internet,Medium,Customer Care,Resolved,1.0,4.0
CMP006446,3642-GKTCT,2025-10-16,Call Drop,Low,Network,Resolved,10.0,5.0
CMP006447,0774-RMNUW,2021-06-17,Frequent Disconnections,Medium,Network,Resolved,11.0,3.0
CMP006448,1334-PDUKM,2025-11-25,Poor Network,Low,Technical,Resolved,14.0,3.0
CMP006449,0756-MPZRL,2025-08-17,Slow Internet,Medium,Customer Care,Closed,12.0,5.0
CMP006450,2927-CVULT,2020-07-08,Poor Customer Support,Medium,Technical,Resolved,1.0,3.0
CMP006451,2144-BFDSO,2021-07-17,Billing Complaint,Medium,Technical,Open,,
CMP006452,2144-BFDSO,2022-09-04,Poor Network,Medium,Customer Care,Resolved,10.0,4.0
CMP006453,8745-PVESG,2020-03-11,Billing Complaint,Medium,Billing,Resolved,3.0,4.0
CMP006454,7647-GYYKX,2024-09-23,Payment Issue,High,Network,Resolved,2.0,4.0
CMP006455,6078-VESFR,2023-07-05,Service Outage,Medium,Billing,Resolved,4.0,5.0
CMP006456,6078-VESFR,2025-02-05,Call Drop,Medium,Network,Resolved,8.0,5.0
CMP006457,9027-TMATR,2025-01-05,Installation Delay,High,Sales,Resolved,15.0,5.0
CMP006458,9110-HSGTV,2023-02-04,Installation Delay,Low,Billing,Resolved,11.0,3.0
CMP006459,0704-VCUMB,2021-06-07,Billing Complaint,Low,Customer Care,Open,,
CMP006460,1470-PSXNM,2024-07-20,Low Download Speed,Low,Billing,In Progress,,
CMP006461,1470-PSXNM,2025-10-06,Service Outage,Low,Billing,Open,,
CMP006462,9866-OCCKE,2025-06-26,Installation Delay,Low,Technical,Resolved,4.0,3.0
CMP006463,7718-UPSKJ,2025-05-23,Poor Customer Support,Medium,Customer Care,Open,,
CMP006464,1448-CYWKC,2023-11-28,Frequent Disconnections,Medium,Technical,Resolved,7.0,4.0
CMP006465,2690-DVRVK,2022-11-22,Payment Issue,Medium,Network,Resolved,5.0,4.0
CMP006466,4565-EVZMJ,2023-03-16,Service Outage,Low,Billing,Resolved,12.0,3.0
CMP006467,9441-QHEVC,2024-11-22,Payment Issue,Low,Network,Resolved,12.0,3.0
CMP006468,6705-LNMDD,2020-01-27,Service Outage,Low,Billing,In Progress,,
CMP006469,2580-ASVVY,2022-02-08,Call Drop,High,Network,Closed,11.0,4.0
CMP006470,3370-GQEAL,2021-05-18,Slow Internet,Medium,Technical,Open,,
CMP006471,3370-GQEAL,2024-02-28,Billing Complaint,Medium,Billing,In Progress,,
CMP006472,5032-USPKF,2022-10-07,Service Outage,Low,Sales,Resolved,3.0,4.0
CMP006473,4254-QPEDE,2024-03-08,Call Drop,High,Network,Closed,9.0,5.0
CMP006474,0771-CHWSK,2023-06-21,Installation Delay,Medium,Sales,Resolved,14.0,3.0
CMP006475,0771-CHWSK,2022-07-25,Payment Issue,Medium,Network,Closed,10.0,4.0
CMP006476,5375-XLDOF,2022-01-12,Slow Internet,Medium,Technical,Open,,
CMP006477,1172-VIYBP,2023-05-25,Call Drop,Medium,Network,Open,,
CMP006478,8992-OBVDG,2020-07-18,Low Download Speed,Low,Technical,Resolved,12.0,4.0
CMP006479,8992-OBVDG,2023-01-26,Poor Customer Support,Low,Technical,Closed,11.0,5.0
CMP006480,4273-MBHYA,2020-09-19,Poor Customer Support,Medium,Network,Resolved,2.0,4.0
CMP006481,4273-MBHYA,2022-05-28,Payment Issue,Medium,Customer Care,Closed,4.0,3.0
CMP006482,8232-CTLKO,2022-01-14,Call Drop,Low,Customer Care,Closed,5.0,4.0
CMP006483,2786-GCDPI,2025-12-15,Poor Network,Medium,Customer Care,In Progress,,
CMP006484,9229-RQABD,2020-05-05,Payment Issue,Low,Network,Resolved,14.0,4.0
CMP006485,6284-KMNUF,2022-10-17,Service Outage,High,Billing,Resolved,3.0,5.0
CMP006486,6284-KMNUF,2022-08-07,Installation Delay,Medium,Technical,Resolved,10.0,3.0
CMP006487,6229-UOLQL,2023-09-11,Payment Issue,Low,Billing,Resolved,5.0,3.0
CMP006488,3137-LUPIX,2020-02-17,Wrong Charges,Low,Network,Resolved,10.0,4.0
CMP006489,8676-OOQEJ,2021-02-28,Frequent Disconnections,High,Network,Resolved,1.0,4.0
CMP006490,2162-FRZAA,2020-01-04,Streaming Issue,Medium,Sales,Resolved,12.0,3.0
CMP006491,5118-MUEYH,2020-09-05,Installation Delay,Low,Billing,In Progress,,
CMP006492,3936-QQFLL,2023-03-02,Billing Complaint,Medium,Network,Resolved,5.0,4.0
CMP006493,2589-AYCRP,2021-11-04,Payment Issue,Low,Billing,Open,,
CMP006494,4067-HLYQI,2021-03-17,Slow Internet,Low,Technical,Resolved,5.0,5.0
CMP006495,4067-HLYQI,2025-03-25,Frequent Disconnections,Medium,Network,Closed,11.0,5.0
CMP006496,5057-RKGLH,2022-06-23,Customer Support,Medium,Network,In Progress,,
CMP006497,0292-WEGCH,2024-03-07,Payment Issue,Medium,Sales,Resolved,2.0,5.0
CMP006498,8910-ICHIU,2025-08-26,Wrong Charges,Medium,Sales,Open,,
CMP006499,8910-ICHIU,2025-06-15,Call Drop,Low,Billing,Resolved,5.0,5.0
CMP006500,9715-WZCLW,2024-05-16,Poor Network,Low,Sales,In Progress,,
CMP006501,9786-YWNHU,2023-03-18,Poor Customer Support,Medium,Customer Care,Resolved,5.0,5.0
CMP006502,6407-GSJNL,2022-11-10,Customer Support,Low,Technical,In Progress,,
CMP006503,4049-ZPALD,2022-08-09,Payment Issue,Low,Billing,Closed,9.0,4.0
CMP006504,4049-ZPALD,2023-05-07,Poor Customer Support,Medium,Sales,Closed,1.0,4.0
CMP006505,8961-QDZZJ,2024-06-05,Frequent Disconnections,Medium,Customer Care,Closed,2.0,4.0
CMP006506,9715-SBVSU,2023-05-10,Call Drop,Low,Sales,Open,,
CMP006507,8490-BXHEO,2020-12-17,Call Drop,Medium,Sales,Open,,
CMP006508,7173-TETGO,2023-04-18,Poor Customer Support,Low,Billing,Resolved,7.0,5.0
CMP006509,7929-SKFGK,2020-01-01,Call Drop,Low,Customer Care,Closed,1.0,3.0
CMP006510,3563-SVYLG,2023-07-23,Billing Complaint,High,Billing,In Progress,,
CMP006511,6435-VWCCY,2020-03-07,Billing Complaint,Low,Technical,Resolved,8.0,5.0
CMP006512,6435-VWCCY,2022-02-10,Poor Network,Low,Customer Care,In Progress,,
CMP006513,4998-IKFSE,2021-09-16,Call Drop,Medium,Billing,In Progress,,
CMP006514,4998-IKFSE,2024-01-27,Service Outage,High,Billing,In Progress,,
CMP006515,9488-FVZCC,2021-04-15,Poor Customer Support,Low,Customer Care,Open,,
CMP006516,5995-WWKKG,2021-07-18,Payment Issue,High,Sales,In Progress,,
CMP006517,7879-CGSFV,2023-11-22,Poor Network,Low,Network,Closed,10.0,4.0
CMP006518,7879-CGSFV,2025-10-22,Streaming Issue,Low,Sales,Resolved,6.0,4.0
CMP006519,7109-MFBYV,2022-01-25,Streaming Issue,Low,Sales,Resolved,10.0,4.0
CMP006520,1833-TCXKK,2020-05-22,Slow Internet,Medium,Billing,In Progress,,
CMP006521,1833-TCXKK,2022-01-13,Payment Issue,Medium,Billing,Open,,
CMP006522,0580-PIQHM,2021-06-03,Poor Customer Support,High,Technical,Resolved,12.0,3.0
CMP006523,5696-CEIQJ,2023-09-17,Poor Network,Low,Billing,Resolved,10.0,4.0
CMP006524,3026-ATZYV,2021-04-08,Installation Delay,High,Billing,Open,,
CMP006525,9496-IVVRP,2021-02-11,Frequent Disconnections,Medium,Sales,Open,,
CMP006526,9496-IVVRP,2024-05-15,Frequent Disconnections,Medium,Customer Care,In Progress,,
CMP006527,2657-VPXTA,2025-06-21,Poor Customer Support,High,Technical,Closed,4.0,5.0
CMP006528,2657-VPXTA,2023-12-15,Service Outage,Low,Customer Care,Closed,9.0,4.0
CMP006529,6551-VLJMV,2022-10-10,Customer Support,Medium,Customer Care,Resolved,10.0,5.0
CMP006530,9289-LBQVU,2020-01-15,Billing Complaint,High,Billing,Resolved,5.0,3.0
CMP006531,3458-IDMFK,2023-12-08,Payment Issue,Low,Technical,Resolved,14.0,5.0
CMP006532,6933-FHBZC,2020-01-10,Streaming Issue,High,Network,Resolved,5.0,4.0
CMP006533,6933-FHBZC,2022-01-08,Installation Delay,High,Network,Closed,14.0,3.0
CMP006534,0221-NAUXK,2021-09-10,Payment Issue,Medium,Network,Open,,
CMP006535,9770-KXGQU,2021-06-18,Frequent Disconnections,High,Sales,Resolved,11.0,5.0
CMP006536,6538-POCHL,2020-06-04,Billing Complaint,Medium,Network,Resolved,15.0,4.0
CMP006537,6538-POCHL,2023-02-13,Call Drop,Low,Sales,Resolved,8.0,3.0
CMP006538,3002-WQZWT,2025-11-03,Service Outage,Low,Technical,Resolved,8.0,3.0
CMP006539,3002-WQZWT,2023-11-13,Streaming Issue,High,Customer Care,In Progress,,
CMP006540,1208-NBVFH,2021-04-01,Low Download Speed,Low,Sales,In Progress,,
CMP006541,1208-NBVFH,2025-12-04,Wrong Charges,High,Technical,Resolved,11.0,4.0
CMP006542,4912-PIGUY,2021-10-05,Low Download Speed,Low,Billing,Resolved,10.0,3.0
CMP006543,2725-TTRIQ,2023-10-16,Payment Issue,Medium,Sales,Closed,1.0,5.0
CMP006544,3374-TTZTK,2021-12-09,Call Drop,Low,Technical,Resolved,15.0,4.0
CMP006545,8990-ZXLSU,2023-10-10,Call Drop,Low,Billing,Resolved,10.0,4.0
CMP006546,2275-RBYQS,2025-01-15,Call Drop,Medium,Network,Open,,
CMP006547,2275-RBYQS,2023-03-06,Payment Issue,Medium,Technical,Resolved,8.0,5.0
CMP006548,5519-TEEUH,2025-02-03,Customer Support,Low,Customer Care,In Progress,,
CMP006549,7856-GANIL,2024-11-17,Streaming Issue,High,Technical,Resolved,12.0,5.0
CMP006550,3703-TTEPD,2023-04-03,Service Outage,Medium,Technical,Resolved,12.0,4.0
CMP006551,2799-TSLAG,2022-07-27,Billing Complaint,Medium,Billing,Open,,
CMP006552,7139-JZFVG,2022-08-26,Service Outage,High,Sales,In Progress,,
CMP006553,5753-QQWPW,2024-11-05,Streaming Issue,Low,Billing,Resolved,10.0,5.0
CMP006554,6010-DDPPW,2024-02-09,Billing Complaint,Low,Network,Resolved,4.0,4.0
CMP006555,6693-FRIRW,2021-02-24,Slow Internet,Medium,Sales,Closed,5.0,3.0
CMP006556,3173-NVMPX,2025-08-02,Service Outage,Low,Billing,Open,,
CMP006557,0623-GDISB,2020-08-16,Call Drop,Low,Sales,Closed,12.0,4.0
CMP006558,0623-GDISB,2024-11-15,Low Download Speed,Low,Customer Care,Resolved,10.0,5.0
CMP006559,2892-GESUL,2022-04-17,Customer Support,Medium,Network,Open,,
CMP006560,2043-WVTQJ,2022-10-06,Low Download Speed,Medium,Customer Care,Open,,
CMP006561,2043-WVTQJ,2021-03-23,Wrong Charges,Low,Billing,Resolved,3.0,3.0
CMP006562,8034-RYTVV,2020-06-20,Frequent Disconnections,Medium,Sales,In Progress,,
CMP006563,8034-RYTVV,2021-12-02,Call Drop,Medium,Sales,In Progress,,
CMP006564,5044-LRQAQ,2023-11-05,Poor Network,Medium,Technical,In Progress,,
CMP006565,5044-LRQAQ,2025-06-15,Frequent Disconnections,Medium,Customer Care,Resolved,5.0,5.0
CMP006566,1333-PBMXB,2023-02-27,Payment Issue,Medium,Network,Resolved,9.0,5.0
CMP006567,6546-OPBBH,2023-09-25,Billing Complaint,Medium,Customer Care,Open,,
CMP006568,5985-BEHZK,2024-08-17,Frequent Disconnections,Low,Network,Resolved,10.0,5.0
CMP006569,5919-VCZYM,2025-11-22,Billing Complaint,Medium,Sales,Closed,7.0,5.0
CMP006570,9644-KVCNC,2024-10-11,Frequent Disconnections,High,Billing,Resolved,8.0,3.0
CMP006571,2137-DQMEV,2020-02-16,Wrong Charges,Low,Sales,Resolved,2.0,5.0
CMP006572,8174-LNWMW,2021-12-09,Customer Support,Low,Network,Resolved,7.0,4.0
CMP006573,2404-JIBFC,2025-09-17,Call Drop,High,Technical,Resolved,2.0,4.0
CMP006574,8029-XYPWT,2022-10-07,Frequent Disconnections,Medium,Network,Resolved,11.0,4.0
CMP006575,2990-OGYTD,2025-11-07,Call Drop,High,Sales,Resolved,11.0,4.0
CMP006576,6646-JPPHA,2020-03-28,Poor Customer Support,Low,Sales,In Progress,,
CMP006577,7658-UYUQS,2024-06-28,Streaming Issue,Low,Sales,Resolved,2.0,5.0
CMP006578,8457-XIGKN,2022-12-23,Payment Issue,Low,Sales,Closed,4.0,5.0
CMP006579,6072-NUQCB,2024-12-24,Payment Issue,Low,Customer Care,Open,,
CMP006580,8838-GPHZP,2025-06-01,Payment Issue,Medium,Customer Care,Open,,
CMP006581,6918-UMQCG,2020-10-05,Streaming Issue,Medium,Billing,Resolved,9.0,3.0
CMP006582,6918-UMQCG,2022-02-06,Call Drop,High,Billing,Resolved,6.0,4.0
CMP006583,0675-NCDYU,2021-08-03,Poor Customer Support,Medium,Technical,In Progress,,
CMP006584,6339-DKLMK,2020-06-02,Low Download Speed,Medium,Billing,In Progress,,
CMP006585,6339-DKLMK,2022-10-19,Poor Network,Low,Network,In Progress,,
CMP006586,8023-QHAIO,2024-02-16,Service Outage,Low,Technical,Resolved,9.0,5.0
CMP006587,3057-VJJQE,2025-12-24,Installation Delay,Low,Customer Care,Resolved,12.0,5.0
CMP006588,3057-VJJQE,2024-09-17,Poor Customer Support,Medium,Customer Care,Resolved,3.0,5.0
CMP006589,2302-OUZXB,2022-06-06,Service Outage,Low,Technical,Resolved,11.0,5.0
CMP006590,5982-FPVQN,2024-12-16,Streaming Issue,Low,Billing,Resolved,8.0,4.0
CMP006591,7601-DHFWZ,2023-12-21,Customer Support,Medium,Sales,Closed,4.0,3.0
CMP006592,1998-VHJHK,2023-02-28,Customer Support,High,Customer Care,Resolved,2.0,5.0
CMP006593,1707-HABPF,2020-09-04,Slow Internet,Medium,Sales,Closed,4.0,4.0
CMP006594,1707-HABPF,2024-07-12,Call Drop,Low,Network,Closed,2.0,5.0
CMP006595,2308-STERM,2024-02-05,Customer Support,Low,Technical,Resolved,9.0,5.0
CMP006596,5982-XMDEX,2020-11-21,Billing Complaint,Low,Customer Care,In Progress,,
CMP006597,6051-PTVNS,2020-03-22,Billing Complaint,Medium,Technical,Resolved,12.0,4.0
CMP006598,9152-AMKAK,2024-08-27,Installation Delay,High,Network,Resolved,10.0,4.0
CMP006599,9432-VOFYX,2021-05-16,Wrong Charges,Low,Network,Resolved,5.0,4.0
CMP006600,9432-VOFYX,2023-03-18,Call Drop,Low,Sales,In Progress,,
CMP006601,8049-WJCLQ,2021-06-10,Poor Network,Low,Sales,Open,,
CMP006602,6586-PSJOX,2023-06-23,Wrong Charges,Low,Technical,In Progress,,
CMP006603,9705-ZJBCG,2025-11-04,Low Download Speed,Low,Technical,Resolved,1.0,3.0
CMP006604,9670-BPNXF,2021-04-04,Service Outage,Medium,Network,Closed,9.0,3.0
CMP006605,9555-SAHUZ,2024-11-18,Payment Issue,Low,Sales,In Progress,,
CMP006606,9555-SAHUZ,2023-02-21,Streaming Issue,Medium,Technical,In Progress,,
CMP006607,0816-TSPHQ,2023-07-15,Customer Support,Low,Sales,Resolved,14.0,5.0
CMP006608,5286-YHCVC,2023-08-18,Frequent Disconnections,Low,Technical,Resolved,13.0,4.0
CMP006609,5286-YHCVC,2024-07-19,Installation Delay,Low,Technical,In Progress,,
CMP006610,9115-YQHGA,2020-10-27,Poor Customer Support,Medium,Customer Care,Resolved,12.0,3.0
CMP006611,8963-MQVYN,2025-06-27,Billing Complaint,Low,Billing,Open,,
CMP006612,9334-GWGOW,2024-11-05,Low Download Speed,Medium,Network,Resolved,15.0,3.0
CMP006613,2087-QAREY,2022-07-10,Installation Delay,Medium,Technical,Closed,6.0,3.0
CMP006614,2087-QAREY,2020-10-26,Call Drop,Low,Network,Closed,11.0,3.0
CMP006615,7502-BNYGS,2023-11-11,Installation Delay,Low,Billing,Closed,7.0,4.0
CMP006616,4291-HYEBC,2024-07-18,Poor Network,Low,Technical,Open,,
CMP006617,4291-HYEBC,2020-07-08,Call Drop,Medium,Billing,Resolved,1.0,4.0
CMP006618,6047-SUHPR,2020-06-01,Frequent Disconnections,Low,Customer Care,Resolved,5.0,3.0
CMP006619,6047-SUHPR,2023-02-03,Billing Complaint,High,Billing,Open,,
CMP006620,1576-PFZIW,2024-05-17,Frequent Disconnections,Medium,Network,Open,,
CMP006621,1576-PFZIW,2021-12-02,Billing Complaint,High,Sales,In Progress,,
CMP006622,7312-XSBAT,2021-02-06,Low Download Speed,Medium,Technical,Open,,
CMP006623,7312-XSBAT,2025-06-26,Frequent Disconnections,Low,Network,Open,,
CMP006624,2371-JQHZZ,2021-08-27,Call Drop,High,Customer Care,Closed,12.0,4.0
CMP006625,1121-QSIVB,2024-05-20,Payment Issue,Medium,Billing,Resolved,9.0,5.0
CMP006626,4396-KLSEH,2023-05-13,Payment Issue,Medium,Technical,In Progress,,
CMP006627,2824-MYYBN,2020-01-13,Low Download Speed,Low,Sales,Resolved,8.0,3.0
CMP006628,6345-HOVES,2023-02-03,Streaming Issue,Low,Customer Care,Resolved,4.0,3.0
CMP006629,0147-ESWWR,2021-03-27,Installation Delay,Low,Billing,Open,,
CMP006630,6370-ZVHDV,2024-03-10,Payment Issue,Medium,Technical,Resolved,5.0,3.0
CMP006631,5915-DGNVC,2022-08-13,Installation Delay,Low,Billing,Resolved,2.0,5.0
CMP006632,6260-XLACS,2023-11-01,Billing Complaint,Low,Network,Open,,
CMP006633,3566-CAAYU,2022-09-23,Slow Internet,Low,Sales,Closed,15.0,3.0
CMP006634,9103-CXVOK,2024-06-19,Payment Issue,Low,Network,Closed,6.0,3.0
CMP006635,2896-TBNBE,2021-09-25,Call Drop,Medium,Billing,Resolved,9.0,3.0
CMP006636,2896-TBNBE,2022-03-25,Service Outage,Low,Sales,Resolved,1.0,4.0
CMP006637,2522-WLNSF,2023-05-20,Wrong Charges,Low,Billing,Resolved,10.0,5.0
CMP006638,9585-KKMFD,2020-04-10,Billing Complaint,Low,Customer Care,Resolved,5.0,4.0
CMP006639,5399-ZIMKF,2025-08-13,Call Drop,Low,Technical,In Progress,,
CMP006640,0336-KXKFK,2024-06-13,Streaming Issue,Low,Network,Closed,1.0,4.0
CMP006641,3948-FVVRP,2025-01-20,Installation Delay,Medium,Billing,Open,,
CMP006642,1813-JYWTO,2023-10-15,Poor Customer Support,Medium,Customer Care,Resolved,12.0,5.0
CMP006643,1813-JYWTO,2022-11-22,Billing Complaint,Medium,Technical,In Progress,,
CMP006644,6719-OXYBR,2024-10-26,Poor Customer Support,Low,Technical,Resolved,6.0,3.0
CMP006645,0795-XCCTE,2021-12-23,Payment Issue,Medium,Customer Care,Resolved,7.0,4.0
CMP006646,0168-XZKBB,2020-06-09,Poor Customer Support,Low,Network,Resolved,7.0,4.0
CMP006647,0168-XZKBB,2024-01-12,Service Outage,Medium,Sales,Resolved,12.0,3.0
CMP006648,7072-MBHEV,2020-08-09,Streaming Issue,Medium,Technical,Resolved,14.0,5.0
CMP006649,7072-MBHEV,2021-01-22,Frequent Disconnections,Low,Sales,Resolved,11.0,4.0
CMP006650,6297-NOOPG,2021-04-09,Streaming Issue,Medium,Billing,Resolved,10.0,4.0
CMP006651,8204-TIFGJ,2023-02-07,Customer Support,Medium,Technical,Resolved,1.0,3.0
CMP006652,1089-XZWHH,2020-01-21,Customer Support,Low,Network,Resolved,11.0,5.0
CMP006653,2325-WINES,2023-10-03,Installation Delay,High,Technical,Resolved,10.0,3.0
CMP006654,6064-ZATLR,2020-08-16,Call Drop,Medium,Network,Resolved,1.0,4.0
CMP006655,6064-ZATLR,2023-01-19,Poor Network,High,Sales,In Progress,,
CMP006656,7824-PANSQ,2024-09-27,Streaming Issue,Low,Billing,Closed,10.0,5.0
CMP006657,2888-ADFAO,2025-03-05,Payment Issue,Low,Customer Care,Closed,8.0,3.0
CMP006658,8707-HOEDG,2024-08-01,Poor Customer Support,Low,Billing,Resolved,1.0,4.0
CMP006659,4072-IPYLT,2024-08-20,Billing Complaint,Medium,Sales,Resolved,9.0,5.0
CMP006660,4072-IPYLT,2024-02-26,Poor Customer Support,Low,Technical,Closed,9.0,4.0
CMP006661,7167-PCEYD,2021-06-20,Payment Issue,Medium,Customer Care,In Progress,,
CMP006662,6408-WHTEF,2025-05-26,Poor Network,Medium,Sales,Resolved,11.0,5.0
CMP006663,7989-VCQOH,2021-06-14,Payment Issue,Medium,Billing,In Progress,,
CMP006664,4199-QHJNM,2022-01-09,Streaming Issue,Low,Customer Care,Resolved,2.0,3.0
CMP006665,5135-GRQJV,2024-05-23,Payment Issue,Low,Network,Resolved,15.0,3.0
CMP006666,3580-GICBM,2021-10-14,Payment Issue,Medium,Network,Closed,14.0,4.0
CMP006667,4686-UXDML,2024-06-02,Streaming Issue,Medium,Network,Resolved,14.0,3.0
CMP006668,3349-ANQNH,2020-08-12,Frequent Disconnections,Medium,Billing,Resolved,5.0,4.0
CMP006669,3349-ANQNH,2024-10-05,Slow Internet,Low,Customer Care,Open,,
CMP006670,7480-SPLEF,2022-09-12,Customer Support,High,Technical,Resolved,13.0,5.0
CMP006671,1431-CYWMH,2020-03-19,Payment Issue,Medium,Billing,Open,,
CMP006672,5937-EORGB,2020-09-05,Poor Customer Support,Low,Sales,Resolved,7.0,3.0
CMP006673,6349-JDHQP,2023-09-10,Billing Complaint,Medium,Technical,Closed,2.0,5.0
CMP006674,4583-PARNH,2020-09-05,Billing Complaint,Low,Billing,Resolved,10.0,5.0
CMP006675,1421-HCERK,2025-01-25,Slow Internet,High,Sales,Closed,4.0,5.0
CMP006676,9633-XQABV,2022-06-08,Frequent Disconnections,High,Technical,Resolved,6.0,3.0
CMP006677,1183-CANVH,2022-03-23,Service Outage,Medium,Sales,Resolved,13.0,3.0
CMP006678,1972-XMUWV,2021-12-24,Poor Network,Low,Technical,Resolved,13.0,3.0
CMP006679,8645-KOMJQ,2020-06-03,Call Drop,Medium,Network,Resolved,9.0,4.0
CMP006680,0289-IVARM,2022-05-03,Wrong Charges,Low,Network,In Progress,,
CMP006681,0289-IVARM,2022-11-03,Billing Complaint,Medium,Technical,Open,,
CMP006682,9761-XUJWD,2020-09-22,Payment Issue,Medium,Network,Open,,
CMP006683,4057-FKCZK,2020-04-08,Streaming Issue,Low,Sales,Open,,
CMP006684,4057-FKCZK,2020-01-23,Slow Internet,Medium,Network,Resolved,8.0,5.0
CMP006685,4291-TPNFG,2024-03-10,Frequent Disconnections,Low,Customer Care,Closed,10.0,5.0
CMP006686,1722-LDZJS,2021-01-26,Billing Complaint,Medium,Billing,Open,,
CMP006687,7401-RUBNK,2024-11-06,Billing Complaint,Low,Sales,Closed,7.0,3.0
CMP006688,0506-YLVKJ,2021-12-13,Payment Issue,High,Customer Care,Resolved,10.0,5.0
CMP006689,4815-GBTCD,2023-05-09,Wrong Charges,Low,Sales,Resolved,5.0,5.0
CMP006690,4815-GBTCD,2025-07-07,Poor Customer Support,Medium,Technical,Resolved,8.0,4.0
CMP006691,3873-NFTGI,2022-06-24,Slow Internet,Low,Network,Resolved,11.0,4.0
CMP006692,1169-WCVAK,2022-07-23,Call Drop,Medium,Billing,Open,,
CMP006693,7129-CAKJW,2023-04-07,Service Outage,Medium,Technical,Resolved,5.0,4.0
CMP006694,8695-ARGXZ,2023-08-24,Wrong Charges,High,Billing,Resolved,4.0,5.0
CMP006695,8695-ARGXZ,2020-02-05,Service Outage,Low,Billing,Resolved,10.0,5.0
CMP006696,3570-YUEKJ,2025-02-28,Low Download Speed,Low,Customer Care,Resolved,7.0,4.0
CMP006697,3570-YUEKJ,2020-02-20,Slow Internet,Low,Customer Care,Open,,
CMP006698,1555-HAPSU,2025-10-25,Payment Issue,High,Billing,Open,,
CMP006699,2419-FSORS,2020-05-17,Poor Customer Support,Low,Sales,Resolved,3.0,5.0
CMP006700,0787-LHDYT,2022-06-08,Payment Issue,Medium,Network,Resolved,15.0,3.0
CMP006701,0374-IOEGQ,2020-05-13,Low Download Speed,Low,Customer Care,Resolved,8.0,4.0
CMP006702,3396-DKDEL,2022-01-14,Frequent Disconnections,Medium,Customer Care,Closed,14.0,5.0
CMP006703,5321-NTRKC,2022-09-01,Call Drop,Medium,Billing,In Progress,,
CMP006704,0402-OAMEN,2021-01-17,Customer Support,High,Customer Care,In Progress,,
CMP006705,6754-WKSHP,2025-12-18,Customer Support,Medium,Technical,Resolved,6.0,4.0
CMP006706,2969-QWUBZ,2024-05-12,Poor Customer Support,Medium,Sales,Closed,11.0,4.0
CMP006707,2969-QWUBZ,2025-11-17,Streaming Issue,Low,Technical,In Progress,,
CMP006708,9822-BIIGN,2023-09-23,Payment Issue,Medium,Customer Care,Resolved,9.0,5.0
CMP006709,2077-MPJQO,2021-10-26,Service Outage,Medium,Billing,Resolved,8.0,3.0
CMP006710,1534-OULXE,2025-11-16,Wrong Charges,Low,Sales,In Progress,,
CMP006711,2971-SGAFL,2022-07-17,Payment Issue,High,Network,In Progress,,
CMP006712,1480-IVEVR,2020-11-12,Payment Issue,High,Customer Care,Resolved,1.0,3.0
CMP006713,2905-KFQUV,2022-06-16,Call Drop,Low,Network,In Progress,,
CMP006714,2905-KFQUV,2025-03-03,Installation Delay,Low,Billing,Resolved,3.0,5.0
CMP006715,0281-CNTZX,2020-01-07,Customer Support,Low,Customer Care,Closed,12.0,5.0
CMP006716,4118-CEVPF,2024-07-04,Payment Issue,Low,Customer Care,Open,,
CMP006717,8241-JUIQO,2023-12-09,Billing Complaint,Medium,Network,Open,,
CMP006718,9631-RXVJM,2023-04-14,Billing Complaint,High,Technical,In Progress,,
CMP006719,5093-FEGLU,2020-05-06,Billing Complaint,Medium,Sales,Resolved,11.0,3.0
CMP006720,2621-UDNLU,2024-01-26,Customer Support,High,Sales,In Progress,,
CMP006721,2428-HYUNX,2021-09-11,Billing Complaint,Medium,Sales,Resolved,4.0,5.0
CMP006722,9214-EKVXR,2024-08-19,Poor Network,Medium,Technical,Resolved,5.0,4.0
CMP006723,9214-EKVXR,2021-12-24,Installation Delay,Medium,Billing,Resolved,7.0,3.0
CMP006724,3410-MHHUM,2024-06-12,Wrong Charges,Low,Technical,Resolved,12.0,5.0
CMP006725,3410-MHHUM,2022-01-01,Slow Internet,Low,Customer Care,Resolved,14.0,3.0
CMP006726,2296-DKZFP,2024-04-21,Installation Delay,Low,Billing,Resolved,14.0,4.0
CMP006727,2296-DKZFP,2025-01-17,Payment Issue,Low,Network,Closed,10.0,3.0
CMP006728,6603-YRDCJ,2025-06-12,Poor Customer Support,Low,Customer Care,In Progress,,
CMP006729,3229-USWAR,2020-12-08,Poor Customer Support,Low,Billing,In Progress,,
CMP006730,9693-XMUOB,2024-04-19,Installation Delay,High,Technical,Resolved,15.0,4.0
CMP006731,0383-CLDDA,2023-08-06,Slow Internet,Low,Technical,Resolved,5.0,3.0
CMP006732,2709-UQGNP,2024-02-08,Frequent Disconnections,Low,Customer Care,Resolved,11.0,3.0
CMP006733,8033-ATFAS,2021-05-06,Slow Internet,Low,Sales,In Progress,,
CMP006734,1635-NZATJ,2023-05-03,Payment Issue,Low,Customer Care,Resolved,4.0,5.0
CMP006735,0562-HKHML,2021-11-09,Billing Complaint,Medium,Sales,Resolved,9.0,4.0
CMP006736,9943-VSZUV,2021-03-25,Call Drop,High,Sales,In Progress,,
CMP006737,7054-ENNGU,2024-07-12,Billing Complaint,Low,Network,Open,,
CMP006738,1455-HFBXA,2021-05-03,Slow Internet,Low,Sales,Resolved,3.0,5.0
CMP006739,9402-CXWPL,2023-01-16,Frequent Disconnections,Medium,Network,Resolved,1.0,4.0
CMP006740,1628-BIZYP,2022-03-25,Payment Issue,Medium,Network,Resolved,9.0,3.0
CMP006741,0082-LDZUE,2022-11-14,Poor Customer Support,Medium,Network,Resolved,10.0,4.0
CMP006742,0082-LDZUE,2024-10-20,Frequent Disconnections,Medium,Sales,In Progress,,
CMP006743,5343-SGUBI,2022-12-12,Wrong Charges,Low,Sales,In Progress,,
CMP006744,0856-NAOES,2025-02-09,Poor Customer Support,Medium,Customer Care,In Progress,,
CMP006745,0856-NAOES,2022-03-14,Billing Complaint,Medium,Technical,Open,,
CMP006746,3099-OONVS,2025-09-21,Service Outage,Low,Sales,Resolved,4.0,4.0
CMP006747,9500-WBGRP,2020-02-19,Payment Issue,High,Customer Care,Resolved,14.0,5.0
CMP006748,5144-PQCDZ,2025-04-07,Payment Issue,High,Billing,Closed,12.0,5.0
CMP006749,0068-FIGTF,2023-06-02,Installation Delay,Medium,Technical,Closed,2.0,3.0
CMP006750,5965-GGPRW,2023-06-04,Low Download Speed,Low,Billing,In Progress,,
CMP006751,6080-LNESI,2023-12-28,Billing Complaint,Low,Customer Care,Resolved,1.0,3.0
CMP006752,1830-IPXVJ,2024-10-14,Billing Complaint,High,Network,Open,,
CMP006753,8398-TBIYD,2025-02-21,Payment Issue,Low,Sales,In Progress,,
CMP006754,9971-ZWPBF,2020-09-08,Streaming Issue,Medium,Sales,Closed,14.0,4.0
CMP006755,9711-FJTBX,2024-08-19,Streaming Issue,Medium,Billing,Closed,9.0,4.0
CMP006756,2908-ZTPNF,2021-09-18,Streaming Issue,Low,Sales,Closed,7.0,5.0
CMP006757,8756-RDDLT,2023-02-17,Slow Internet,Low,Sales,Closed,1.0,5.0
CMP006758,6888-SBYAI,2025-04-13,Service Outage,Low,Sales,Closed,7.0,4.0
CMP006759,6888-SBYAI,2023-04-06,Low Download Speed,Medium,Network,Closed,8.0,4.0
CMP006760,7395-XWZOY,2022-07-01,Low Download Speed,Low,Network,Open,,
CMP006761,6859-RKMZJ,2023-11-03,Call Drop,Medium,Technical,Resolved,4.0,5.0
CMP006762,2729-VNVAP,2020-06-18,Customer Support,Medium,Billing,In Progress,,
CMP006763,3842-QTGDL,2023-05-12,Payment Issue,High,Network,Resolved,5.0,3.0
CMP006764,3842-QTGDL,2021-11-23,Payment Issue,High,Billing,In Progress,,
CMP006765,7163-OCEQI,2022-05-25,Low Download Speed,Medium,Billing,Resolved,11.0,3.0
CMP006766,5975-BAICR,2024-02-11,Payment Issue,Low,Billing,Closed,12.0,4.0
CMP006767,4673-KKSLS,2022-02-04,Poor Customer Support,Medium,Network,Open,,
CMP006768,4853-OITSN,2021-07-01,Service Outage,Medium,Network,Resolved,13.0,4.0
CMP006769,9800-OUIGR,2020-03-10,Billing Complaint,High,Sales,In Progress,,
CMP006770,2324-EFHVG,2022-03-02,Streaming Issue,Medium,Billing,Resolved,8.0,3.0
CMP006771,6907-CQGPN,2022-02-04,Poor Customer Support,High,Billing,In Progress,,
CMP006772,0239-OXEXL,2020-05-13,Low Download Speed,Low,Technical,Resolved,9.0,3.0
CMP006773,0239-OXEXL,2023-04-21,Call Drop,Medium,Network,Resolved,13.0,4.0
CMP006774,2675-IJRGJ,2024-03-18,Billing Complaint,High,Customer Care,In Progress,,
CMP006775,3721-CNZHX,2020-09-08,Payment Issue,Medium,Sales,Resolved,13.0,5.0
CMP006776,5271-DBYSJ,2024-06-12,Call Drop,Medium,Customer Care,Resolved,3.0,5.0
CMP006777,2080-GKCWQ,2023-04-04,Billing Complaint,Low,Customer Care,Open,,
CMP006778,3462-BJQQA,2020-03-12,Installation Delay,Low,Technical,Resolved,1.0,5.0
CMP006779,3462-BJQQA,2024-05-26,Billing Complaint,Medium,Billing,Resolved,4.0,5.0
CMP006780,6733-LRIZX,2022-05-07,Poor Customer Support,Low,Sales,Resolved,14.0,4.0
CMP006781,9503-XJUME,2023-04-03,Payment Issue,Low,Sales,Resolved,7.0,5.0
CMP006782,6736-DHUQI,2024-11-02,Payment Issue,Low,Network,In Progress,,
CMP006783,1360-RCYRT,2020-01-13,Billing Complaint,Low,Technical,Resolved,1.0,4.0
CMP006784,4451-RWASJ,2021-09-28,Customer Support,Low,Network,Resolved,15.0,3.0
CMP006785,5917-HBSDW,2020-05-11,Customer Support,Medium,Technical,In Progress,,
CMP006786,0956-ACVZC,2023-08-15,Wrong Charges,Medium,Billing,Resolved,5.0,5.0
CMP006787,4482-FTFFX,2024-03-26,Poor Network,Low,Billing,Closed,1.0,5.0
CMP006788,0020-JDNXP,2024-09-23,Low Download Speed,Medium,Customer Care,In Progress,,
CMP006789,3752-CQSJI,2024-12-01,Customer Support,High,Sales,Open,,
CMP006790,4770-QAZXN,2024-11-28,Customer Support,Low,Billing,Resolved,1.0,5.0
CMP006791,0282-NVSJS,2024-10-26,Slow Internet,Low,Billing,Resolved,2.0,5.0
CMP006792,7537-CBQUZ,2020-03-03,Call Drop,Low,Customer Care,Resolved,14.0,5.0
CMP006793,3363-EWLGO,2020-01-07,Billing Complaint,Low,Network,Open,,
CMP006794,1689-YQBYY,2022-03-25,Slow Internet,Medium,Technical,Open,,
CMP006795,1689-YQBYY,2023-02-08,Poor Customer Support,High,Sales,Resolved,2.0,5.0
CMP006796,4487-ZYJZK,2023-06-27,Payment Issue,Low,Technical,Resolved,6.0,3.0
CMP006797,2959-FENLU,2025-10-06,Slow Internet,Low,Sales,In Progress,,
CMP006798,7634-HLQJR,2022-07-19,Customer Support,Medium,Sales,Resolved,7.0,4.0
CMP006799,6599-SFQVE,2024-01-17,Installation Delay,High,Network,Resolved,4.0,5.0
CMP006800,4003-FUSHP,2022-10-18,Poor Network,Medium,Billing,Resolved,15.0,4.0
CMP006801,0356-ERHVT,2022-05-01,Payment Issue,Medium,Customer Care,Closed,13.0,3.0
CMP006802,7325-ENZFI,2025-11-04,Slow Internet,High,Billing,Resolved,2.0,3.0
CMP006803,4884-ZTHVF,2023-06-03,Installation Delay,Low,Customer Care,Open,,
CMP006804,4884-ZTHVF,2020-07-16,Installation Delay,Low,Technical,Open,,
CMP006805,3920-HIHMQ,2020-09-10,Call Drop,Medium,Sales,Resolved,2.0,5.0
CMP006806,3920-HIHMQ,2021-11-09,Low Download Speed,Low,Network,Closed,12.0,3.0
CMP006807,3055-OYMSE,2023-07-20,Wrong Charges,Medium,Customer Care,Resolved,9.0,5.0
CMP006808,4458-KVRBJ,2024-07-07,Customer Support,Low,Customer Care,Closed,1.0,5.0
CMP006809,1397-XKKWR,2025-03-15,Call Drop,Medium,Sales,In Progress,,
CMP006810,1397-XKKWR,2021-11-16,Payment Issue,Medium,Customer Care,Closed,1.0,3.0
CMP006811,8085-MSNLK,2024-10-20,Streaming Issue,Low,Network,Resolved,10.0,5.0
CMP006812,9691-HKOVS,2025-06-02,Poor Network,Low,Sales,Resolved,11.0,3.0
CMP006813,9881-VCZEP,2021-06-05,Payment Issue,Medium,Billing,Resolved,3.0,3.0
CMP006814,8757-TFHHJ,2024-12-26,Low Download Speed,Low,Billing,Closed,11.0,3.0
CMP006815,0916-KNFAJ,2020-11-08,Billing Complaint,Medium,Sales,Closed,11.0,4.0
CMP006816,0916-KNFAJ,2021-02-12,Call Drop,Low,Technical,Resolved,9.0,3.0
CMP006817,8319-QBEHW,2025-11-13,Low Download Speed,Medium,Sales,Closed,15.0,3.0
CMP006818,9625-QNLUX,2023-11-16,Streaming Issue,Medium,Sales,Resolved,1.0,5.0
CMP006819,9625-QNLUX,2024-11-10,Poor Customer Support,Low,Customer Care,In Progress,,
CMP006820,0690-SRQID,2022-08-25,Customer Support,Low,Customer Care,Open,,
CMP006821,9605-WGJVW,2022-01-28,Poor Customer Support,Medium,Billing,Resolved,2.0,4.0
CMP006822,9605-WGJVW,2020-09-23,Installation Delay,Medium,Customer Care,In Progress,,
CMP006823,4700-UBQMV,2022-04-04,Payment Issue,Low,Network,Resolved,14.0,5.0
CMP006824,4700-UBQMV,2025-06-06,Installation Delay,Low,Billing,Closed,13.0,5.0
CMP006825,7711-GQBZC,2023-06-01,Customer Support,Medium,Customer Care,Resolved,10.0,4.0
CMP006826,4627-MIHJH,2023-02-15,Payment Issue,Low,Technical,In Progress,,
CMP006827,9795-NREXC,2021-05-02,Poor Customer Support,Medium,Technical,In Progress,,
CMP006828,7356-AYNJP,2025-07-17,Payment Issue,Low,Sales,Resolved,15.0,5.0
CMP006829,8654-DHAOW,2022-05-08,Poor Network,Medium,Customer Care,In Progress,,
CMP006830,8654-DHAOW,2021-07-21,Installation Delay,Medium,Technical,In Progress,,
CMP006831,1228-ZLNBX,2023-10-04,Call Drop,Medium,Network,Resolved,6.0,3.0
CMP006832,3831-YCPUO,2021-09-26,Payment Issue,Low,Billing,Closed,2.0,4.0
CMP006833,3308-DGHKL,2020-08-26,Billing Complaint,Medium,Technical,Open,,
CMP006834,9924-JPRMC,2020-10-03,Poor Customer Support,Low,Customer Care,In Progress,,
CMP006835,0080-EMYVY,2023-06-23,Payment Issue,Medium,Network,Resolved,12.0,3.0
CMP006836,0080-EMYVY,2025-03-27,Payment Issue,Medium,Sales,Resolved,13.0,5.0
CMP006837,6218-KNUBD,2022-01-19,Call Drop,Low,Billing,Resolved,14.0,3.0
CMP006838,7337-CINUD,2022-03-01,Billing Complaint,Medium,Sales,Open,,
CMP006839,7609-NRNCA,2021-05-14,Customer Support,Medium,Customer Care,In Progress,,
CMP006840,0623-EJQEG,2024-08-18,Wrong Charges,Medium,Customer Care,In Progress,,
CMP006841,7153-CHRBV,2020-09-21,Wrong Charges,Low,Billing,Closed,12.0,4.0
CMP006842,6198-PNNSZ,2021-03-03,Call Drop,Medium,Billing,Resolved,12.0,5.0
CMP006843,4132-POCZS,2024-04-13,Wrong Charges,Low,Technical,Resolved,4.0,3.0
CMP006844,9638-JIQYA,2020-03-16,Low Download Speed,Low,Billing,Resolved,8.0,4.0
CMP006845,9638-JIQYA,2024-10-23,Low Download Speed,Medium,Billing,Open,,
CMP006846,3258-SANFR,2024-03-06,Billing Complaint,High,Technical,Resolved,15.0,5.0
CMP006847,3726-TBHQT,2024-11-18,Poor Customer Support,Low,Sales,Closed,2.0,4.0
CMP006848,3190-ITQXP,2020-07-10,Payment Issue,Low,Billing,In Progress,,
CMP006849,2322-VCZHZ,2022-07-22,Low Download Speed,Medium,Technical,Closed,1.0,3.0
CMP006850,6383-ZTSIW,2020-10-19,Slow Internet,High,Customer Care,Closed,7.0,5.0
CMP006851,8990-YOZLV,2021-01-15,Slow Internet,Medium,Network,In Progress,,
CMP006852,5222-IMUKT,2020-01-10,Streaming Issue,Low,Network,In Progress,,
CMP006853,6685-XSHHU,2024-01-25,Billing Complaint,Medium,Customer Care,Resolved,5.0,3.0
CMP006854,8901-UPRHR,2024-06-15,Poor Network,Low,Billing,Resolved,9.0,3.0
CMP006855,0118-JPNOY,2020-08-16,Slow Internet,Low,Network,Open,,
CMP006856,0118-JPNOY,2025-07-13,Poor Customer Support,Medium,Customer Care,Resolved,10.0,5.0
CMP006857,4343-EJVQB,2022-01-15,Low Download Speed,Medium,Customer Care,Closed,8.0,5.0
CMP006858,9000-PLFUZ,2025-09-22,Installation Delay,Low,Technical,Open,,
CMP006859,9000-PLFUZ,2022-02-07,Billing Complaint,Medium,Technical,Closed,10.0,3.0
CMP006860,3427-GGZZI,2022-03-08,Service Outage,Medium,Technical,Resolved,13.0,5.0
CMP006861,3427-GGZZI,2021-11-08,Installation Delay,Medium,Technical,Open,,
CMP006862,7779-ORAEL,2021-03-05,Slow Internet,Medium,Sales,Resolved,9.0,5.0
CMP006863,0644-OQMDK,2020-03-19,Service Outage,Low,Customer Care,Open,,
CMP006864,0644-OQMDK,2022-03-10,Call Drop,Low,Billing,Resolved,5.0,3.0
CMP006865,2220-IAHLS,2020-02-17,Customer Support,Low,Sales,Resolved,5.0,5.0
CMP006866,1658-XUHBX,2023-07-04,Slow Internet,Low,Technical,In Progress,,
CMP006867,1658-XUHBX,2025-01-28,Service Outage,High,Network,Open,,
CMP006868,2378-HTWFW,2020-09-22,Payment Issue,Low,Billing,In Progress,,
CMP006869,2378-HTWFW,2024-01-08,Streaming Issue,Low,Billing,Closed,13.0,3.0
CMP006870,4377-VDHYI,2020-02-09,Slow Internet,Low,Billing,In Progress,,
CMP006871,3719-TDVQB,2025-09-11,Customer Support,Medium,Billing,Resolved,2.0,5.0
CMP006872,0201-MIBOL,2024-12-24,Billing Complaint,Medium,Billing,In Progress,,
CMP006873,0201-MIBOL,2024-12-07,Billing Complaint,Medium,Sales,Closed,12.0,3.0
CMP006874,4937-QPZPO,2025-05-06,Installation Delay,Medium,Technical,Resolved,10.0,3.0
CMP006875,2925-VDZHY,2023-04-06,Installation Delay,Low,Network,Closed,5.0,4.0
CMP006876,3413-CSSTH,2020-03-11,Wrong Charges,Low,Technical,Open,,
CMP006877,3413-CSSTH,2023-05-09,Slow Internet,High,Customer Care,Closed,13.0,5.0
CMP006878,8033-VCZGH,2023-11-05,Service Outage,Medium,Customer Care,Closed,15.0,5.0
CMP006879,8033-VCZGH,2021-06-25,Service Outage,Low,Sales,Resolved,11.0,3.0
CMP006880,7542-CYDDM,2020-06-22,Customer Support,High,Billing,Open,,
CMP006881,8495-PRWFH,2020-08-03,Slow Internet,Medium,Network,Resolved,13.0,3.0
CMP006882,8495-PRWFH,2024-12-07,Slow Internet,Medium,Network,Resolved,9.0,5.0
CMP006883,0439-IFYUN,2023-04-12,Payment Issue,Medium,Network,Resolved,3.0,5.0
CMP006884,5716-LIBJC,2020-10-14,Slow Internet,Medium,Network,Resolved,3.0,5.0
CMP006885,2868-LLSKM,2023-08-23,Payment Issue,Low,Customer Care,Resolved,4.0,5.0
CMP006886,2988-QRAJY,2023-10-12,Poor Network,Low,Network,Resolved,5.0,5.0
CMP006887,2988-QRAJY,2024-02-26,Wrong Charges,Medium,Technical,Resolved,2.0,4.0
CMP006888,1090-PYKCI,2021-01-02,Low Download Speed,Low,Sales,Closed,4.0,3.0
CMP006889,1042-HFUCW,2020-04-06,Frequent Disconnections,Low,Customer Care,Open,,
CMP006890,7162-WPHPM,2025-04-28,Poor Customer Support,Low,Sales,Resolved,1.0,5.0
CMP006891,1599-MMYRQ,2021-06-21,Frequent Disconnections,Low,Customer Care,Closed,7.0,3.0
CMP006892,8821-KVZKQ,2023-07-07,Payment Issue,Medium,Customer Care,Open,,
CMP006893,0130-SXOUN,2025-12-04,Streaming Issue,Low,Billing,Resolved,8.0,3.0
CMP006894,2330-PQGDQ,2020-05-05,Low Download Speed,Medium,Billing,Closed,7.0,3.0
CMP006895,1452-UZOSF,2021-06-02,Wrong Charges,High,Customer Care,Resolved,12.0,3.0
CMP006896,8597-CTXVJ,2025-07-15,Call Drop,Medium,Network,Resolved,15.0,3.0
CMP006897,9962-BFPDU,2025-08-15,Billing Complaint,Low,Technical,Closed,8.0,4.0
CMP006898,1932-UEDCX,2025-09-04,Wrong Charges,Medium,Customer Care,Closed,10.0,3.0
CMP006899,1932-UEDCX,2022-10-08,Frequent Disconnections,Low,Billing,Resolved,5.0,4.0
CMP006900,5188-HGMLP,2024-06-08,Billing Complaint,Low,Sales,Resolved,6.0,5.0
CMP006901,5188-HGMLP,2025-04-28,Low Download Speed,Medium,Sales,Resolved,13.0,4.0
CMP006902,8265-HKSOW,2023-07-09,Installation Delay,Low,Billing,Closed,5.0,3.0
CMP006903,3544-FBCAS,2024-04-05,Installation Delay,Low,Sales,In Progress,,
CMP006904,3544-FBCAS,2025-12-23,Frequent Disconnections,High,Network,In Progress,,
CMP006905,7054-DMVAS,2024-10-07,Poor Network,Medium,Customer Care,Resolved,10.0,3.0
CMP006906,6549-BTYPG,2022-12-04,Streaming Issue,Medium,Billing,Resolved,9.0,5.0
CMP006907,7823-JSOAG,2022-03-12,Poor Customer Support,Medium,Technical,Resolved,14.0,5.0
CMP006908,9074-KGVOX,2022-07-16,Low Download Speed,Medium,Technical,Closed,15.0,5.0
CMP006909,9074-KGVOX,2025-02-22,Low Download Speed,Low,Network,Resolved,14.0,5.0
CMP006910,6128-DAFVY,2023-11-02,Streaming Issue,Medium,Customer Care,Resolved,3.0,5.0
CMP006911,9933-QRGTX,2024-08-13,Billing Complaint,Low,Technical,Resolved,11.0,5.0
CMP006912,5066-GFJMM,2020-03-28,Customer Support,Low,Network,Open,,
CMP006913,2661-GKBTK,2025-05-24,Slow Internet,Low,Network,Resolved,1.0,3.0
CMP006914,0458-HEUZG,2022-09-28,Slow Internet,Low,Customer Care,Resolved,3.0,3.0
CMP006915,0824-VWDPO,2021-12-22,Poor Customer Support,Medium,Billing,In Progress,,
CMP006916,8409-WQJUX,2020-10-13,Frequent Disconnections,Low,Technical,Resolved,9.0,3.0
CMP006917,3278-FSIXX,2023-05-06,Frequent Disconnections,Medium,Billing,In Progress,,
CMP006918,9746-UGFAC,2021-01-07,Billing Complaint,High,Technical,Resolved,9.0,3.0
CMP006919,2946-KIQSP,2025-12-10,Low Download Speed,Low,Customer Care,Closed,7.0,3.0
CMP006920,0625-AFOHS,2020-02-27,Customer Support,Medium,Technical,Closed,11.0,3.0
CMP006921,6726-WEXXK,2020-09-07,Slow Internet,Low,Sales,Closed,13.0,3.0
CMP006922,4685-ERGHK,2021-06-10,Payment Issue,Medium,Customer Care,Resolved,14.0,4.0
CMP006923,4685-ERGHK,2021-05-21,Service Outage,Low,Customer Care,Open,,
CMP006924,5003-OKNNK,2024-10-13,Payment Issue,Low,Billing,Closed,11.0,5.0
CMP006925,7208-PSIHR,2022-06-10,Service Outage,Low,Sales,In Progress,,
CMP006926,2985-FMWYF,2024-08-15,Installation Delay,Medium,Sales,Resolved,14.0,3.0
CMP006927,2985-FMWYF,2022-04-20,Poor Network,Medium,Sales,Resolved,2.0,5.0
CMP006928,2812-ENYMO,2025-11-24,Frequent Disconnections,Low,Billing,Resolved,12.0,5.0
CMP006929,2717-HVIZY,2022-08-20,Customer Support,Low,Sales,Resolved,5.0,5.0
CMP006930,3422-GALYP,2024-05-16,Streaming Issue,Medium,Technical,Closed,3.0,4.0
CMP006931,2890-WFBHU,2020-07-11,Service Outage,Medium,Billing,Resolved,9.0,3.0
CMP006932,0327-WFZSY,2022-12-18,Slow Internet,Medium,Sales,Open,,
CMP006933,0327-WFZSY,2025-02-22,Billing Complaint,Low,Billing,Open,,
CMP006934,7977-HXJKU,2022-12-17,Payment Issue,Medium,Network,Closed,9.0,5.0
CMP006935,0864-FVJNJ,2025-03-17,Slow Internet,Low,Sales,Resolved,7.0,5.0
CMP006936,7356-IWLFW,2024-01-03,Installation Delay,High,Sales,Resolved,6.0,3.0
CMP006937,7356-IWLFW,2021-04-21,Poor Network,Low,Billing,Open,,
CMP006938,6308-CQRBU,2020-11-18,Installation Delay,Medium,Sales,Closed,11.0,4.0
CMP006939,0186-CAERR,2022-12-25,Poor Customer Support,Low,Sales,Resolved,2.0,4.0
CMP006940,2169-RRLFW,2020-02-04,Customer Support,Low,Network,In Progress,,
CMP006941,5872-OEQNH,2020-08-04,Poor Network,Low,Billing,Resolved,11.0,4.0
CMP006942,8873-GLDMH,2024-04-14,Service Outage,High,Customer Care,In Progress,,
CMP006943,8873-GLDMH,2025-05-16,Payment Issue,Low,Billing,Open,,
CMP006944,5696-JVVQY,2021-04-06,Slow Internet,Medium,Customer Care,Open,,
CMP006945,8946-BFWSG,2022-01-02,Billing Complaint,Low,Billing,Closed,8.0,5.0
CMP006946,3249-VHRIP,2022-02-25,Slow Internet,Low,Sales,In Progress,,
CMP006947,3249-VHRIP,2021-06-16,Streaming Issue,High,Technical,Resolved,10.0,5.0
CMP006948,4701-LKOZD,2023-07-25,Service Outage,Low,Sales,Closed,12.0,3.0
CMP006949,9921-QFQUL,2025-04-09,Poor Customer Support,High,Billing,Resolved,15.0,4.0
CMP006950,8647-SDTWQ,2023-01-20,Installation Delay,Low,Network,Closed,4.0,5.0
CMP006951,3323-CPBWR,2025-04-24,Call Drop,Medium,Billing,In Progress,,
CMP006952,3384-CTMSF,2021-06-01,Wrong Charges,Low,Technical,Open,,
CMP006953,6048-QBXKL,2025-01-03,Service Outage,Medium,Billing,Resolved,14.0,4.0
CMP006954,7718-RXDGG,2022-02-03,Wrong Charges,Medium,Network,In Progress,,
CMP006955,7718-RXDGG,2021-08-01,Streaming Issue,Low,Network,In Progress,,
CMP006956,3451-VAWLI,2023-07-23,Customer Support,Low,Customer Care,Closed,4.0,5.0
CMP006957,3407-QGWLG,2025-01-19,Customer Support,Medium,Billing,In Progress,,
CMP006958,8735-DCXNF,2020-06-01,Payment Issue,Low,Sales,Closed,2.0,3.0
CMP006959,1936-UAFEH,2020-02-17,Service Outage,Medium,Customer Care,Closed,14.0,4.0
CMP006960,3587-PMCOY,2023-05-20,Service Outage,Medium,Sales,In Progress,,
CMP006961,1027-LKKQQ,2020-06-22,Streaming Issue,Medium,Sales,Open,,
CMP006962,9717-IOAAF,2020-04-27,Customer Support,Medium,Billing,Resolved,15.0,3.0
CMP006963,2845-KDHVX,2024-12-01,Low Download Speed,Medium,Sales,Resolved,9.0,5.0
CMP006964,6368-TZZDT,2022-10-10,Customer Support,Medium,Network,Open,,
CMP006965,0943-ZQPXH,2022-06-26,Frequent Disconnections,Medium,Network,In Progress,,
CMP006966,0943-ZQPXH,2020-07-25,Poor Network,Low,Sales,Resolved,6.0,5.0
CMP006967,1302-TPUBN,2022-03-09,Billing Complaint,High,Customer Care,In Progress,,
CMP006968,2378-VTKDH,2022-08-19,Frequent Disconnections,Medium,Customer Care,Closed,3.0,3.0
CMP006969,0927-CNGRH,2021-11-17,Payment Issue,Medium,Sales,Closed,3.0,4.0
CMP006970,8608-OZTLB,2020-06-27,Poor Network,Medium,Technical,Open,,
CMP006971,2335-GSODA,2020-08-16,Poor Customer Support,Low,Technical,Resolved,11.0,4.0
CMP006972,1952-DVVSW,2023-07-27,Customer Support,Medium,Customer Care,Resolved,2.0,3.0
CMP006973,9853-JFZDU,2023-03-22,Frequent Disconnections,Medium,Network,Closed,9.0,5.0
CMP006974,3999-WRNGR,2022-11-24,Frequent Disconnections,Medium,Customer Care,Closed,5.0,5.0
CMP006975,3999-WRNGR,2022-04-09,Slow Internet,Medium,Sales,Open,,
CMP006976,3466-RITXD,2025-07-18,Payment Issue,Medium,Network,Open,,
CMP006977,3466-RITXD,2020-10-15,Poor Network,Low,Technical,Resolved,9.0,5.0
CMP006978,7994-XIRTR,2022-04-03,Frequent Disconnections,High,Network,Closed,15.0,5.0
CMP006979,7921-BEPCI,2024-02-27,Streaming Issue,Medium,Technical,Closed,4.0,4.0
CMP006980,7921-BEPCI,2020-02-03,Poor Customer Support,Low,Sales,Open,,
CMP006981,5298-GSTLM,2022-11-14,Billing Complaint,Low,Sales,In Progress,,
CMP006982,5298-GSTLM,2023-02-04,Poor Network,Medium,Network,Resolved,6.0,4.0
CMP006983,4450-YOOHP,2023-10-21,Service Outage,Low,Network,In Progress,,
CMP006984,4450-YOOHP,2022-02-25,Wrong Charges,Medium,Billing,Resolved,8.0,4.0
CMP006985,6728-CZFEI,2021-08-14,Call Drop,High,Billing,In Progress,,
CMP006986,5119-NZPTV,2023-12-15,Payment Issue,Medium,Billing,In Progress,,
CMP006987,5119-NZPTV,2025-05-10,Call Drop,Medium,Billing,In Progress,,
CMP006988,8224-UAXBZ,2021-10-04,Wrong Charges,Medium,Sales,In Progress,,
CMP006989,8224-UAXBZ,2023-07-21,Payment Issue,High,Billing,Resolved,5.0,3.0
CMP006990,8668-KNZTI,2021-12-22,Service Outage,Low,Network,Resolved,1.0,4.0
CMP006991,0480-KYJVA,2023-02-16,Billing Complaint,High,Technical,Open,,
CMP006992,9746-YKGXB,2020-03-19,Frequent Disconnections,Low,Network,Resolved,2.0,4.0
CMP006993,9746-YKGXB,2020-04-03,Service Outage,Low,Customer Care,Resolved,12.0,4.0
CMP006994,6000-UKLWI,2025-05-19,Customer Support,Medium,Customer Care,Resolved,13.0,4.0
CMP006995,2096-XOTMO,2024-02-15,Billing Complaint,Low,Technical,Resolved,12.0,3.0
CMP006996,2346-LOCWC,2021-07-09,Customer Support,Low,Technical,Open,,
CMP006997,2809-ZMYOQ,2023-09-12,Streaming Issue,Medium,Technical,Closed,2.0,3.0
CMP006998,0254-WWRKD,2020-02-10,Service Outage,High,Technical,Closed,1.0,5.0
CMP006999,2205-LPVGL,2021-02-06,Billing Complaint,High,Sales,In Progress,,
CMP007000,8782-NUUOL,2022-06-24,Poor Customer Support,Medium,Sales,Closed,13.0,3.0
CMP007001,7601-WFVZV,2021-03-06,Customer Support,Low,Network,Resolved,7.0,3.0
CMP007002,9529-OFXHY,2025-03-11,Call Drop,Medium,Sales,Resolved,1.0,4.0
CMP007003,2478-EEWWM,2023-08-19,Call Drop,Medium,Customer Care,Open,,
CMP007004,2233-TXSIU,2024-11-25,Slow Internet,Medium,Customer Care,Resolved,11.0,5.0
CMP007005,2233-TXSIU,2021-07-12,Call Drop,Medium,Sales,Closed,13.0,4.0
CMP007006,9644-UMGQA,2022-06-15,Call Drop,Medium,Customer Care,Resolved,6.0,3.0
CMP007007,3256-EZDBI,2023-02-06,Slow Internet,Medium,Sales,Open,,
CMP007008,3256-EZDBI,2022-05-08,Installation Delay,High,Sales,Resolved,1.0,5.0
CMP007009,0419-YAAPX,2022-06-22,Installation Delay,Medium,Customer Care,Closed,7.0,3.0
CMP007010,0872-CASZJ,2023-04-20,Call Drop,Medium,Billing,In Progress,,
CMP007011,4726-DLWQN,2021-08-06,Streaming Issue,Medium,Sales,Closed,2.0,5.0
CMP007012,4726-DLWQN,2020-03-22,Call Drop,High,Sales,In Progress,,
CMP007013,8164-OCKUJ,2025-06-24,Billing Complaint,High,Technical,In Progress,,
CMP007014,3094-JOJAI,2025-07-10,Call Drop,Low,Billing,Resolved,13.0,3.0
CMP007015,2599-CZABP,2024-07-15,Installation Delay,High,Network,Open,,
CMP007016,4544-RXFMG,2021-05-09,Wrong Charges,Low,Sales,Closed,5.0,5.0
CMP007017,0859-YGKFW,2022-10-24,Customer Support,Medium,Billing,In Progress,,
CMP007018,1150-FTQGN,2025-03-22,Payment Issue,Low,Network,Closed,2.0,4.0
CMP007019,1150-FTQGN,2023-09-11,Frequent Disconnections,Low,Billing,Resolved,4.0,3.0
CMP007020,7196-LIWRH,2025-03-10,Billing Complaint,Medium,Sales,Resolved,8.0,4.0
CMP007021,5448-VWNAM,2021-11-11,Streaming Issue,Low,Billing,In Progress,,
CMP007022,9330-VOFSZ,2023-01-01,Call Drop,Medium,Billing,Open,,
CMP007023,9389-ACWBI,2021-07-07,Streaming Issue,Medium,Sales,Closed,12.0,5.0
CMP007024,9389-ACWBI,2023-06-19,Poor Network,High,Technical,In Progress,,
CMP007025,3644-QXEHN,2025-03-22,Low Download Speed,Low,Technical,Resolved,10.0,5.0
CMP007026,3644-QXEHN,2022-07-15,Poor Network,Low,Customer Care,Resolved,7.0,5.0
CMP007027,5921-NGYRH,2023-05-14,Frequent Disconnections,Low,Network,Open,,
CMP007028,4310-KEDTB,2025-03-15,Streaming Issue,Low,Sales,Resolved,8.0,4.0
CMP007029,4062-HBMOS,2023-09-28,Poor Network,Low,Sales,Resolved,1.0,4.0
CMP007030,4062-HBMOS,2024-10-18,Call Drop,Low,Technical,Closed,13.0,4.0
CMP007031,9236-NDUCW,2025-04-04,Frequent Disconnections,Medium,Sales,Closed,12.0,3.0
CMP007032,4753-PADAS,2025-02-13,Billing Complaint,Low,Billing,Resolved,1.0,5.0
CMP007033,4753-PADAS,2023-02-11,Service Outage,Medium,Sales,In Progress,,
CMP007034,6103-QCKFX,2025-01-10,Installation Delay,Medium,Billing,Resolved,9.0,5.0
CMP007035,7781-EWARA,2024-12-22,Streaming Issue,Low,Billing,Resolved,14.0,3.0
CMP007036,7018-FPXHH,2020-10-27,Installation Delay,Medium,Network,Closed,11.0,5.0
CMP007037,5135-RDDQL,2020-01-03,Poor Network,Medium,Sales,Resolved,8.0,4.0
CMP007038,5135-RDDQL,2021-01-20,Streaming Issue,High,Technical,Resolved,2.0,5.0
CMP007039,1353-LJWEM,2023-12-23,Streaming Issue,Low,Technical,In Progress,,
CMP007040,4184-VODJZ,2021-11-06,Poor Customer Support,Medium,Network,Closed,5.0,3.0
CMP007041,1092-WPIVQ,2020-04-18,Customer Support,Low,Sales,Closed,8.0,5.0
CMP007042,2834-JKOOW,2023-11-07,Poor Customer Support,Low,Network,Resolved,7.0,3.0
CMP007043,1104-TNLZA,2024-05-17,Service Outage,Low,Billing,Open,,
CMP007044,3439-GVUSX,2024-05-05,Slow Internet,Medium,Technical,Resolved,1.0,5.0
CMP007045,5949-HGVJL,2022-06-16,Service Outage,Low,Customer Care,In Progress,,
CMP007046,5012-YSPJJ,2020-06-27,Wrong Charges,Low,Technical,Closed,3.0,5.0
CMP007047,6728-VOIFY,2021-09-05,Streaming Issue,Low,Technical,Closed,6.0,3.0
CMP007048,4891-NLUBA,2021-02-15,Wrong Charges,Medium,Billing,Resolved,1.0,3.0
CMP007049,8709-KRDVL,2025-12-27,Wrong Charges,Low,Technical,In Progress,,
CMP007050,8709-KRDVL,2020-05-03,Poor Network,High,Sales,In Progress,,
CMP007051,1427-VERSM,2024-08-11,Slow Internet,Low,Billing,Closed,10.0,3.0
CMP007052,6339-YPSAH,2025-09-01,Low Download Speed,Low,Sales,In Progress,,
CMP007053,6215-NQCPY,2023-04-20,Service Outage,Low,Network,Open,,
CMP007054,6215-NQCPY,2025-10-20,Slow Internet,High,Technical,Resolved,8.0,5.0
CMP007055,5647-URDKA,2023-05-01,Billing Complaint,High,Billing,Resolved,3.0,5.0
CMP007056,2188-SXWVT,2024-08-07,Wrong Charges,Medium,Customer Care,In Progress,,
CMP007057,1094-BKOSX,2024-07-10,Call Drop,Low,Customer Care,Closed,7.0,4.0
CMP007058,6953-PBDIN,2020-11-11,Poor Customer Support,Medium,Network,Resolved,8.0,5.0
CMP007059,3898-BSJYF,2023-04-16,Frequent Disconnections,Medium,Sales,Closed,9.0,5.0
CMP007060,3938-YFPXD,2022-10-17,Poor Network,Low,Network,Resolved,10.0,4.0
CMP007061,2453-SAFNS,2020-11-05,Frequent Disconnections,Medium,Sales,Open,,
CMP007062,6813-GZQCG,2023-04-20,Payment Issue,High,Sales,Resolved,5.0,4.0
CMP007063,3118-UHVVQ,2023-04-21,Customer Support,Low,Billing,Closed,4.0,5.0
CMP007064,3205-MXZRA,2021-11-07,Streaming Issue,Medium,Billing,Open,,
CMP007065,8317-BVKSO,2024-04-04,Billing Complaint,Medium,Technical,Closed,6.0,3.0
CMP007066,5702-KVQRD,2025-06-20,Service Outage,Low,Sales,Closed,6.0,3.0
CMP007067,0083-PIVIK,2023-12-03,Billing Complaint,Medium,Technical,Resolved,13.0,4.0
CMP007068,4657-FWVFY,2024-11-03,Service Outage,Low,Technical,Resolved,2.0,3.0
CMP007069,4657-FWVFY,2025-03-21,Low Download Speed,Low,Customer Care,Open,,
CMP007070,7729-JTEEC,2022-09-18,Payment Issue,Low,Customer Care,Resolved,6.0,5.0
CMP007071,9696-RMYBA,2020-12-08,Installation Delay,High,Billing,Resolved,13.0,3.0
CMP007072,9696-RMYBA,2023-01-03,Poor Customer Support,Low,Sales,Closed,6.0,3.0
CMP007073,8822-KNBHV,2023-09-07,Slow Internet,Low,Technical,In Progress,,
CMP007074,8822-KNBHV,2022-08-13,Payment Issue,Medium,Billing,Resolved,3.0,3.0
CMP007075,6437-UDQJM,2023-02-24,Service Outage,Medium,Sales,Resolved,1.0,3.0
CMP007076,6437-UDQJM,2025-04-26,Slow Internet,Medium,Sales,Open,,
CMP007077,2108-GLPQB,2025-11-01,Installation Delay,Medium,Technical,Resolved,2.0,5.0
CMP007078,2108-GLPQB,2023-04-18,Streaming Issue,Low,Billing,Closed,14.0,3.0
CMP007079,5474-LAMUQ,2020-11-27,Customer Support,High,Sales,Open,,
CMP007080,4990-ALDGW,2022-07-15,Customer Support,Low,Network,Closed,9.0,4.0
CMP007081,4816-OKWNX,2020-11-04,Service Outage,Low,Billing,Resolved,10.0,5.0
CMP007082,8006-PYCSW,2020-10-04,Payment Issue,Medium,Billing,Resolved,13.0,4.0
CMP007083,8249-THVEC,2021-02-15,Payment Issue,Low,Sales,In Progress,,
CMP007084,4020-KIUDI,2023-02-21,Billing Complaint,Medium,Customer Care,In Progress,,
CMP007085,5850-BDWCY,2023-05-19,Payment Issue,Low,Customer Care,Closed,9.0,3.0
CMP007086,2038-YSEZE,2020-06-11,Call Drop,Medium,Customer Care,Resolved,14.0,3.0
CMP007087,8799-OXZMD,2022-12-07,Poor Customer Support,Medium,Network,In Progress,,
CMP007088,8799-OXZMD,2025-10-14,Installation Delay,Medium,Technical,Open,,
CMP007089,1705-GUHPV,2023-09-21,Customer Support,Medium,Technical,Closed,2.0,5.0
CMP007090,3967-KXAPS,2023-11-01,Payment Issue,High,Customer Care,Resolved,3.0,4.0
CMP007091,3704-IEAXF,2022-05-17,Payment Issue,Medium,Technical,Closed,3.0,4.0
CMP007092,0674-EYYZV,2024-12-12,Service Outage,Medium,Sales,Open,,
CMP007093,4480-MBMLB,2022-01-09,Frequent Disconnections,Medium,Billing,Resolved,3.0,3.0
CMP007094,4480-MBMLB,2023-07-10,Wrong Charges,High,Network,In Progress,,
CMP007095,1395-OFUWC,2025-06-21,Installation Delay,Low,Network,Open,,
CMP007096,1395-OFUWC,2024-04-07,Frequent Disconnections,Medium,Sales,In Progress,,
CMP007097,3588-WSTTJ,2022-09-21,Installation Delay,Medium,Technical,Closed,8.0,4.0
CMP007098,3588-WSTTJ,2023-04-01,Streaming Issue,Low,Sales,Resolved,5.0,5.0
CMP007099,5090-EMGTC,2021-05-01,Installation Delay,Low,Network,Open,,
CMP007100,2346-CZYIL,2024-09-02,Customer Support,Low,Billing,Closed,5.0,5.0
CMP007101,3798-EPWRR,2021-12-26,Slow Internet,Medium,Network,Resolved,3.0,3.0
CMP007102,3798-EPWRR,2021-01-19,Poor Customer Support,Medium,Billing,Resolved,2.0,3.0
CMP007103,5274-XHAKY,2024-06-15,Payment Issue,Low,Network,Resolved,6.0,5.0
CMP007104,1442-BQPVU,2022-09-04,Slow Internet,Medium,Customer Care,Open,,
CMP007105,3978-YNKDD,2024-11-23,Billing Complaint,Medium,Sales,Closed,2.0,3.0
CMP007106,4940-KHCWD,2020-03-22,Installation Delay,Low,Customer Care,Resolved,1.0,5.0
CMP007107,9589-ABEPT,2023-07-03,Streaming Issue,Low,Sales,Open,,
CMP007108,9388-ZEYVT,2020-02-20,Poor Network,High,Sales,Open,,
CMP007109,7605-SNLQG,2020-12-02,Billing Complaint,Low,Technical,Closed,10.0,3.0
CMP007110,7605-SNLQG,2021-03-23,Poor Network,Low,Customer Care,Closed,1.0,5.0
CMP007111,8561-NMTBD,2025-12-10,Wrong Charges,Medium,Customer Care,In Progress,,
CMP007112,7895-VONWT,2025-10-19,Slow Internet,Medium,Customer Care,Resolved,7.0,3.0
CMP007113,7895-VONWT,2023-07-14,Billing Complaint,Medium,Billing,Closed,13.0,5.0
CMP007114,4526-RMTLL,2023-09-08,Poor Customer Support,Low,Network,In Progress,,
CMP007115,8080-POTJR,2021-05-24,Poor Network,Medium,Sales,Resolved,12.0,3.0
CMP007116,8080-POTJR,2022-07-05,Frequent Disconnections,Low,Customer Care,Closed,13.0,3.0
CMP007117,6906-MPARY,2023-06-20,Billing Complaint,Medium,Billing,Resolved,6.0,4.0
CMP007118,8107-RZLNV,2020-04-11,Streaming Issue,High,Network,Resolved,7.0,4.0
CMP007119,2027-CWDNU,2021-09-16,Frequent Disconnections,Medium,Sales,In Progress,,
CMP007120,9912-OMZDS,2022-12-14,Low Download Speed,Low,Network,Resolved,5.0,3.0
CMP007121,7878-RTCZG,2020-05-07,Customer Support,Low,Billing,Closed,11.0,5.0
CMP007122,4989-LIXVT,2020-03-02,Payment Issue,Low,Technical,Resolved,15.0,4.0
CMP007123,4989-LIXVT,2021-05-27,Poor Network,Low,Technical,Resolved,10.0,5.0
CMP007124,1173-XZPYF,2025-04-20,Streaming Issue,Medium,Technical,Closed,13.0,4.0
CMP007125,2509-TFPJU,2020-07-28,Billing Complaint,Medium,Sales,Resolved,13.0,4.0
CMP007126,5481-NTDOH,2023-01-14,Poor Customer Support,Medium,Sales,In Progress,,
CMP007127,2068-WWXQZ,2020-03-08,Billing Complaint,Medium,Technical,Closed,9.0,3.0
CMP007128,0749-IRGQE,2022-12-18,Poor Customer Support,Medium,Technical,Closed,2.0,3.0
CMP007129,2256-YLYLP,2020-11-01,Poor Network,High,Sales,In Progress,,
CMP007130,1272-ILHFG,2025-04-17,Customer Support,Low,Customer Care,Resolved,7.0,5.0
CMP007131,6365-HITVU,2021-05-03,Frequent Disconnections,Medium,Technical,In Progress,,
CMP007132,9488-FYQAU,2023-05-13,Call Drop,Low,Network,Open,,
CMP007133,6994-KERXL,2022-12-05,Wrong Charges,Low,Network,In Progress,,
CMP007134,6994-KERXL,2025-02-10,Wrong Charges,High,Technical,In Progress,,
CMP007135,1960-UOTYM,2023-03-12,Call Drop,Low,Technical,Resolved,2.0,5.0
CMP007136,1960-UOTYM,2025-12-24,Frequent Disconnections,Low,Customer Care,Resolved,11.0,5.0
CMP007137,2740-JFBOK,2022-12-15,Billing Complaint,Medium,Customer Care,Resolved,10.0,4.0
CMP007138,5245-VDBUR,2023-05-05,Payment Issue,Low,Customer Care,Resolved,4.0,5.0
CMP007139,2144-ESWKO,2023-10-10,Service Outage,Medium,Network,In Progress,,
CMP007140,1241-FPMOF,2022-05-27,Payment Issue,Medium,Sales,Open,,
CMP007141,4114-QMKVN,2025-07-08,Poor Network,Medium,Billing,Open,,
CMP007142,4114-QMKVN,2021-09-14,Low Download Speed,High,Technical,Resolved,7.0,5.0
CMP007143,2775-SEFEE,2020-08-02,Call Drop,Medium,Technical,Resolved,12.0,3.0
CMP007144,9916-AYHTC,2021-09-06,Payment Issue,Low,Sales,In Progress,,
CMP007145,0970-QXPXW,2023-01-15,Payment Issue,Medium,Network,In Progress,,
CMP007146,3259-KNMRR,2024-08-12,Poor Customer Support,Medium,Billing,Open,,
CMP007147,6120-RJKLU,2023-09-20,Streaming Issue,Medium,Network,In Progress,,
CMP007148,9572-WUKSB,2022-05-25,Wrong Charges,Medium,Sales,Resolved,13.0,3.0
CMP007149,5893-KCLGT,2021-01-08,Customer Support,High,Network,In Progress,,
CMP007150,3640-JQGJG,2020-06-06,Slow Internet,Low,Technical,In Progress,,
CMP007151,1596-OQSPS,2020-05-24,Payment Issue,Low,Customer Care,Resolved,6.0,5.0
CMP007152,1596-OQSPS,2020-01-10,Slow Internet,Low,Technical,In Progress,,
CMP007153,9867-XOBQA,2022-11-07,Payment Issue,Medium,Sales,Resolved,14.0,5.0
CMP007154,9546-KDTRB,2021-09-18,Payment Issue,Medium,Network,Resolved,11.0,4.0
CMP007155,8441-SHIPE,2021-05-17,Payment Issue,Low,Technical,Resolved,9.0,3.0
CMP007156,1320-GVNHT,2020-09-28,Wrong Charges,Medium,Billing,Resolved,10.0,4.0
CMP007157,1320-GVNHT,2023-11-16,Poor Customer Support,Low,Technical,In Progress,,
CMP007158,1047-RNXZV,2021-01-20,Payment Issue,High,Customer Care,In Progress,,
CMP007159,3541-ZNUHK,2020-08-24,Installation Delay,Low,Sales,Closed,11.0,3.0
CMP007160,8725-JEDFD,2023-03-09,Wrong Charges,Medium,Billing,In Progress,,
CMP007161,4323-OHFOW,2021-01-13,Streaming Issue,Medium,Billing,Resolved,3.0,4.0
CMP007162,2030-BTZRO,2020-07-16,Customer Support,Medium,Network,Resolved,3.0,5.0
CMP007163,1116-DXXDF,2022-06-01,Poor Network,Medium,Network,Resolved,4.0,5.0
CMP007164,1116-DXXDF,2020-10-07,Installation Delay,Low,Sales,Resolved,14.0,4.0
CMP007165,6563-VNPMN,2022-07-11,Streaming Issue,High,Billing,Open,,
CMP007166,2267-WTPYD,2021-04-15,Slow Internet,Low,Sales,Closed,11.0,3.0
CMP007167,0270-THENM,2025-10-20,Low Download Speed,Low,Technical,Resolved,10.0,5.0
CMP007168,7009-LGECI,2023-07-23,Poor Network,Low,Technical,Resolved,2.0,4.0
CMP007169,7976-CICYS,2023-12-02,Customer Support,High,Sales,Closed,5.0,5.0
CMP007170,2005-DWQZJ,2021-01-03,Payment Issue,Low,Technical,Resolved,9.0,3.0
CMP007171,8148-WOCMK,2020-03-21,Payment Issue,High,Customer Care,Open,,
CMP007172,9129-UXERG,2020-10-21,Call Drop,Medium,Technical,Open,,
CMP007173,3635-JBPSG,2020-10-08,Frequent Disconnections,Medium,Technical,In Progress,,
CMP007174,3635-JBPSG,2020-06-27,Billing Complaint,Low,Billing,Open,,
CMP007175,7964-ZRKKG,2022-11-21,Installation Delay,Low,Customer Care,Resolved,6.0,5.0
CMP007176,7964-ZRKKG,2020-08-28,Call Drop,High,Sales,Closed,12.0,4.0
CMP007177,6229-LSCKB,2023-07-15,Service Outage,Medium,Technical,Closed,4.0,5.0
CMP007178,6229-LSCKB,2020-03-18,Slow Internet,Low,Sales,In Progress,,
CMP007179,6127-IYJOZ,2024-12-13,Installation Delay,Medium,Billing,Resolved,11.0,3.0
CMP007180,6127-IYJOZ,2025-09-08,Poor Customer Support,Low,Network,Closed,15.0,3.0
CMP007181,5916-QEWPT,2020-09-08,Poor Customer Support,Low,Billing,In Progress,,
CMP007182,5916-QEWPT,2020-10-09,Wrong Charges,Medium,Sales,Open,,
CMP007183,5060-TQUQN,2024-08-27,Installation Delay,Low,Customer Care,Resolved,14.0,3.0
CMP007184,8465-SBRXP,2025-01-27,Frequent Disconnections,Low,Sales,Resolved,3.0,5.0
CMP007185,2408-PSJVE,2024-12-21,Wrong Charges,Low,Technical,Resolved,13.0,4.0
CMP007186,9700-ZCLOT,2022-03-07,Payment Issue,Low,Technical,Closed,9.0,4.0
CMP007187,8738-JOKAR,2025-01-20,Service Outage,Medium,Network,Closed,3.0,5.0
CMP007188,4534-WGCIR,2025-03-21,Payment Issue,Medium,Sales,Closed,13.0,5.0
CMP007189,1930-WNXSB,2023-05-03,Slow Internet,Medium,Sales,Resolved,8.0,3.0
CMP007190,8792-AOROI,2024-02-08,Slow Internet,Medium,Customer Care,Open,,
CMP007191,5146-YYFRZ,2023-09-27,Payment Issue,Low,Customer Care,Resolved,14.0,5.0
CMP007192,4070-OKWVH,2023-03-23,Slow Internet,Low,Network,Resolved,2.0,3.0
CMP007193,4070-OKWVH,2024-10-18,Service Outage,Medium,Customer Care,Resolved,6.0,3.0
CMP007194,5297-MDOIR,2022-04-14,Low Download Speed,Medium,Sales,Open,,
CMP007195,6341-AEVKX,2024-12-06,Wrong Charges,Medium,Technical,Resolved,2.0,5.0
CMP007196,0682-USIXD,2024-09-27,Payment Issue,Low,Sales,Resolved,2.0,3.0
CMP007197,2133-TSRRM,2021-06-24,Low Download Speed,Medium,Billing,Resolved,8.0,3.0
CMP007198,3191-CSNMG,2020-08-12,Billing Complaint,Low,Customer Care,Resolved,14.0,4.0
CMP007199,7952-OBOYL,2022-02-16,Frequent Disconnections,High,Customer Care,Closed,3.0,4.0
CMP007200,7470-DYNOE,2022-02-15,Payment Issue,Low,Sales,Closed,15.0,3.0
CMP007201,7470-DYNOE,2025-02-09,Frequent Disconnections,Low,Technical,Closed,15.0,4.0
CMP007202,7853-OETYL,2022-01-23,Wrong Charges,Low,Technical,In Progress,,
CMP007203,1545-ACTAS,2020-05-01,Poor Network,Medium,Sales,Open,,
CMP007204,1545-ACTAS,2020-05-28,Billing Complaint,Low,Network,Resolved,9.0,3.0
CMP007205,5126-RCXYW,2024-02-02,Service Outage,Medium,Sales,Closed,9.0,3.0
CMP007206,1956-YIFGE,2025-12-01,Poor Network,Low,Technical,Resolved,2.0,4.0
CMP007207,2925-MXLSX,2024-03-16,Installation Delay,Medium,Sales,Resolved,10.0,3.0
CMP007208,9609-BENEA,2021-12-03,Poor Customer Support,Low,Customer Care,Resolved,13.0,4.0
CMP007209,4459-BBGHE,2021-12-20,Streaming Issue,High,Customer Care,Resolved,6.0,4.0
CMP007210,4459-BBGHE,2024-07-02,Streaming Issue,Medium,Technical,In Progress,,
CMP007211,9945-PSVIP,2022-05-13,Billing Complaint,High,Network,Resolved,10.0,3.0
CMP007212,9108-EJFJP,2023-02-13,Slow Internet,Low,Sales,Resolved,13.0,3.0
CMP007213,9108-EJFJP,2024-11-09,Slow Internet,Low,Sales,Resolved,13.0,3.0
CMP007214,2215-ZAFGX,2022-02-26,Poor Customer Support,Medium,Network,Resolved,1.0,5.0
CMP007215,2215-ZAFGX,2022-11-24,Billing Complaint,High,Customer Care,Resolved,10.0,4.0
CMP007216,8213-TAZPM,2023-04-10,Installation Delay,Low,Sales,Open,,
CMP007217,7242-EDTYC,2020-04-15,Billing Complaint,Medium,Network,In Progress,,
CMP007218,2904-GGUAZ,2020-10-06,Call Drop,Low,Network,In Progress,,
CMP007219,5136-GFPMB,2021-09-05,Poor Network,Medium,Sales,Resolved,3.0,4.0
CMP007220,5136-GFPMB,2022-01-08,Low Download Speed,Medium,Sales,Resolved,5.0,3.0
CMP007221,2595-KIWPV,2024-03-13,Payment Issue,Medium,Sales,Resolved,14.0,5.0
CMP007222,5243-SAOTC,2021-06-19,Frequent Disconnections,Low,Customer Care,Closed,9.0,4.0
CMP007223,5243-SAOTC,2020-03-10,Frequent Disconnections,Low,Technical,Resolved,4.0,5.0
CMP007224,7619-PLRLP,2023-11-12,Frequent Disconnections,Medium,Customer Care,Resolved,2.0,4.0
CMP007225,7619-PLRLP,2022-05-22,Poor Network,Medium,Technical,Open,,
CMP007226,6508-NJYRO,2020-03-13,Customer Support,High,Billing,Open,,
CMP007227,5306-BVTKJ,2020-11-22,Poor Customer Support,Low,Sales,Resolved,11.0,4.0
CMP007228,5306-BVTKJ,2024-03-13,Low Download Speed,Medium,Billing,Open,,
CMP007229,0463-ZSDNT,2020-01-08,Installation Delay,Medium,Network,Resolved,8.0,5.0
CMP007230,7746-AWNQW,2022-09-25,Installation Delay,Medium,Technical,Open,,
CMP007231,2758-RNWXS,2024-08-26,Call Drop,Medium,Sales,Resolved,3.0,5.0
CMP007232,2314-TNDJQ,2023-05-10,Slow Internet,Low,Billing,Resolved,14.0,4.0
CMP007233,3454-JFUBC,2021-07-04,Billing Complaint,Low,Technical,Resolved,11.0,3.0
CMP007234,2898-MRKPI,2022-09-19,Payment Issue,Low,Technical,Closed,4.0,5.0
CMP007235,2898-MRKPI,2021-03-01,Wrong Charges,Medium,Network,Closed,4.0,5.0
CMP007236,2750-BJLSB,2022-04-01,Installation Delay,Medium,Technical,Closed,11.0,3.0
CMP007237,3648-GZPHF,2023-11-12,Streaming Issue,Low,Sales,Closed,15.0,5.0
CMP007238,2075-RMJIK,2021-02-18,Streaming Issue,Low,Network,In Progress,,
CMP007239,9588-YRFHY,2025-06-22,Payment Issue,Medium,Network,Resolved,11.0,3.0
CMP007240,9364-YKUVW,2023-05-12,Payment Issue,Medium,Sales,Resolved,4.0,3.0
CMP007241,2451-YMUXS,2024-07-04,Call Drop,Low,Network,Open,,
CMP007242,1024-KPRBB,2023-05-14,Billing Complaint,High,Network,Resolved,8.0,5.0
CMP007243,1024-KPRBB,2024-11-14,Streaming Issue,Medium,Customer Care,Resolved,8.0,3.0
CMP007244,4690-PKDQG,2025-03-17,Installation Delay,High,Sales,Resolved,13.0,3.0
CMP007245,9547-ITEFG,2022-11-20,Service Outage,Medium,Sales,Resolved,7.0,4.0
CMP007246,9547-ITEFG,2020-10-28,Frequent Disconnections,Low,Customer Care,In Progress,,
CMP007247,1264-FUHCX,2025-05-01,Poor Customer Support,Low,Customer Care,Open,,
CMP007248,7789-CRUVC,2021-09-08,Frequent Disconnections,Medium,Network,Resolved,1.0,3.0
CMP007249,9972-VAFJJ,2023-03-27,Wrong Charges,High,Sales,Resolved,5.0,4.0
CMP007250,1904-WAJAA,2021-02-25,Poor Customer Support,High,Technical,Resolved,2.0,5.0
CMP007251,1904-WAJAA,2022-06-09,Billing Complaint,High,Sales,Resolved,7.0,5.0
CMP007252,2843-CQMEG,2021-11-10,Payment Issue,Medium,Technical,Resolved,6.0,4.0
CMP007253,6439-PKTRR,2024-06-21,Service Outage,High,Technical,Closed,13.0,3.0
CMP007254,5351-QESIO,2024-05-13,Service Outage,Medium,Network,In Progress,,
CMP007255,5568-DMXZS,2020-01-09,Poor Customer Support,Low,Billing,Resolved,3.0,4.0
CMP007256,6633-SYEUS,2020-07-10,Installation Delay,Low,Customer Care,Resolved,10.0,5.0
CMP007257,1389-WNUIB,2024-03-18,Streaming Issue,Medium,Technical,Resolved,3.0,4.0
CMP007258,1389-WNUIB,2023-01-15,Frequent Disconnections,Low,Technical,In Progress,,
CMP007259,0218-QNVAS,2020-11-26,Streaming Issue,Medium,Sales,Resolved,12.0,4.0
CMP007260,0218-QNVAS,2021-09-04,Poor Customer Support,Medium,Technical,Resolved,6.0,5.0
CMP007261,0804-YGEQV,2022-06-09,Payment Issue,Medium,Technical,Resolved,8.0,5.0
CMP007262,0928-XUTSN,2024-07-24,Low Download Speed,Low,Billing,In Progress,,
CMP007263,4501-VCPFK,2025-02-20,Slow Internet,High,Network,Closed,10.0,3.0
CMP007264,6075-SLNIL,2025-09-19,Service Outage,Medium,Technical,In Progress,,
CMP007265,9347-AERRL,2022-09-27,Customer Support,Medium,Network,Resolved,15.0,5.0
CMP007266,1471-GIQKQ,2022-05-13,Streaming Issue,Low,Network,Open,,
CMP007267,1471-GIQKQ,2022-03-15,Frequent Disconnections,Medium,Technical,In Progress,,
CMP007268,4807-IZYOZ,2024-08-03,Customer Support,Low,Billing,Open,,
CMP007269,9837-FWLCH,2025-01-19,Billing Complaint,Low,Network,Closed,10.0,5.0
CMP007270,7203-OYKCT,2021-10-02,Call Drop,Medium,Network,Resolved,7.0,5.0
CMP007271,1035-IPQPU,2022-07-01,Wrong Charges,Low,Billing,Open,,
CMP007272,2823-LKABH,2023-11-12,Call Drop,Medium,Customer Care,Resolved,4.0,3.0
CMP007273,0550-DCXLH,2025-08-06,Poor Customer Support,Low,Sales,Resolved,5.0,3.0
CMP007274,9281-CEDRU,2022-01-06,Billing Complaint,Medium,Customer Care,Resolved,13.0,4.0
CMP007275,2235-DWLJU,2022-01-06,Streaming Issue,High,Billing,Resolved,4.0,4.0
CMP007276,2235-DWLJU,2021-12-24,Service Outage,Medium,Sales,Closed,7.0,5.0
CMP007277,9767-FFLEM,2025-11-12,Slow Internet,High,Billing,Closed,2.0,3.0
CMP007278,9767-FFLEM,2025-11-18,Frequent Disconnections,Medium,Network,Open,,
CMP007279,8456-QDAVC,2020-11-04,Frequent Disconnections,Low,Customer Care,In Progress,,
CMP007280,8456-QDAVC,2021-02-27,Billing Complaint,Low,Technical,Closed,1.0,5.0
CMP007281,6840-RESVB,2023-08-21,Poor Customer Support,Low,Network,Open,,
CMP007282,2234-XADUH,2021-11-21,Wrong Charges,Medium,Network,Open,,
CMP007283,4801-JZAZL,2021-05-06,Low Download Speed,Low,Customer Care,Closed,9.0,4.0
CMP007284,4801-JZAZL,2021-02-27,Wrong Charges,Low,Sales,In Progress,,
