offer_id,customer_id,offer_date,offer_type,offer_value,accepted,response_date,customer_segment,churn_label
OFF000001,3668-QPYBK,2023-02-22,Premium Support,0.0,Yes,2023-02-28,New,Yes
OFF000002,3668-QPYBK,2024-07-07,Cashback ₹500,500.0,Yes,2024-07-08,New,Yes
OFF000003,3668-QPYBK,2025-09-12,Cashback ₹500,500.0,No,,New,Yes
OFF000004,9237-HQITU,2024-02-06,Free Installation,0.0,No,,New,Yes
OFF000005,9237-HQITU,2023-12-14,Free Upgrade,0.0,Yes,2023-12-16,New,Yes
OFF000006,9237-HQITU,2023-10-07,Extra 100GB Data,100.0,No,,New,Yes
OFF000007,9305-CDSKC,2023-11-28,20% Discount,29.89,Yes,2023-11-28,New,Yes
OFF000008,9305-CDSKC,2025-02-04,Cashback ₹500,500.0,Yes,2025-02-11,New,Yes
OFF000009,9305-CDSKC,2024-01-21,Free Upgrade,0.0,No,,New,Yes
OFF000010,7892-POOKP,2025-09-20,10% Discount,20.96,Yes,2025-09-26,Regular,Yes
OFF000011,7892-POOKP,2024-07-26,Free 3 Months Streaming,0.0,Yes,2024-07-28,Regular,Yes
OFF000012,0280-XJGEX,2023-12-13,Free 3 Months Streaming,0.0,No,,Loyal,Yes
OFF000013,4190-MFLUW,2025-03-14,Loyalty Reward,0.0,No,,New,Yes
OFF000014,8779-QRDMV,2024-11-20,Free Installation,0.0,Yes,2024-11-21,New,Yes
OFF000015,1066-JKSGK,2025-04-20,Premium Support,0.0,Yes,2025-04-27,New,Yes
OFF000016,6467-CHFZW,2025-03-11,Loyalty Reward,0.0,Yes,2025-03-13,Loyal,Yes
OFF000017,6467-CHFZW,2023-12-14,Extra 100GB Data,100.0,No,,Loyal,Yes
OFF000018,8665-UTDHZ,2024-12-09,Premium Support,0.0,No,,New,Yes
OFF000019,8665-UTDHZ,2024-05-08,30% Discount,6.04,Yes,2024-05-13,New,Yes
OFF000020,8665-UTDHZ,2023-09-11,10% Discount,3.02,No,,New,Yes
OFF000021,8773-HHUOZ,2025-02-15,Cashback ₹500,500.0,No,,Regular,Yes
OFF000022,6047-YHPVI,2024-01-25,Cashback ₹500,500.0,No,,New,Yes
OFF000023,6047-YHPVI,2024-04-01,Free 3 Months Streaming,0.0,No,,New,Yes
OFF000024,5380-WJKOV,2024-09-10,Free Upgrade,0.0,No,,Regular,Yes
OFF000025,5380-WJKOV,2023-10-21,Premium Support,0.0,No,,Regular,Yes
OFF000026,5380-WJKOV,2025-08-25,20% Discount,31.9,No,,Regular,Yes
OFF000027,8168-UQWWF,2025-06-15,Extra 100GB Data,100.0,Yes,2025-06-21,New,Yes
OFF000028,8168-UQWWF,2024-01-15,Premium Support,0.0,Yes,2024-01-20,New,Yes
OFF000029,7760-OYPDY,2024-04-04,Loyalty Reward,0.0,No,,New,Yes
OFF000030,7760-OYPDY,2023-11-03,Free Upgrade,0.0,No,,New,Yes
OFF000031,9420-LOJKX,2023-11-15,Premium Support,0.0,Yes,2023-11-22,Regular,Yes
OFF000032,7495-OOKFY,2025-01-06,30% Discount,16.13,No,,New,Yes
OFF000033,7495-OOKFY,2025-04-04,Free Installation,0.0,Yes,2025-04-08,New,Yes
OFF000034,1658-BYGOY,2023-07-15,20% Discount,9.54,Yes,2023-07-22,Regular,Yes
OFF000035,5698-BQJOH,2025-04-02,Cashback ₹500,500.0,No,,New,Yes
OFF000036,5698-BQJOH,2023-11-17,Cashback ₹500,500.0,No,,New,Yes
OFF000037,5698-BQJOH,2025-05-26,Free 3 Months Streaming,0.0,Yes,2025-05-28,New,Yes
OFF000038,5919-TMRGD,2024-09-17,Free Upgrade,0.0,No,,New,Yes
OFF000039,5919-TMRGD,2025-02-25,Free Upgrade,0.0,No,,New,Yes
OFF000040,5919-TMRGD,2023-05-15,Extra 100GB Data,100.0,No,,New,Yes
OFF000041,9191-MYQKX,2024-03-09,Premium Support,0.0,Yes,2024-03-12,New,Yes
OFF000042,9191-MYQKX,2025-07-14,Free Installation,0.0,No,,New,Yes
OFF000043,9191-MYQKX,2024-09-24,20% Discount,22.55,Yes,2024-09-28,New,Yes
OFF000044,8637-XJIVR,2025-10-11,30% Discount,7.9,No,,Regular,Yes
OFF000045,0278-YXOOG,2025-10-21,Free 3 Months Streaming,0.0,No,,New,Yes
OFF000046,0278-YXOOG,2025-04-12,Free 3 Months Streaming,0.0,No,,New,Yes
OFF000047,0278-YXOOG,2024-11-11,Free 3 Months Streaming,0.0,Yes,2024-11-14,New,Yes
OFF000048,4598-XLKNJ,2024-11-20,Extra 100GB Data,100.0,No,,Regular,Yes
OFF000049,4598-XLKNJ,2024-02-12,Loyalty Reward,0.0,Yes,2024-02-13,Regular,Yes
OFF000050,3192-NQECA,2024-07-28,Free Installation,0.0,Yes,2024-07-28,Loyal,Yes
OFF000051,3192-NQECA,2024-04-16,Free Upgrade,0.0,No,,Loyal,Yes
OFF000052,3192-NQECA,2023-10-21,Free Upgrade,0.0,Yes,2023-10-22,Loyal,Yes
OFF000053,0486-HECZI,2025-12-01,Cashback ₹500,500.0,No,,Loyal,Yes
OFF000054,4846-WHAFZ,2024-07-18,Cashback ₹500,500.0,Yes,2024-07-23,Loyal,Yes
OFF000055,5299-RULOA,2024-11-14,Free Upgrade,0.0,No,,New,Yes
OFF000056,5299-RULOA,2024-06-26,20% Discount,30.07,No,,New,Yes
OFF000057,5299-RULOA,2025-02-01,Free Installation,0.0,No,,New,Yes
OFF000058,0404-SWRVG,2024-02-18,20% Discount,14.88,Yes,2024-02-25,New,Yes
OFF000059,0404-SWRVG,2024-08-21,20% Discount,7.44,Yes,2024-08-22,New,Yes
OFF000060,0404-SWRVG,2025-08-12,30% Discount,7.44,No,,New,Yes
OFF000061,4412-YLTKF,2024-11-06,Loyalty Reward,0.0,No,,Regular,Yes
OFF000062,4412-YLTKF,2023-04-07,10% Discount,15.61,Yes,2023-04-11,Regular,Yes
OFF000063,4412-YLTKF,2024-11-22,10% Discount,7.8,No,,Regular,Yes
OFF000064,6207-WIOLX,2023-04-12,10% Discount,11.72,No,,Regular,Yes
OFF000065,6207-WIOLX,2023-10-10,10% Discount,11.72,No,,Regular,Yes
OFF000066,3091-FYHKI,2025-02-03,Extra 100GB Data,100.0,No,,New,Yes
OFF000067,3091-FYHKI,2023-11-14,30% Discount,10.63,Yes,2023-11-18,New,Yes
OFF000068,2372-HWUHI,2023-04-14,Free Upgrade,0.0,No,,New,Yes
OFF000069,0390-DCFDQ,2023-01-03,20% Discount,14.09,No,,New,Yes
OFF000070,0390-DCFDQ,2024-10-08,Premium Support,0.0,No,,New,Yes
OFF000071,0390-DCFDQ,2023-06-11,10% Discount,7.05,No,,New,Yes
OFF000072,4080-OGPJL,2025-08-20,Loyalty Reward,0.0,Yes,2025-08-24,New,Yes
OFF000073,2135-RXIHG,2025-11-22,10% Discount,9.13,Yes,2025-11-24,New,Yes
OFF000074,2135-RXIHG,2025-11-23,30% Discount,9.13,Yes,2025-11-28,New,Yes
OFF000075,2135-RXIHG,2025-08-23,Extra 100GB Data,100.0,Yes,2025-08-26,New,Yes
OFF000076,3874-EQOEP,2024-08-27,Cashback ₹500,500.0,No,,New,Yes
OFF000077,3874-EQOEP,2024-05-23,10% Discount,9.5,No,,New,Yes
OFF000078,0867-MKZVY,2025-01-05,30% Discount,24.72,Yes,2025-01-10,Regular,Yes
OFF000079,0867-MKZVY,2025-10-09,30% Discount,24.72,Yes,2025-10-13,Regular,Yes
OFF000080,3376-BMGFE,2024-09-09,Extra 100GB Data,100.0,No,,New,Yes
OFF000081,3445-HXXGF,2024-05-21,Free Upgrade,0.0,No,,Loyal,Yes
OFF000082,1875-QIVME,2023-02-25,Free Installation,0.0,No,,New,Yes
OFF000083,1875-QIVME,2025-03-19,20% Discount,20.88,Yes,2025-03-24,New,Yes
OFF000084,1875-QIVME,2024-10-09,Free Installation,0.0,Yes,2024-10-10,New,Yes
OFF000085,0691-JVSYA,2024-12-09,20% Discount,9.48,No,,Loyal,Yes
OFF000086,0691-JVSYA,2024-09-28,Free 3 Months Streaming,0.0,No,,Loyal,Yes
OFF000087,2656-FMOKZ,2024-08-23,Cashback ₹500,500.0,No,,Regular,Yes
OFF000088,2070-FNEXE,2024-11-16,Loyalty Reward,0.0,Yes,2024-11-17,New,Yes
OFF000089,2070-FNEXE,2025-12-14,30% Discount,7.65,Yes,2025-12-18,New,Yes
OFF000090,2070-FNEXE,2025-01-24,30% Discount,7.65,Yes,2025-01-28,New,Yes
OFF000091,6317-YPKDH,2024-04-11,Premium Support,0.0,No,,New,Yes
OFF000092,6317-YPKDH,2023-07-15,Free 3 Months Streaming,0.0,No,,New,Yes
OFF000093,6317-YPKDH,2024-06-01,Free Upgrade,0.0,No,,New,Yes
OFF000094,9367-WXLCH,2024-06-25,Loyalty Reward,0.0,Yes,2024-06-28,New,Yes
OFF000095,9367-WXLCH,2023-08-19,Extra 100GB Data,100.0,Yes,2023-08-23,New,Yes
OFF000096,1918-ZBFQJ,2025-02-20,Free Installation,0.0,Yes,2025-02-25,Regular,Yes
OFF000097,1918-ZBFQJ,2025-11-22,Cashback ₹500,500.0,No,,Regular,Yes
OFF000098,1024-GUALD,2023-04-25,Cashback ₹500,500.0,No,,New,Yes
OFF000099,2472-OVKUP,2025-02-27,Cashback ₹500,500.0,No,,New,Yes
OFF000100,1285-OKIPP,2023-02-15,Free Installation,0.0,No,,New,Yes
OFF000101,1285-OKIPP,2024-08-22,Premium Support,0.0,Yes,2024-08-27,New,Yes
OFF000102,7825-ECJRF,2025-03-04,Cashback ₹500,500.0,Yes,2025-03-09,Regular,Yes
OFF000103,7825-ECJRF,2024-06-07,10% Discount,10.66,Yes,2024-06-08,Regular,Yes
OFF000104,7841-TZDMQ,2025-11-12,20% Discount,4.6,Yes,2025-11-15,New,Yes
OFF000105,7841-TZDMQ,2025-02-23,Free Installation,0.0,Yes,2025-02-28,New,Yes
OFF000106,7841-TZDMQ,2025-12-18,Loyalty Reward,0.0,No,,New,Yes
OFF000107,9408-SSNVZ,2024-12-15,10% Discount,21.05,Yes,2024-12-16,New,Yes
OFF000108,9408-SSNVZ,2024-02-03,Free 3 Months Streaming,0.0,Yes,2024-02-05,New,Yes
OFF000109,9408-SSNVZ,2024-01-08,Extra 100GB Data,100.0,No,,New,Yes
OFF000110,0742-MOABM,2024-06-12,Premium Support,0.0,No,,New,Yes
OFF000111,2232-DMLXU,2023-04-10,30% Discount,11.04,No,,New,Yes
OFF000112,8937-RDTHP,2024-02-23,Free 3 Months Streaming,0.0,Yes,2024-02-28,New,Yes
OFF000113,1251-KRREG,2024-10-27,Free Installation,0.0,Yes,2024-10-28,New,Yes
OFF000114,1251-KRREG,2023-07-16,Loyalty Reward,0.0,No,,New,Yes
OFF000115,1251-KRREG,2025-09-28,Loyalty Reward,0.0,No,,New,Yes
OFF000116,0094-OIFMO,2025-01-25,Loyalty Reward,0.0,No,,New,Yes
OFF000117,9947-OTFQU,2023-05-01,Extra 100GB Data,100.0,Yes,2023-05-08,Regular,Yes
OFF000118,9947-OTFQU,2024-05-13,30% Discount,14.88,No,,Regular,Yes
OFF000119,9947-OTFQU,2025-02-18,10% Discount,7.44,No,,Regular,Yes
OFF000120,0322-YINQP,2023-07-11,Free 3 Months Streaming,0.0,No,,New,Yes
OFF000121,0322-YINQP,2023-12-02,Cashback ₹500,500.0,Yes,2023-12-05,New,Yes
OFF000122,4629-NRXKX,2025-05-24,Cashback ₹500,500.0,No,,New,Yes
OFF000123,4629-NRXKX,2024-05-22,Extra 100GB Data,100.0,No,,New,Yes
OFF000124,9514-JDSKI,2025-03-10,Cashback ₹500,500.0,Yes,2025-03-16,New,Yes
OFF000125,9514-JDSKI,2025-10-05,Extra 100GB Data,100.0,No,,New,Yes
OFF000126,9514-JDSKI,2025-02-24,20% Discount,8.04,No,,New,Yes
OFF000127,4959-JOSRX,2024-07-05,20% Discount,13.38,No,,New,Yes
OFF000128,7273-TEFQD,2024-05-09,Free Installation,0.0,No,,New,Yes
OFF000129,3606-TWKGI,2024-10-04,Free 3 Months Streaming,0.0,No,,Regular,Yes
OFF000130,3606-TWKGI,2023-03-22,Free Installation,0.0,Yes,2023-03-28,Regular,Yes
OFF000131,6323-AYBRX,2025-04-26,10% Discount,5.81,Yes,2025-04-27,Loyal,Yes
OFF000132,6323-AYBRX,2025-07-02,30% Discount,3.87,No,,Loyal,Yes
OFF000133,4385-GZQXV,2023-06-14,Free Installation,0.0,Yes,2023-06-18,Regular,Yes
OFF000134,4385-GZQXV,2025-09-21,Free Upgrade,0.0,Yes,2025-09-26,Regular,Yes
OFF000135,6366-ZGQGL,2023-12-24,Cashback ₹500,500.0,No,,New,Yes
OFF000136,6366-ZGQGL,2025-11-14,Premium Support,0.0,Yes,2025-11-17,New,Yes
OFF000137,5940-AHUHD,2025-06-05,Extra 100GB Data,100.0,Yes,2025-06-08,New,Yes
OFF000138,6432-TWQLB,2023-03-05,Free Upgrade,0.0,No,,New,Yes
OFF000139,6432-TWQLB,2025-09-11,Free 3 Months Streaming,0.0,No,,New,Yes
OFF000140,6432-TWQLB,2025-04-22,30% Discount,17.08,No,,New,Yes
OFF000141,4484-GLZOU,2023-08-21,10% Discount,21.01,Yes,2023-08-25,Loyal,Yes
OFF000142,4484-GLZOU,2025-10-11,Free 3 Months Streaming,0.0,Yes,2025-10-15,Loyal,Yes
OFF000143,9512-UIBFX,2024-09-26,10% Discount,28.55,No,,Regular,Yes
OFF000144,9512-UIBFX,2024-10-24,Extra 100GB Data,100.0,Yes,2024-10-27,Regular,Yes
OFF000145,5583-SXDAG,2023-10-23,Premium Support,0.0,No,,New,Yes
OFF000146,3488-PGMQJ,2025-08-06,10% Discount,22.35,Yes,2025-08-09,New,Yes
OFF000147,3580-REOAC,2024-02-03,30% Discount,13.46,Yes,2024-02-05,New,Yes
OFF000148,7534-BFESC,2024-08-28,Loyalty Reward,0.0,No,,Regular,Yes
OFF000149,7534-BFESC,2023-03-27,Loyalty Reward,0.0,No,,Regular,Yes
OFF000150,7534-BFESC,2024-07-26,20% Discount,15.22,Yes,2024-07-28,Regular,Yes
OFF000151,6390-DSAZX,2025-02-14,20% Discount,14.72,Yes,2025-02-18,New,Yes
OFF000152,8098-LLAZX,2023-05-25,20% Discount,9.54,Yes,2023-05-26,New,Yes
OFF000153,8098-LLAZX,2024-05-24,30% Discount,19.09,No,,New,Yes
OFF000154,0265-EDXBD,2025-03-26,Free Upgrade,0.0,Yes,2025-03-28,Regular,Yes
OFF000155,0265-EDXBD,2024-08-12,10% Discount,14.98,Yes,2024-08-14,Regular,Yes
OFF000156,7563-BIUPC,2023-02-10,Premium Support,0.0,No,,New,Yes
OFF000157,7563-BIUPC,2025-09-04,30% Discount,24.18,No,,New,Yes
OFF000158,2321-OMBXY,2023-08-08,Free Upgrade,0.0,No,,Loyal,Yes
OFF000159,2321-OMBXY,2023-12-12,10% Discount,8.03,No,,Loyal,Yes
OFF000160,2321-OMBXY,2024-01-23,Extra 100GB Data,100.0,No,,Loyal,Yes
OFF000161,2840-XANRC,2023-08-03,Loyalty Reward,0.0,No,,Regular,Yes
OFF000162,2840-XANRC,2023-03-07,Cashback ₹500,500.0,No,,Regular,Yes
OFF000163,2840-XANRC,2024-02-18,Free Installation,0.0,No,,Regular,Yes
OFF000164,5020-ZSTTY,2023-12-05,Free 3 Months Streaming,0.0,No,,Loyal,Yes
OFF000165,5020-ZSTTY,2024-05-07,10% Discount,24.73,Yes,2024-05-10,Loyal,Yes
OFF000166,5804-LEPIM,2024-10-27,20% Discount,7.04,Yes,2024-10-28,New,Yes
OFF000167,5804-LEPIM,2025-09-14,Free Installation,0.0,Yes,2025-09-17,New,Yes
OFF000168,5804-LEPIM,2025-10-15,Premium Support,0.0,Yes,2025-10-20,New,Yes
OFF000169,0122-OAHPZ,2023-03-10,Loyalty Reward,0.0,No,,New,Yes
OFF000170,0122-OAHPZ,2024-11-01,20% Discount,22.15,No,,New,Yes
OFF000171,2868-SNELZ,2024-10-21,Free Installation,0.0,Yes,2024-10-24,New,Yes
OFF000172,2868-SNELZ,2025-07-01,Free Upgrade,0.0,No,,New,Yes
OFF000173,2868-SNELZ,2023-01-19,20% Discount,24.18,No,,New,Yes
OFF000174,4322-RCYMT,2023-11-04,Free 3 Months Streaming,0.0,Yes,2023-11-05,Loyal,Yes
OFF000175,4322-RCYMT,2025-08-05,Free 3 Months Streaming,0.0,No,,Loyal,Yes
OFF000176,6680-NENYN,2024-10-08,30% Discount,10.46,No,,Loyal,Yes
OFF000177,6680-NENYN,2024-01-18,Premium Support,0.0,Yes,2024-01-25,Loyal,Yes
OFF000178,6680-NENYN,2023-07-09,Free 3 Months Streaming,0.0,No,,Loyal,Yes
OFF000179,1343-EHPYB,2024-05-27,Free 3 Months Streaming,0.0,No,,Loyal,Yes
OFF000180,1343-EHPYB,2023-09-09,Loyalty Reward,0.0,Yes,2023-09-13,Loyal,Yes
OFF000181,2034-GDRCN,2025-10-26,Loyalty Reward,0.0,No,,New,Yes
OFF000182,2034-GDRCN,2024-01-21,Premium Support,0.0,Yes,2024-01-25,New,Yes
OFF000183,2034-GDRCN,2025-01-12,Free 3 Months Streaming,0.0,No,,New,Yes
OFF000184,0219-YTZUE,2025-12-12,Extra 100GB Data,100.0,Yes,2025-12-18,New,Yes
OFF000185,0219-YTZUE,2023-05-06,Free 3 Months Streaming,0.0,No,,New,Yes
OFF000186,0219-YTZUE,2024-03-23,Extra 100GB Data,100.0,No,,New,Yes
OFF000187,0623-IIHUG,2024-03-13,Free Upgrade,0.0,Yes,2024-03-18,Regular,Yes
OFF000188,0623-IIHUG,2024-10-22,Free Installation,0.0,No,,Regular,Yes
OFF000189,4572-DVCGN,2024-10-04,Loyalty Reward,0.0,Yes,2024-10-09,New,Yes
OFF000190,9057-MSWCO,2025-02-01,30% Discount,6.15,Yes,2025-02-07,Regular,Yes
OFF000191,9057-MSWCO,2025-10-17,30% Discount,9.22,Yes,2025-10-21,Regular,Yes
OFF000192,9057-MSWCO,2023-01-27,Extra 100GB Data,100.0,No,,Regular,Yes
OFF000193,1010-DIAUQ,2025-03-22,Free Installation,0.0,Yes,2025-03-25,New,Yes
OFF000194,1010-DIAUQ,2025-05-06,Extra 100GB Data,100.0,No,,New,Yes
OFF000195,0259-GBZSH,2023-11-04,10% Discount,17.13,No,,New,Yes
OFF000196,9601-BRXPO,2024-02-28,Extra 100GB Data,100.0,No,,Regular,Yes
OFF000197,6905-NIQIN,2023-02-19,Extra 100GB Data,100.0,No,,New,Yes
OFF000198,6905-NIQIN,2023-02-22,Extra 100GB Data,100.0,No,,New,Yes
OFF000199,6905-NIQIN,2023-03-04,Premium Support,0.0,Yes,2023-03-05,New,Yes
OFF000200,5167-ZFFMM,2024-03-25,Free Installation,0.0,No,,New,Yes
OFF000201,5167-ZFFMM,2024-01-05,10% Discount,27.25,No,,New,Yes
OFF000202,5167-ZFFMM,2023-05-19,20% Discount,18.17,No,,New,Yes
OFF000203,4895-TMWIR,2025-08-18,30% Discount,5.98,Yes,2025-08-22,New,Yes
OFF000204,4895-TMWIR,2025-06-13,10% Discount,2.0,Yes,2025-06-17,New,Yes
OFF000205,0533-BNWKF,2025-12-26,30% Discount,17.09,No,,Loyal,Yes
OFF000206,0533-BNWKF,2024-04-17,30% Discount,8.54,No,,Loyal,Yes
OFF000207,0533-BNWKF,2024-08-26,30% Discount,25.64,Yes,2024-08-28,Loyal,Yes
OFF000208,6599-CEBNN,2023-01-01,Premium Support,0.0,No,,Regular,Yes
OFF000209,6599-CEBNN,2023-10-27,Cashback ₹500,500.0,No,,Regular,Yes
OFF000210,0979-PHULV,2023-12-13,Loyalty Reward,0.0,No,,Loyal,Yes
OFF000211,4800-VHZKI,2025-11-11,20% Discount,1.99,Yes,2025-11-18,New,Yes
OFF000212,4800-VHZKI,2024-03-23,Cashback ₹500,500.0,No,,New,Yes
OFF000213,4800-VHZKI,2025-06-27,30% Discount,3.98,No,,New,Yes
OFF000214,7989-CHGTL,2023-01-19,Premium Support,0.0,No,,New,Yes
OFF000215,7989-CHGTL,2025-10-18,Free Upgrade,0.0,No,,New,Yes
OFF000216,7989-CHGTL,2024-08-09,Free 3 Months Streaming,0.0,Yes,2024-08-11,New,Yes
OFF000217,0334-GDDSO,2025-01-07,Free Installation,0.0,No,,New,Yes
OFF000218,0334-GDDSO,2023-02-13,30% Discount,16.27,No,,New,Yes
OFF000219,0578-SKVMF,2024-05-04,20% Discount,16.66,No,,Regular,Yes
OFF000220,5564-NEMQO,2023-06-24,Free 3 Months Streaming,0.0,No,,New,Yes
OFF000221,5564-NEMQO,2023-01-16,Free Upgrade,0.0,Yes,2023-01-17,New,Yes
OFF000222,9063-ZGTUY,2025-11-15,10% Discount,1.94,No,,Loyal,Yes
OFF000223,9063-ZGTUY,2025-04-06,Free Upgrade,0.0,No,,Loyal,Yes
OFF000224,2957-LOLHO,2025-11-24,Free Installation,0.0,Yes,2025-11-28,Regular,Yes
OFF000225,2957-LOLHO,2024-04-10,20% Discount,9.08,No,,Regular,Yes
OFF000226,7752-XUSCI,2025-01-28,Extra 100GB Data,100.0,Yes,2025-01-28,Loyal,Yes
OFF000227,7752-XUSCI,2024-06-23,Loyalty Reward,0.0,No,,Loyal,Yes
OFF000228,7752-XUSCI,2025-01-16,10% Discount,31.77,No,,Loyal,Yes
OFF000229,4110-PFEUZ,2023-07-09,30% Discount,13.91,Yes,2023-07-10,New,Yes
OFF000230,0256-LTHVJ,2025-06-25,Free 3 Months Streaming,0.0,No,,Regular,Yes
OFF000231,0256-LTHVJ,2023-05-06,30% Discount,8.11,No,,Regular,Yes
OFF000232,0256-LTHVJ,2023-03-20,Cashback ₹500,500.0,No,,Regular,Yes
OFF000233,0880-TKATG,2023-05-07,Loyalty Reward,0.0,No,,New,Yes
OFF000234,0880-TKATG,2023-03-01,Free Installation,0.0,Yes,2023-03-07,New,Yes
OFF000235,3811-VBYBZ,2023-05-12,30% Discount,29.94,Yes,2023-05-19,New,Yes
OFF000236,3811-VBYBZ,2025-03-08,Extra 100GB Data,100.0,Yes,2025-03-15,New,Yes
OFF000237,4640-UHDOS,2024-10-22,Cashback ₹500,500.0,No,,Regular,Yes
OFF000238,4640-UHDOS,2025-04-27,Loyalty Reward,0.0,No,,Regular,Yes
OFF000239,3583-EKAPL,2023-11-03,Loyalty Reward,0.0,No,,New,Yes
OFF000240,3583-EKAPL,2025-07-08,Free 3 Months Streaming,0.0,No,,New,Yes
OFF000241,9399-APLBT,2023-11-15,10% Discount,22.41,No,,New,Yes
OFF000242,9399-APLBT,2024-10-08,10% Discount,14.94,No,,New,Yes
OFF000243,2359-KMGLI,2024-07-06,Premium Support,0.0,No,,Regular,Yes
OFF000244,2359-KMGLI,2023-02-28,20% Discount,24.07,No,,Regular,Yes
OFF000245,2359-KMGLI,2024-05-05,Free 3 Months Streaming,0.0,No,,Regular,Yes
OFF000246,0306-JAELE,2025-08-10,Cashback ₹500,500.0,Yes,2025-08-14,New,Yes
OFF000247,0306-JAELE,2024-08-14,30% Discount,19.22,No,,New,Yes
OFF000248,0306-JAELE,2025-10-10,Cashback ₹500,500.0,No,,New,Yes
OFF000249,6227-HWPWX,2024-09-18,Free Upgrade,0.0,No,,Regular,Yes
OFF000250,6227-HWPWX,2025-07-17,Free 3 Months Streaming,0.0,No,,Regular,Yes
OFF000251,0447-BEMNG,2024-01-09,Free Upgrade,0.0,No,,Loyal,Yes
OFF000252,0447-BEMNG,2025-06-18,20% Discount,9.06,Yes,2025-06-22,Loyal,Yes
OFF000253,5949-XIKAE,2023-08-18,20% Discount,16.71,No,,New,Yes
OFF000254,5949-XIKAE,2023-07-22,Free 3 Months Streaming,0.0,Yes,2023-07-24,New,Yes
OFF000255,8372-JUXUI,2023-10-28,20% Discount,22.3,Yes,2023-10-28,New,Yes
OFF000256,8372-JUXUI,2024-09-07,Free 3 Months Streaming,0.0,No,,New,Yes
OFF000257,8372-JUXUI,2024-03-28,Extra 100GB Data,100.0,No,,New,Yes
OFF000258,0388-EOPEX,2024-08-14,20% Discount,14.88,Yes,2024-08-17,New,Yes
OFF000259,0388-EOPEX,2023-03-21,10% Discount,7.44,Yes,2023-03-22,New,Yes
OFF000260,0388-EOPEX,2024-12-13,20% Discount,7.44,No,,New,Yes
OFF000261,8205-OTCHB,2024-06-24,Free 3 Months Streaming,0.0,Yes,2024-06-26,Regular,Yes
OFF000262,6235-VDHOM,2024-06-25,Free 3 Months Streaming,0.0,No,,New,Yes
OFF000263,6235-VDHOM,2025-06-14,20% Discount,5.69,No,,New,Yes
OFF000264,7783-YKGDV,2025-07-18,20% Discount,19.94,No,,Regular,Yes
OFF000265,7783-YKGDV,2024-05-13,Free 3 Months Streaming,0.0,No,,Regular,Yes
OFF000266,7783-YKGDV,2025-11-10,Premium Support,0.0,Yes,2025-11-11,Regular,Yes
OFF000267,5609-CEBID,2024-05-16,10% Discount,18.82,No,,Regular,Yes
OFF000268,7218-HKQFK,2024-09-26,Free 3 Months Streaming,0.0,No,,New,Yes
OFF000269,7218-HKQFK,2024-04-01,Cashback ₹500,500.0,Yes,2024-04-08,New,Yes
OFF000270,4636-QRJKY,2025-05-02,Free 3 Months Streaming,0.0,No,,New,Yes
OFF000271,5956-VKDTT,2025-08-03,Free Installation,0.0,Yes,2025-08-07,New,Yes
OFF000272,5956-VKDTT,2025-03-01,30% Discount,22.3,No,,New,Yes
OFF000273,9412-GHEEC,2024-01-06,20% Discount,31.44,Yes,2024-01-08,Loyal,Yes
OFF000274,9412-GHEEC,2025-05-18,Premium Support,0.0,Yes,2025-05-25,Loyal,Yes
OFF000275,0257-ZESQC,2025-09-01,Free 3 Months Streaming,0.0,No,,Regular,Yes
OFF000276,0257-ZESQC,2023-09-16,Free Upgrade,0.0,Yes,2023-09-19,Regular,Yes
OFF000277,6825-UYPFK,2023-04-20,Loyalty Reward,0.0,No,,Regular,Yes
OFF000278,6825-UYPFK,2023-09-24,Free Upgrade,0.0,Yes,2023-09-28,Regular,Yes
OFF000279,8397-MVTAZ,2025-05-12,Free 3 Months Streaming,0.0,No,,Regular,Yes
OFF000280,8397-MVTAZ,2025-08-03,Loyalty Reward,0.0,Yes,2025-08-09,Regular,Yes
OFF000281,9282-IZGQK,2025-12-13,Loyalty Reward,0.0,No,,New,Yes
OFF000282,9282-IZGQK,2025-02-23,Free Upgrade,0.0,No,,New,Yes
OFF000283,1342-JPNKI,2023-07-13,Loyalty Reward,0.0,No,,New,Yes
OFF000284,2817-NTQDO,2024-03-12,Loyalty Reward,0.0,No,,Regular,Yes
OFF000285,6986-IJDHX,2023-09-08,Free Installation,0.0,No,,Loyal,Yes
OFF000286,6986-IJDHX,2025-04-22,30% Discount,17.26,No,,Loyal,Yes
OFF000287,5301-GAUUY,2024-08-19,Free Installation,0.0,Yes,2024-08-24,Regular,Yes
OFF000288,5301-GAUUY,2023-05-07,Free Upgrade,0.0,No,,Regular,Yes
OFF000289,0939-YAPAF,2024-06-07,Premium Support,0.0,Yes,2024-06-11,Regular,Yes
OFF000290,0939-YAPAF,2024-06-03,10% Discount,20.05,No,,Regular,Yes
OFF000291,4710-FDUIZ,2025-07-21,Loyalty Reward,0.0,No,,Loyal,Yes
OFF000292,4710-FDUIZ,2024-01-09,Premium Support,0.0,No,,Loyal,Yes
OFF000293,1218-VKFPE,2024-08-11,Free Installation,0.0,No,,Regular,Yes
OFF000294,1218-VKFPE,2023-01-04,Extra 100GB Data,100.0,Yes,2023-01-11,Regular,Yes
OFF000295,3627-FHKBK,2024-09-09,Extra 100GB Data,100.0,No,,New,Yes
OFF000296,2865-TCHJW,2023-06-04,Free 3 Months Streaming,0.0,Yes,2023-06-07,New,Yes
OFF000297,5192-EBGOV,2025-04-04,Free 3 Months Streaming,0.0,No,,New,Yes
OFF000298,5192-EBGOV,2025-01-08,Free Installation,0.0,No,,New,Yes
OFF000299,5192-EBGOV,2025-02-10,Cashback ₹500,500.0,No,,New,Yes
OFF000300,0719-SYFRB,2024-06-13,10% Discount,12.33,Yes,2024-06-20,Regular,Yes
OFF000301,0719-SYFRB,2024-06-17,20% Discount,6.17,No,,Regular,Yes
OFF000302,3419-SNJJD,2025-03-04,20% Discount,21.05,No,,Loyal,Yes
OFF000303,3419-SNJJD,2023-02-20,10% Discount,10.53,No,,Loyal,Yes
OFF000304,6543-CPZMK,2023-07-11,Free Installation,0.0,No,,New,Yes
OFF000305,6543-CPZMK,2024-08-04,Premium Support,0.0,No,,New,Yes
OFF000306,6543-CPZMK,2025-10-14,20% Discount,5.99,No,,New,Yes
OFF000307,4765-OXPPD,2025-08-03,10% Discount,6.5,No,,New,Yes
OFF000308,4765-OXPPD,2024-05-17,Free Upgrade,0.0,No,,New,Yes
OFF000309,1009-IRMNA,2024-01-24,Free 3 Months Streaming,0.0,Yes,2024-01-28,New,Yes
OFF000310,4554-YGZIH,2024-11-16,Loyalty Reward,0.0,No,,Loyal,Yes
OFF000311,5099-BAILX,2025-07-06,10% Discount,33.23,Yes,2025-07-12,Loyal,Yes
OFF000312,7207-RMRDB,2025-05-09,Loyalty Reward,0.0,Yes,2025-05-13,Loyal,Yes
OFF000313,7207-RMRDB,2025-02-17,Cashback ₹500,500.0,No,,Loyal,Yes
OFF000314,4913-EHYUI,2025-03-01,30% Discount,31.36,No,,Loyal,Yes
OFF000315,0195-IESCP,2024-09-13,Free Upgrade,0.0,No,,New,Yes
OFF000316,0195-IESCP,2023-12-07,Cashback ₹500,500.0,Yes,2023-12-12,New,Yes
OFF000317,4580-TMHJU,2025-08-05,10% Discount,16.84,No,,Loyal,Yes
OFF000318,4580-TMHJU,2025-09-05,20% Discount,16.84,No,,Loyal,Yes
OFF000319,0970-ETWGE,2025-07-14,Free Installation,0.0,Yes,2025-07-20,New,Yes
OFF000320,0970-ETWGE,2023-04-27,30% Discount,8.96,No,,New,Yes
OFF000321,1626-ERCMM,2024-09-11,Free 3 Months Streaming,0.0,No,,Regular,Yes
OFF000322,1626-ERCMM,2025-07-13,20% Discount,9.46,No,,Regular,Yes
OFF000323,0887-HJGAR,2024-05-15,Free 3 Months Streaming,0.0,No,,New,Yes
OFF000324,0887-HJGAR,2023-09-11,Loyalty Reward,0.0,Yes,2023-09-14,New,Yes
OFF000325,5644-PDMZC,2024-04-14,Free Installation,0.0,No,,New,Yes
OFF000326,5644-PDMZC,2023-09-25,Extra 100GB Data,100.0,Yes,2023-09-28,New,Yes
OFF000327,9576-ANLXO,2024-07-01,30% Discount,6.96,No,,New,Yes
OFF000328,9576-ANLXO,2025-10-27,20% Discount,6.96,No,,New,Yes
OFF000329,9576-ANLXO,2023-06-25,30% Discount,6.96,Yes,2023-06-26,New,Yes
OFF000330,2024-BASKD,2025-04-13,Free 3 Months Streaming,0.0,No,,New,Yes
OFF000331,2024-BASKD,2023-09-04,Extra 100GB Data,100.0,No,,New,Yes
OFF000332,4160-AMJTL,2024-11-17,Premium Support,0.0,Yes,2024-11-19,New,Yes
OFF000333,4160-AMJTL,2023-02-17,10% Discount,5.89,No,,New,Yes
OFF000334,4160-AMJTL,2023-11-03,Loyalty Reward,0.0,No,,New,Yes
OFF000335,4464-JCOLN,2025-07-20,10% Discount,1.99,Yes,2025-07-23,New,Yes
OFF000336,5650-VDUDS,2024-04-28,Cashback ₹500,500.0,No,,New,Yes
OFF000337,5650-VDUDS,2024-06-22,20% Discount,2.43,No,,New,Yes
OFF000338,7538-GWHML,2025-08-26,Extra 100GB Data,100.0,No,,New,Yes
OFF000339,7538-GWHML,2025-03-26,30% Discount,6.97,Yes,2025-03-28,New,Yes
OFF000340,3859-CVCET,2025-11-07,Free 3 Months Streaming,0.0,Yes,2025-11-14,New,Yes
OFF000341,3276-HDUEG,2024-03-23,Free 3 Months Streaming,0.0,Yes,2024-03-27,New,Yes
OFF000342,3276-HDUEG,2024-08-11,Free Upgrade,0.0,No,,New,Yes
OFF000343,3276-HDUEG,2025-01-03,Loyalty Reward,0.0,Yes,2025-01-07,New,Yes
OFF000344,0823-HSCDJ,2025-02-06,Premium Support,0.0,Yes,2025-02-09,Loyal,Yes
OFF000345,0823-HSCDJ,2023-10-17,10% Discount,9.83,Yes,2023-10-18,Loyal,Yes
OFF000346,0823-HSCDJ,2023-09-24,Cashback ₹500,500.0,Yes,2023-09-27,Loyal,Yes
OFF000347,0822-GAVAP,2025-03-01,20% Discount,6.94,No,,New,Yes
OFF000348,0822-GAVAP,2023-04-17,Loyalty Reward,0.0,No,,New,Yes
OFF000349,0822-GAVAP,2023-12-19,Free Upgrade,0.0,No,,New,Yes
OFF000350,1448-PWKYE,2024-02-25,Cashback ₹500,500.0,No,,New,Yes
OFF000351,1448-PWKYE,2023-09-16,10% Discount,24.0,No,,New,Yes
OFF000352,0067-DKWBL,2024-02-14,Free Installation,0.0,No,,New,Yes
OFF000353,2276-YDAVZ,2024-01-25,30% Discount,7.51,No,,New,Yes
OFF000354,5896-NPFWW,2023-08-05,Premium Support,0.0,Yes,2023-08-10,New,Yes
OFF000355,5896-NPFWW,2024-10-20,30% Discount,10.03,No,,New,Yes
OFF000356,5896-NPFWW,2025-11-03,10% Discount,15.04,No,,New,Yes
OFF000357,7133-VBDCG,2024-04-24,20% Discount,7.98,No,,Regular,Yes
OFF000358,7133-VBDCG,2023-09-10,Loyalty Reward,0.0,Yes,2023-09-16,Regular,Yes
OFF000359,7133-VBDCG,2023-10-13,Free Installation,0.0,No,,Regular,Yes
OFF000360,1029-QFBEN,2024-06-15,Cashback ₹500,500.0,No,,New,Yes
OFF000361,1029-QFBEN,2023-05-17,Cashback ₹500,500.0,No,,New,Yes
OFF000362,1029-QFBEN,2025-08-10,Cashback ₹500,500.0,Yes,2025-08-13,New,Yes
OFF000363,4952-YSOGZ,2024-11-20,20% Discount,25.79,Yes,2024-11-26,New,Yes
OFF000364,4952-YSOGZ,2025-01-28,Extra 100GB Data,100.0,Yes,2025-01-28,New,Yes
OFF000365,4952-YSOGZ,2024-07-06,20% Discount,8.6,Yes,2024-07-11,New,Yes
OFF000366,1589-AGTLK,2023-04-25,Extra 100GB Data,100.0,No,,New,Yes
OFF000367,5244-IRFIH,2025-08-04,Free Upgrade,0.0,Yes,2025-08-10,Regular,Yes
OFF000368,5244-IRFIH,2023-06-20,Free Installation,0.0,Yes,2023-06-26,Regular,Yes
OFF000369,2684-EIWEO,2025-10-07,Extra 100GB Data,100.0,No,,Regular,Yes
OFF000370,2684-EIWEO,2024-12-08,30% Discount,18.34,Yes,2024-12-15,Regular,Yes
OFF000371,2684-EIWEO,2023-10-19,20% Discount,18.34,No,,Regular,Yes
OFF000372,6439-GTPCA,2025-03-22,Free Upgrade,0.0,No,,Loyal,Yes
OFF000373,5138-WVKYJ,2025-04-08,Free Installation,0.0,No,,New,Yes
OFF000374,6683-VLCTZ,2024-11-01,20% Discount,29.56,Yes,2024-11-03,Regular,Yes
OFF000375,6683-VLCTZ,2023-02-23,Free 3 Months Streaming,0.0,Yes,2023-02-28,Regular,Yes
OFF000376,2189-WWOEW,2023-10-04,Cashback ₹500,500.0,Yes,2023-10-06,Regular,Yes
OFF000377,2189-WWOEW,2023-06-12,Free Installation,0.0,Yes,2023-06-15,Regular,Yes
OFF000378,2189-WWOEW,2025-08-08,Extra 100GB Data,100.0,Yes,2025-08-13,Regular,Yes
OFF000379,1894-IGFSG,2024-03-21,10% Discount,26.77,No,,Regular,Yes
OFF000380,7379-POKDZ,2025-09-27,Cashback ₹500,500.0,No,,New,Yes
OFF000381,0236-HFWSV,2023-01-20,Cashback ₹500,500.0,Yes,2023-01-21,Regular,Yes
OFF000382,0236-HFWSV,2024-09-24,Premium Support,0.0,Yes,2024-09-26,Regular,Yes
OFF000383,3900-AQPHZ,2025-06-15,10% Discount,3.98,Yes,2025-06-17,New,Yes
OFF000384,3900-AQPHZ,2024-08-12,30% Discount,3.98,No,,New,Yes
OFF000385,3900-AQPHZ,2023-04-22,30% Discount,3.98,Yes,2023-04-27,New,Yes
OFF000386,5842-POCOP,2024-09-19,Cashback ₹500,500.0,Yes,2024-09-24,New,Yes
OFF000387,5842-POCOP,2023-10-08,Free 3 Months Streaming,0.0,No,,New,Yes
OFF000388,2037-XJFUP,2024-02-17,20% Discount,9.58,No,,Regular,Yes
OFF000389,2037-XJFUP,2025-10-12,Premium Support,0.0,Yes,2025-10-14,Regular,Yes
OFF000390,2037-XJFUP,2024-05-16,Free 3 Months Streaming,0.0,Yes,2024-05-22,Regular,Yes
OFF000391,7314-OXENN,2025-07-27,Free Upgrade,0.0,No,,New,Yes
OFF000392,7314-OXENN,2023-05-05,Cashback ₹500,500.0,Yes,2023-05-12,New,Yes
OFF000393,7314-OXENN,2023-03-01,Free 3 Months Streaming,0.0,Yes,2023-03-03,New,Yes
OFF000394,0322-CHQRU,2025-01-19,10% Discount,13.61,Yes,2025-01-22,New,Yes
OFF000395,0322-CHQRU,2024-02-28,Free Upgrade,0.0,Yes,2024-02-28,New,Yes
OFF000396,4678-DVQEO,2023-08-02,Premium Support,0.0,Yes,2023-08-07,New,Yes
OFF000397,0691-IFBQW,2025-11-22,Extra 100GB Data,100.0,No,,Loyal,Yes
OFF000398,0691-IFBQW,2024-08-28,Loyalty Reward,0.0,Yes,2024-08-28,Loyal,Yes
OFF000399,0691-IFBQW,2023-05-19,10% Discount,11.0,No,,Loyal,Yes
OFF000400,3009-JWMPU,2024-11-13,Free Upgrade,0.0,Yes,2024-11-14,Loyal,Yes
OFF000401,1450-GALXR,2024-05-10,20% Discount,19.7,Yes,2024-05-12,New,Yes
OFF000402,1450-GALXR,2024-09-27,Extra 100GB Data,100.0,No,,New,Yes
OFF000403,3138-BKYAV,2025-11-13,Extra 100GB Data,100.0,No,,New,Yes
OFF000404,3138-BKYAV,2023-10-09,Free 3 Months Streaming,0.0,Yes,2023-10-11,New,Yes
OFF000405,4289-DTDKW,2023-06-17,Cashback ₹500,500.0,No,,Loyal,Yes
OFF000406,4289-DTDKW,2024-05-04,Free 3 Months Streaming,0.0,Yes,2024-05-06,Loyal,Yes
OFF000407,4289-DTDKW,2023-02-18,Premium Support,0.0,No,,Loyal,Yes
OFF000408,1820-TQVEV,2024-01-04,10% Discount,6.96,No,,New,Yes
OFF000409,1820-TQVEV,2025-04-02,Free 3 Months Streaming,0.0,Yes,2025-04-09,New,Yes
OFF000410,2239-JALAW,2025-11-23,Extra 100GB Data,100.0,Yes,2025-11-28,Loyal,Yes
OFF000411,2239-JALAW,2023-10-19,20% Discount,30.97,Yes,2023-10-23,Loyal,Yes
OFF000412,4853-RULSV,2025-08-10,Loyalty Reward,0.0,No,,Loyal,Yes
OFF000413,6275-YDUVO,2025-03-06,Free Installation,0.0,No,,New,Yes
OFF000414,6275-YDUVO,2024-12-22,Free Upgrade,0.0,Yes,2024-12-23,New,Yes
OFF000415,0115-TFERT,2024-02-12,Cashback ₹500,500.0,Yes,2024-02-18,Regular,Yes
OFF000416,2311-QYMUQ,2025-05-05,30% Discount,17.89,No,,Regular,Yes
OFF000417,3643-AHCFP,2025-09-24,10% Discount,9.56,No,,New,Yes
OFF000418,3643-AHCFP,2025-12-21,Loyalty Reward,0.0,Yes,2025-12-23,New,Yes
OFF000419,3104-OWCGK,2024-10-26,30% Discount,18.19,No,,Loyal,Yes
OFF000420,3104-OWCGK,2023-06-25,Premium Support,0.0,No,,Loyal,Yes
OFF000421,3104-OWCGK,2024-09-05,Cashback ₹500,500.0,No,,Loyal,Yes
OFF000422,9101-BWFSS,2024-11-09,Extra 100GB Data,100.0,Yes,2024-11-15,Loyal,Yes
OFF000423,9101-BWFSS,2023-07-22,10% Discount,32.56,Yes,2023-07-28,Loyal,Yes
OFF000424,9101-BWFSS,2025-09-10,30% Discount,10.86,No,,Loyal,Yes
OFF000425,9231-ZJYAM,2025-06-18,Premium Support,0.0,No,,New,Yes
OFF000426,9231-ZJYAM,2023-08-07,Loyalty Reward,0.0,Yes,2023-08-11,New,Yes
OFF000427,6982-SSHFK,2024-09-16,Extra 100GB Data,100.0,No,,New,Yes
OFF000428,0727-BMPLR,2025-02-13,Extra 100GB Data,100.0,No,,Loyal,Yes
OFF000429,1038-ZAGBI,2023-12-18,10% Discount,1.98,Yes,2023-12-19,Regular,Yes
OFF000430,1038-ZAGBI,2023-09-24,Extra 100GB Data,100.0,No,,Regular,Yes
OFF000431,3027-ZTDHO,2025-11-04,Free Upgrade,0.0,No,,New,Yes
OFF000432,3027-ZTDHO,2024-12-13,Extra 100GB Data,100.0,No,,New,Yes
OFF000433,3027-ZTDHO,2023-07-01,Extra 100GB Data,100.0,No,,New,Yes
OFF000434,2382-BCKQJ,2023-01-06,Extra 100GB Data,100.0,Yes,2023-01-12,Loyal,Yes
OFF000435,2382-BCKQJ,2023-02-23,Loyalty Reward,0.0,Yes,2023-02-26,Loyal,Yes
OFF000436,2382-BCKQJ,2024-01-22,30% Discount,10.02,No,,Loyal,Yes
OFF000437,2207-NHRJK,2024-01-07,Loyalty Reward,0.0,Yes,2024-01-09,New,Yes
OFF000438,2207-NHRJK,2024-06-13,Extra 100GB Data,100.0,Yes,2024-06-17,New,Yes
OFF000439,2207-NHRJK,2024-05-22,Extra 100GB Data,100.0,No,,New,Yes
OFF000440,0947-MUGVO,2024-05-09,Premium Support,0.0,Yes,2024-05-16,Regular,Yes
OFF000441,0947-MUGVO,2025-01-03,Cashback ₹500,500.0,No,,Regular,Yes
OFF000442,9944-HKVVB,2023-08-13,Cashback ₹500,500.0,Yes,2023-08-17,New,Yes
OFF000443,4124-MMETB,2025-05-12,Loyalty Reward,0.0,Yes,2025-05-15,Regular,Yes
OFF000444,3671-SHRSP,2024-11-05,Extra 100GB Data,100.0,No,,New,Yes
OFF000445,3671-SHRSP,2025-05-04,Free Upgrade,0.0,Yes,2025-05-07,New,Yes
OFF000446,3313-QKNKB,2025-07-20,Loyalty Reward,0.0,No,,Loyal,Yes
OFF000447,3313-QKNKB,2024-03-20,20% Discount,25.66,Yes,2024-03-22,Loyal,Yes
OFF000448,3313-QKNKB,2025-08-17,Free Installation,0.0,Yes,2025-08-18,Loyal,Yes
OFF000449,5073-WXOYN,2023-05-04,10% Discount,15.24,Yes,2023-05-06,Loyal,Yes
OFF000450,5073-WXOYN,2023-10-28,Loyalty Reward,0.0,No,,Loyal,Yes
OFF000451,5073-WXOYN,2025-10-16,Cashback ₹500,500.0,No,,Loyal,Yes
OFF000452,0207-MDKNV,2024-02-26,30% Discount,10.51,No,,Regular,Yes
OFF000453,0207-MDKNV,2024-04-26,Premium Support,0.0,No,,Regular,Yes
OFF000454,9851-KIELU,2024-08-22,Free Upgrade,0.0,No,,New,Yes
OFF000455,3908-BLSYF,2025-07-07,Premium Support,0.0,Yes,2025-07-08,New,Yes
OFF000456,3908-BLSYF,2025-07-22,Cashback ₹500,500.0,No,,New,Yes
OFF000457,7549-MYGPK,2025-01-12,Free 3 Months Streaming,0.0,No,,Loyal,Yes
OFF000458,7549-MYGPK,2025-01-02,30% Discount,30.16,No,,Loyal,Yes
OFF000459,7549-MYGPK,2023-12-10,Free Upgrade,0.0,Yes,2023-12-15,Loyal,Yes
OFF000460,3804-RVTGV,2025-06-04,30% Discount,31.15,No,,Loyal,Yes
OFF000461,3804-RVTGV,2023-08-11,Loyalty Reward,0.0,Yes,2023-08-17,Loyal,Yes
OFF000462,3804-RVTGV,2023-12-13,Free 3 Months Streaming,0.0,No,,Loyal,Yes
OFF000463,9227-LUNBG,2024-08-01,Premium Support,0.0,Yes,2024-08-07,New,Yes
OFF000464,4315-MURBD,2025-07-26,10% Discount,9.89,Yes,2025-07-27,Regular,Yes
OFF000465,4315-MURBD,2023-11-07,Extra 100GB Data,100.0,No,,Regular,Yes
OFF000466,4315-MURBD,2025-08-07,Free Installation,0.0,Yes,2025-08-12,Regular,Yes
OFF000467,9734-YWGEX,2024-07-06,Loyalty Reward,0.0,No,,New,Yes
OFF000468,9734-YWGEX,2025-10-26,30% Discount,9.83,Yes,2025-10-27,New,Yes
OFF000469,9734-YWGEX,2025-05-17,Loyalty Reward,0.0,No,,New,Yes
OFF000470,2719-BDAQO,2023-07-18,10% Discount,28.15,No,,Regular,Yes
OFF000471,2719-BDAQO,2024-05-21,Free 3 Months Streaming,0.0,No,,Regular,Yes
OFF000472,0781-LKXBR,2025-10-12,Cashback ₹500,500.0,No,,New,Yes
OFF000473,0781-LKXBR,2025-10-13,20% Discount,20.1,Yes,2025-10-14,New,Yes
OFF000474,1907-UBQFC,2023-04-14,Free Upgrade,0.0,Yes,2023-04-17,New,Yes
OFF000475,1907-UBQFC,2024-01-20,10% Discount,21.85,Yes,2024-01-23,New,Yes
OFF000476,1907-UBQFC,2025-04-27,30% Discount,21.85,No,,New,Yes
OFF000477,6513-EECDB,2023-06-05,Extra 100GB Data,100.0,Yes,2023-06-12,New,Yes
OFF000478,7074-IEVOJ,2024-05-26,10% Discount,23.82,Yes,2024-05-28,New,Yes
OFF000479,7074-IEVOJ,2024-10-16,Loyalty Reward,0.0,No,,New,Yes
OFF000480,7074-IEVOJ,2024-06-18,10% Discount,15.88,Yes,2024-06-24,New,Yes
OFF000481,9625-QSTYE,2025-07-01,30% Discount,24.35,Yes,2025-07-06,Regular,Yes
OFF000482,9625-QSTYE,2024-09-28,Loyalty Reward,0.0,No,,Regular,Yes
OFF000483,9625-QSTYE,2023-06-20,Free 3 Months Streaming,0.0,Yes,2023-06-27,Regular,Yes
OFF000484,4750-ZRXIU,2024-06-16,Cashback ₹500,500.0,No,,New,Yes
OFF000485,4750-ZRXIU,2023-11-11,Loyalty Reward,0.0,Yes,2023-11-12,New,Yes
OFF000486,4750-ZRXIU,2025-08-15,10% Discount,16.92,Yes,2025-08-17,New,Yes
OFF000487,6400-BWQKW,2024-11-24,20% Discount,23.71,No,,New,Yes
OFF000488,6680-WKXRZ,2025-11-21,Cashback ₹500,500.0,Yes,2025-11-24,New,Yes
OFF000489,6680-WKXRZ,2025-10-06,Loyalty Reward,0.0,No,,New,Yes
OFF000490,7028-DVOIQ,2023-12-04,Free Installation,0.0,Yes,2023-12-05,Regular,Yes
OFF000491,4208-UFFGW,2024-02-21,Cashback ₹500,500.0,No,,New,Yes
OFF000492,4208-UFFGW,2024-12-20,Free Installation,0.0,No,,New,Yes
OFF000493,9448-REEVD,2024-03-28,Free Installation,0.0,Yes,2024-03-28,New,Yes
OFF000494,9117-SHLZX,2024-11-24,Premium Support,0.0,No,,New,Yes
OFF000495,9117-SHLZX,2023-03-07,Loyalty Reward,0.0,No,,New,Yes
OFF000496,9117-SHLZX,2024-07-25,Free Upgrade,0.0,Yes,2024-07-28,New,Yes
OFF000497,9889-TMAHG,2025-02-03,Loyalty Reward,0.0,Yes,2025-02-09,New,Yes
OFF000498,9889-TMAHG,2023-02-28,Premium Support,0.0,No,,New,Yes
OFF000499,4541-RMRLG,2025-11-28,Extra 100GB Data,100.0,No,,New,Yes
OFF000500,4541-RMRLG,2025-07-08,30% Discount,5.77,No,,New,Yes
OFF000501,4541-RMRLG,2025-04-14,20% Discount,3.85,No,,New,Yes
OFF000502,3158-MOERK,2024-05-06,30% Discount,19.2,Yes,2024-05-08,New,Yes
OFF000503,3158-MOERK,2023-01-16,Cashback ₹500,500.0,Yes,2023-01-21,New,Yes
OFF000504,7294-TMAOP,2025-01-26,Free 3 Months Streaming,0.0,Yes,2025-01-28,New,Yes
OFF000505,7294-TMAOP,2024-11-12,10% Discount,27.16,Yes,2024-11-14,New,Yes
OFF000506,7294-TMAOP,2024-08-13,Free Installation,0.0,Yes,2024-08-15,New,Yes
OFF000507,8919-FYFQZ,2023-09-02,Extra 100GB Data,100.0,Yes,2023-09-03,Loyal,Yes
OFF000508,2834-JRTUA,2024-02-14,20% Discount,10.8,No,,Loyal,Yes
OFF000509,2834-JRTUA,2023-05-10,Extra 100GB Data,100.0,No,,Loyal,Yes
OFF000510,2834-JRTUA,2025-08-06,Extra 100GB Data,100.0,No,,Loyal,Yes
OFF000511,5875-YPQFJ,2024-08-24,30% Discount,13.98,No,,New,Yes
OFF000512,5875-YPQFJ,2024-05-12,Loyalty Reward,0.0,No,,New,Yes
OFF000513,5875-YPQFJ,2025-09-27,Premium Support,0.0,Yes,2025-09-28,New,Yes
OFF000514,6646-QVXLR,2024-03-08,Loyalty Reward,0.0,No,,Loyal,Yes
OFF000515,6646-QVXLR,2024-08-22,Premium Support,0.0,No,,Loyal,Yes
OFF000516,8603-IJWDN,2024-03-11,Premium Support,0.0,No,,New,Yes
OFF000517,8603-IJWDN,2023-12-16,Extra 100GB Data,100.0,Yes,2023-12-23,New,Yes
OFF000518,9369-XFEHK,2023-03-01,Free 3 Months Streaming,0.0,Yes,2023-03-07,Regular,Yes
OFF000519,9369-XFEHK,2024-07-13,Free 3 Months Streaming,0.0,Yes,2024-07-19,Regular,Yes
OFF000520,3842-IYKUE,2023-02-13,Loyalty Reward,0.0,Yes,2023-02-18,Regular,Yes
OFF000521,6641-XRPSU,2023-04-05,Premium Support,0.0,Yes,2023-04-12,Regular,Yes
OFF000522,6641-XRPSU,2024-09-24,10% Discount,21.0,No,,Regular,Yes
OFF000523,1374-DMZUI,2023-02-09,Free Installation,0.0,Yes,2023-02-11,New,Yes
OFF000524,8357-EQXFO,2023-02-07,Extra 100GB Data,100.0,No,,New,Yes
OFF000525,8357-EQXFO,2025-04-09,20% Discount,19.07,Yes,2025-04-13,New,Yes
OFF000526,8357-EQXFO,2024-12-01,30% Discount,9.54,Yes,2024-12-05,New,Yes
OFF000527,1989-PRJHP,2025-10-11,20% Discount,15.1,No,,Regular,Yes
OFF000528,1989-PRJHP,2023-04-28,Free Installation,0.0,No,,Regular,Yes
OFF000529,9524-EGPJC,2023-07-15,10% Discount,27.03,No,,Regular,Yes
OFF000530,9524-EGPJC,2023-06-27,Extra 100GB Data,100.0,No,,Regular,Yes
OFF000531,6993-OHLXR,2024-02-24,Cashback ₹500,500.0,No,,New,Yes
OFF000532,8818-XYFCQ,2025-05-23,Extra 100GB Data,100.0,No,,Regular,Yes
OFF000533,8818-XYFCQ,2025-08-27,Loyalty Reward,0.0,No,,Regular,Yes
OFF000534,8818-XYFCQ,2025-04-15,30% Discount,9.96,No,,Regular,Yes
OFF000535,4695-VADHF,2023-08-13,30% Discount,11.49,No,,Regular,Yes
OFF000536,4695-VADHF,2025-08-02,Cashback ₹500,500.0,Yes,2025-08-09,Regular,Yes
OFF000537,4695-VADHF,2023-12-21,Loyalty Reward,0.0,Yes,2023-12-22,Regular,Yes
OFF000538,3863-IUBJR,2023-11-22,Extra 100GB Data,100.0,No,,Regular,Yes
OFF000539,3863-IUBJR,2024-02-02,30% Discount,16.09,No,,Regular,Yes
OFF000540,3863-IUBJR,2024-11-14,Free 3 Months Streaming,0.0,Yes,2024-11-19,Regular,Yes
OFF000541,4822-RVYBB,2025-07-08,Premium Support,0.0,No,,New,Yes
OFF000542,8436-BJUMM,2024-03-03,Free 3 Months Streaming,0.0,Yes,2024-03-06,Regular,Yes
OFF000543,4184-TJFAN,2024-04-19,20% Discount,26.49,No,,New,Yes
OFF000544,4184-TJFAN,2023-08-16,Free 3 Months Streaming,0.0,No,,New,Yes
OFF000545,4145-UQXUQ,2024-01-16,Free 3 Months Streaming,0.0,No,,New,Yes
OFF000546,4145-UQXUQ,2024-06-03,10% Discount,9.21,No,,New,Yes
OFF000547,9948-YPTDG,2023-05-19,Free Upgrade,0.0,No,,Loyal,Yes
OFF000548,1236-WFCDV,2025-01-04,Free 3 Months Streaming,0.0,Yes,2025-01-09,Regular,Yes
OFF000549,1236-WFCDV,2023-04-15,Cashback ₹500,500.0,No,,Regular,Yes
OFF000550,4883-QICIH,2025-08-24,Cashback ₹500,500.0,No,,Regular,Yes
OFF000551,8329-IBCTI,2024-10-25,30% Discount,5.89,Yes,2024-10-27,New,Yes
OFF000552,8329-IBCTI,2023-08-01,Premium Support,0.0,Yes,2023-08-02,New,Yes
OFF000553,8329-IBCTI,2024-12-05,10% Discount,3.93,No,,New,Yes
OFF000554,1271-SJBGZ,2024-11-12,30% Discount,4.37,No,,Regular,Yes
OFF000555,1271-SJBGZ,2024-03-18,Free Upgrade,0.0,Yes,2024-03-19,Regular,Yes
OFF000556,5669-SRAIP,2023-01-20,10% Discount,11.85,Yes,2023-01-22,New,Yes
OFF000557,5669-SRAIP,2023-04-18,Cashback ₹500,500.0,Yes,2023-04-25,New,Yes
OFF000558,5669-SRAIP,2025-03-18,Loyalty Reward,0.0,No,,New,Yes
OFF000559,5981-ITEMU,2024-01-08,10% Discount,9.71,No,,Loyal,Yes
OFF000560,5981-ITEMU,2024-11-02,Free 3 Months Streaming,0.0,Yes,2024-11-07,Loyal,Yes
OFF000561,6941-PMGEP,2024-11-07,10% Discount,8.0,No,,New,Yes
OFF000562,1624-WOIWJ,2025-05-13,Extra 100GB Data,100.0,No,,New,Yes
OFF000563,1624-WOIWJ,2024-02-27,30% Discount,16.94,No,,New,Yes
OFF000564,2074-GKOWZ,2023-06-02,30% Discount,26.86,No,,New,Yes
OFF000565,0376-YMCJC,2024-04-04,Free Upgrade,0.0,No,,Regular,Yes
OFF000566,0376-YMCJC,2023-06-16,Premium Support,0.0,No,,Regular,Yes
OFF000567,0376-YMCJC,2024-08-08,Free Upgrade,0.0,No,,Regular,Yes
OFF000568,0634-SZPQA,2023-11-01,30% Discount,18.01,No,,Regular,Yes
OFF000569,5536-RTPWK,2024-03-22,Extra 100GB Data,100.0,No,,Loyal,Yes
OFF000570,5536-RTPWK,2025-05-25,20% Discount,29.71,No,,Loyal,Yes
OFF000571,5536-RTPWK,2023-01-18,10% Discount,29.71,No,,Loyal,Yes
OFF000572,6166-ILMNY,2024-10-20,Loyalty Reward,0.0,No,,New,Yes
OFF000573,6166-ILMNY,2024-01-06,20% Discount,6.98,Yes,2024-01-09,New,Yes
OFF000574,3097-NNSPB,2023-07-22,Cashback ₹500,500.0,No,,New,Yes
OFF000575,0655-RBDUG,2025-03-24,20% Discount,9.8,Yes,2025-03-28,New,Yes
OFF000576,0655-RBDUG,2023-01-05,Free Installation,0.0,No,,New,Yes
OFF000577,0655-RBDUG,2023-11-09,Free 3 Months Streaming,0.0,Yes,2023-11-10,New,Yes
OFF000578,4361-BKAXE,2023-12-21,Free 3 Months Streaming,0.0,No,,Loyal,Yes
OFF000579,9878-TNQGW,2025-03-28,10% Discount,8.1,Yes,2025-03-28,New,Yes
OFF000580,4441-NIHPT,2024-03-16,20% Discount,14.86,No,,Regular,Yes
OFF000581,4441-NIHPT,2024-05-06,Free 3 Months Streaming,0.0,Yes,2024-05-09,Regular,Yes
OFF000582,4441-NIHPT,2024-09-16,Free Installation,0.0,No,,Regular,Yes
OFF000583,8999-BOHSE,2023-11-27,Premium Support,0.0,No,,New,Yes
OFF000584,8999-BOHSE,2025-06-03,30% Discount,26.91,No,,New,Yes
OFF000585,7029-RPUAV,2025-07-16,Free Upgrade,0.0,No,,Regular,Yes
OFF000586,7029-RPUAV,2025-11-11,Extra 100GB Data,100.0,No,,Regular,Yes
OFF000587,4607-CHPCA,2025-08-04,Free Installation,0.0,No,,Regular,Yes
OFF000588,4607-CHPCA,2025-08-17,Extra 100GB Data,100.0,No,,Regular,Yes
OFF000589,8824-RWFXJ,2025-05-21,Free Upgrade,0.0,No,,New,Yes
OFF000590,8824-RWFXJ,2025-02-21,Free Installation,0.0,No,,New,Yes
OFF000591,9763-PDTKK,2024-08-25,20% Discount,9.44,No,,New,Yes
OFF000592,9763-PDTKK,2023-01-18,Free 3 Months Streaming,0.0,No,,New,Yes
OFF000593,7627-JKIAZ,2023-11-15,20% Discount,7.9,Yes,2023-11-17,Loyal,Yes
OFF000594,7627-JKIAZ,2024-01-20,Free 3 Months Streaming,0.0,No,,Loyal,Yes
OFF000595,7627-JKIAZ,2024-12-21,10% Discount,7.9,No,,Loyal,Yes
OFF000596,4081-DYXAV,2023-07-16,20% Discount,13.46,No,,Regular,Yes
OFF000597,4081-DYXAV,2025-10-26,Free 3 Months Streaming,0.0,Yes,2025-10-28,Regular,Yes
OFF000598,8111-SLLHI,2024-12-03,30% Discount,21.13,No,,Loyal,Yes
OFF000599,0927-LCSMG,2025-12-11,Free Installation,0.0,Yes,2025-12-15,New,Yes
OFF000600,8257-RZAHR,2024-06-16,Cashback ₹500,500.0,No,,Regular,Yes
OFF000601,5293-WXJAK,2024-10-08,Loyalty Reward,0.0,No,,New,Yes
OFF000602,5293-WXJAK,2023-12-03,Free Installation,0.0,Yes,2023-12-08,New,Yes
OFF000603,0841-NULXI,2025-09-05,Free Upgrade,0.0,Yes,2025-09-10,New,Yes
OFF000604,7851-WZEKY,2024-01-20,30% Discount,28.55,Yes,2024-01-26,New,Yes
OFF000605,7851-WZEKY,2024-10-08,Cashback ₹500,500.0,No,,New,Yes
OFF000606,7851-WZEKY,2025-05-04,10% Discount,28.55,Yes,2025-05-05,New,Yes
OFF000607,8844-TONUD,2024-07-06,Cashback ₹500,500.0,No,,Regular,Yes
OFF000608,4086-YQSNZ,2024-06-20,Loyalty Reward,0.0,Yes,2024-06-26,New,Yes
OFF000609,5868-CZJDR,2024-06-09,20% Discount,3.14,No,,New,Yes
OFF000610,5868-CZJDR,2025-09-11,Premium Support,0.0,No,,New,Yes
OFF000611,5868-CZJDR,2025-06-16,30% Discount,9.4,No,,New,Yes
OFF000612,0135-NMXAP,2025-05-21,Free 3 Months Streaming,0.0,No,,Regular,Yes
OFF000613,0135-NMXAP,2025-12-13,Extra 100GB Data,100.0,No,,Regular,Yes
OFF000614,0135-NMXAP,2025-09-17,10% Discount,26.93,Yes,2025-09-19,Regular,Yes
OFF000615,6270-OMFIW,2023-05-05,Premium Support,0.0,Yes,2023-05-08,Loyal,Yes
OFF000616,6270-OMFIW,2024-10-27,Cashback ₹500,500.0,No,,Loyal,Yes
OFF000617,6270-OMFIW,2023-02-10,20% Discount,9.44,No,,Loyal,Yes
OFF000618,0107-WESLM,2025-03-26,Free 3 Months Streaming,0.0,No,,New,Yes
OFF000619,0107-WESLM,2023-12-03,Free 3 Months Streaming,0.0,No,,New,Yes
OFF000620,3992-YWPKO,2023-03-08,Cashback ₹500,500.0,Yes,2023-03-12,New,Yes
OFF000621,3992-YWPKO,2024-08-23,Free 3 Months Streaming,0.0,No,,New,Yes
OFF000622,0125-LZQXK,2023-10-28,Free Upgrade,0.0,Yes,2023-10-28,Regular,Yes
OFF000623,0125-LZQXK,2024-09-02,Cashback ₹500,500.0,Yes,2024-09-05,Regular,Yes
OFF000624,8399-YNDCH,2024-10-07,30% Discount,18.01,Yes,2024-10-13,Regular,Yes
OFF000625,8399-YNDCH,2024-03-07,Free Upgrade,0.0,Yes,2024-03-08,Regular,Yes
OFF000626,5673-FSSMF,2024-12-06,Free Upgrade,0.0,No,,New,Yes
OFF000627,1579-KLYDT,2024-09-16,Extra 100GB Data,100.0,No,,New,Yes
OFF000628,3927-NLNRY,2025-05-25,10% Discount,28.27,Yes,2025-05-26,Loyal,Yes
OFF000629,3927-NLNRY,2023-12-02,Cashback ₹500,500.0,No,,Loyal,Yes
OFF000630,6358-LYNGM,2023-05-11,20% Discount,14.98,No,,New,Yes
OFF000631,5494-HECPR,2023-05-05,30% Discount,16.05,Yes,2023-05-06,New,Yes
OFF000632,9824-BEMCV,2025-01-08,Free 3 Months Streaming,0.0,No,,Regular,Yes
OFF000633,9824-BEMCV,2024-05-26,Extra 100GB Data,100.0,Yes,2024-05-28,Regular,Yes
OFF000634,9824-BEMCV,2023-01-28,Premium Support,0.0,Yes,2023-01-28,Regular,Yes
OFF000635,1373-ORVIZ,2023-03-17,30% Discount,13.27,No,,New,Yes
OFF000636,1373-ORVIZ,2023-01-10,20% Discount,19.9,Yes,2023-01-11,New,Yes
OFF000637,1373-ORVIZ,2023-06-15,10% Discount,19.9,No,,New,Yes
OFF000638,9866-QEVEE,2024-07-27,20% Discount,25.8,No,,Regular,Yes
OFF000639,9866-QEVEE,2024-06-25,Premium Support,0.0,Yes,2024-06-28,Regular,Yes
OFF000640,9866-QEVEE,2025-12-26,Cashback ₹500,500.0,No,,Regular,Yes
OFF000641,9897-KXHCM,2024-12-10,10% Discount,8.03,Yes,2024-12-14,New,Yes
OFF000642,9897-KXHCM,2025-08-07,Extra 100GB Data,100.0,Yes,2025-08-11,New,Yes
OFF000643,7979-CORPM,2023-06-24,10% Discount,27.16,Yes,2023-06-26,Regular,Yes
OFF000644,7979-CORPM,2024-06-14,30% Discount,27.16,No,,Regular,Yes
OFF000645,7979-CORPM,2023-08-04,Free Upgrade,0.0,Yes,2023-08-07,Regular,Yes
OFF000646,1618-CFHME,2023-01-24,Loyalty Reward,0.0,No,,New,Yes
OFF000647,1618-CFHME,2024-07-14,Free 3 Months Streaming,0.0,Yes,2024-07-17,New,Yes
OFF000648,1618-CFHME,2025-04-07,Premium Support,0.0,No,,New,Yes
OFF000649,3165-HDOEW,2023-02-27,10% Discount,4.58,No,,New,Yes
OFF000650,3165-HDOEW,2025-06-26,10% Discount,4.58,Yes,2025-06-28,New,Yes
OFF000651,6581-NQCBA,2023-03-03,Free 3 Months Streaming,0.0,Yes,2023-03-04,Regular,Yes
OFF000652,1689-MRZQR,2023-03-26,30% Discount,15.66,No,,Regular,Yes
OFF000653,1689-MRZQR,2025-04-28,Free Installation,0.0,No,,Regular,Yes
OFF000654,1689-MRZQR,2024-07-03,30% Discount,15.66,No,,Regular,Yes
OFF000655,5835-BEQEU,2024-11-24,Extra 100GB Data,100.0,No,,New,Yes
OFF000656,5565-FILXA,2023-04-02,Free Upgrade,0.0,Yes,2023-04-09,Regular,Yes
OFF000657,5565-FILXA,2025-04-24,Extra 100GB Data,100.0,No,,Regular,Yes
OFF000658,5565-FILXA,2025-12-19,10% Discount,19.23,Yes,2025-12-20,Regular,Yes
OFF000659,5552-ZNFSJ,2024-06-07,20% Discount,9.06,Yes,2024-06-12,New,Yes
OFF000660,5552-ZNFSJ,2024-10-15,30% Discount,4.53,No,,New,Yes
OFF000661,5552-ZNFSJ,2025-11-26,Free Installation,0.0,Yes,2025-11-28,New,Yes
OFF000662,2223-KAGMX,2025-02-08,Free Installation,0.0,No,,Regular,Yes
OFF000663,2223-KAGMX,2025-10-08,Extra 100GB Data,100.0,No,,Regular,Yes
OFF000664,2223-KAGMX,2025-07-11,20% Discount,1.94,No,,Regular,Yes
OFF000665,7321-PKUYW,2024-07-17,Free 3 Months Streaming,0.0,No,,New,Yes
OFF000666,7321-PKUYW,2024-08-03,Cashback ₹500,500.0,Yes,2024-08-10,New,Yes
OFF000667,7321-PKUYW,2024-01-22,Free Upgrade,0.0,No,,New,Yes
OFF000668,2833-SLKDQ,2024-06-25,Free 3 Months Streaming,0.0,No,,New,Yes
OFF000669,7595-EUIVN,2023-04-04,10% Discount,15.16,Yes,2023-04-11,New,Yes
OFF000670,2026-TGDHM,2025-11-14,20% Discount,23.79,Yes,2025-11-15,New,Yes
OFF000671,2026-TGDHM,2025-11-24,Cashback ₹500,500.0,No,,New,Yes
OFF000672,2026-TGDHM,2023-08-22,Free Installation,0.0,Yes,2023-08-24,New,Yes
OFF000673,4030-VPZBD,2024-09-11,Extra 100GB Data,100.0,No,,New,Yes
OFF000674,4030-VPZBD,2023-01-02,10% Discount,6.18,No,,New,Yes
OFF000675,4187-CINZD,2025-03-17,Free Upgrade,0.0,No,,Loyal,Yes
OFF000676,4187-CINZD,2025-12-05,Extra 100GB Data,100.0,No,,Loyal,Yes
OFF000677,6818-WOBHJ,2025-11-05,Free Installation,0.0,No,,Loyal,Yes
OFF000678,6818-WOBHJ,2024-11-08,Cashback ₹500,500.0,No,,Loyal,Yes
OFF000679,2408-TZMJL,2024-08-24,Premium Support,0.0,Yes,2024-08-27,Loyal,Yes
OFF000680,2408-TZMJL,2024-03-23,20% Discount,22.03,Yes,2024-03-24,Loyal,Yes
OFF000681,2408-TZMJL,2024-03-14,Cashback ₹500,500.0,No,,Loyal,Yes
OFF000682,9134-CEQMF,2023-07-05,30% Discount,17.9,Yes,2023-07-09,New,Yes
OFF000683,7993-PYKOF,2023-03-12,30% Discount,15.0,No,,New,Yes
OFF000684,7993-PYKOF,2024-11-20,30% Discount,7.5,Yes,2024-11-26,New,Yes
OFF000685,7993-PYKOF,2023-11-15,10% Discount,15.0,No,,New,Yes
OFF000686,5027-XWQHA,2024-12-09,Free Upgrade,0.0,No,,New,Yes
OFF000687,5027-XWQHA,2025-02-16,Extra 100GB Data,100.0,No,,New,Yes
OFF000688,4566-QVRRW,2024-07-09,Free 3 Months Streaming,0.0,No,,New,Yes
OFF000689,4566-QVRRW,2023-08-15,Loyalty Reward,0.0,No,,New,Yes
OFF000690,8519-IMDHU,2025-02-19,20% Discount,25.68,Yes,2025-02-21,Regular,Yes
OFF000691,0201-OAMXR,2023-06-24,Loyalty Reward,0.0,Yes,2023-06-28,Loyal,Yes
OFF000692,0201-OAMXR,2024-12-15,Free Installation,0.0,No,,Loyal,Yes
OFF000693,0201-OAMXR,2025-07-14,Cashback ₹500,500.0,No,,Loyal,Yes
OFF000694,3372-KWFBM,2025-01-08,20% Discount,8.66,No,,Regular,Yes
OFF000695,7831-QGOXH,2024-12-14,Free Installation,0.0,No,,Regular,Yes
OFF000696,6393-WRYZE,2023-01-08,Cashback ₹500,500.0,Yes,2023-01-11,Regular,Yes
OFF000697,6393-WRYZE,2023-03-18,20% Discount,19.53,No,,Regular,Yes
OFF000698,6599-RCLCJ,2024-10-14,Extra 100GB Data,100.0,No,,Loyal,Yes
OFF000699,6599-RCLCJ,2024-07-13,Free 3 Months Streaming,0.0,No,,Loyal,Yes
OFF000700,6599-RCLCJ,2025-08-01,Premium Support,0.0,Yes,2025-08-06,Loyal,Yes
OFF000701,9831-BPFRI,2024-04-03,Loyalty Reward,0.0,Yes,2024-04-05,Loyal,Yes
OFF000702,9831-BPFRI,2024-05-13,20% Discount,26.86,No,,Loyal,Yes
OFF000703,9831-BPFRI,2025-09-21,20% Discount,17.91,Yes,2025-09-22,Loyal,Yes
OFF000704,1725-MIMXW,2024-07-25,Free Upgrade,0.0,Yes,2024-07-28,New,Yes
OFF000705,1725-MIMXW,2025-06-10,10% Discount,1.95,No,,New,Yes
OFF000706,1725-MIMXW,2023-04-09,Free 3 Months Streaming,0.0,No,,New,Yes
OFF000707,0031-PVLZI,2024-08-26,Extra 100GB Data,100.0,No,,New,Yes
OFF000708,0031-PVLZI,2025-01-01,Extra 100GB Data,100.0,No,,New,Yes
OFF000709,0031-PVLZI,2023-03-04,Free 3 Months Streaming,0.0,Yes,2023-03-08,New,Yes
OFF000710,7206-GZCDC,2025-11-02,Premium Support,0.0,Yes,2025-11-03,New,Yes
OFF000711,7206-GZCDC,2023-09-10,Premium Support,0.0,Yes,2023-09-16,New,Yes
OFF000712,4791-QRGMF,2025-09-22,Premium Support,0.0,Yes,2025-09-24,Loyal,Yes
OFF000713,4791-QRGMF,2025-09-16,Loyalty Reward,0.0,Yes,2025-09-23,Loyal,Yes
OFF000714,1768-ZAIFU,2023-01-02,30% Discount,5.04,Yes,2023-01-08,New,Yes
OFF000715,1768-ZAIFU,2023-07-27,Extra 100GB Data,100.0,Yes,2023-07-28,New,Yes
OFF000716,1768-ZAIFU,2025-03-09,30% Discount,5.04,No,,New,Yes
OFF000717,4671-LXRDQ,2024-03-26,10% Discount,4.5,Yes,2024-03-28,New,Yes
OFF000718,4671-LXRDQ,2023-04-18,20% Discount,4.5,No,,New,Yes
OFF000719,1934-SJVJK,2024-02-09,Free Upgrade,0.0,Yes,2024-02-15,New,Yes
OFF000720,3838-OZURD,2023-03-14,30% Discount,10.5,No,,Loyal,Yes
OFF000721,3838-OZURD,2024-02-18,Free Upgrade,0.0,No,,Loyal,Yes
OFF000722,9269-CQOOL,2025-03-21,Loyalty Reward,0.0,No,,New,Yes
OFF000723,9269-CQOOL,2023-10-15,Cashback ₹500,500.0,Yes,2023-10-18,New,Yes
OFF000724,9269-CQOOL,2023-09-27,Free Upgrade,0.0,No,,New,Yes
OFF000725,2845-HSJCY,2025-01-14,Free Installation,0.0,No,,Regular,Yes
OFF000726,1184-PJVDB,2024-07-16,Cashback ₹500,500.0,No,,New,Yes
OFF000727,1184-PJVDB,2025-11-21,Cashback ₹500,500.0,No,,New,Yes
OFF000728,9415-DPEWS,2024-10-11,30% Discount,26.5,Yes,2024-10-15,Regular,Yes
OFF000729,7943-RQCHR,2024-02-21,Extra 100GB Data,100.0,No,,New,Yes
OFF000730,7943-RQCHR,2023-12-20,Free Installation,0.0,No,,New,Yes
OFF000731,3793-MMFUH,2024-04-07,10% Discount,9.51,Yes,2024-04-08,Regular,Yes
OFF000732,3249-ZPQRG,2023-11-28,Cashback ₹500,500.0,Yes,2023-11-28,New,Yes
OFF000733,3249-ZPQRG,2025-05-26,30% Discount,15.69,No,,New,Yes
OFF000734,2568-BRGYX,2024-11-16,Free Upgrade,0.0,Yes,2024-11-21,New,Yes
OFF000735,2568-BRGYX,2024-10-24,Cashback ₹500,500.0,No,,New,Yes
OFF000736,7721-JXEAW,2024-05-15,10% Discount,4.1,Yes,2024-05-17,Loyal,Yes
OFF000737,7249-WBIYX,2024-05-21,Cashback ₹500,500.0,Yes,2024-05-25,New,Yes
OFF000738,7249-WBIYX,2023-10-19,Free 3 Months Streaming,0.0,Yes,2023-10-20,New,Yes
OFF000739,6567-HOOPW,2023-06-21,30% Discount,7.92,No,,New,Yes
OFF000740,3164-AALRN,2023-02-21,30% Discount,14.0,Yes,2023-02-28,New,Yes
OFF000741,3164-AALRN,2023-08-27,Free Installation,0.0,No,,New,Yes
OFF000742,3334-CTHOL,2023-03-02,Free Installation,0.0,No,,New,Yes
OFF000743,3334-CTHOL,2024-05-06,Free Installation,0.0,No,,New,Yes
OFF000744,3334-CTHOL,2024-03-16,30% Discount,14.98,Yes,2024-03-23,New,Yes
OFF000745,4704-ERYFC,2024-04-19,Premium Support,0.0,No,,Regular,Yes
OFF000746,4704-ERYFC,2025-04-03,20% Discount,6.93,Yes,2025-04-10,Regular,Yes
OFF000747,8621-MNIHH,2024-03-13,20% Discount,28.27,Yes,2024-03-19,Regular,Yes
OFF000748,8621-MNIHH,2025-02-27,Premium Support,0.0,No,,Regular,Yes
OFF000749,8621-MNIHH,2024-12-24,Free 3 Months Streaming,0.0,Yes,2024-12-25,Regular,Yes
OFF000750,0471-LVHGK,2024-10-12,Free Upgrade,0.0,No,,Loyal,Yes
OFF000751,9518-RWHZL,2023-09-19,Free Installation,0.0,No,,Loyal,Yes
OFF000752,9518-RWHZL,2023-01-10,Premium Support,0.0,No,,Loyal,Yes
OFF000753,9518-RWHZL,2023-07-10,Free Installation,0.0,Yes,2023-07-16,Loyal,Yes
OFF000754,5419-CONWX,2023-12-21,Extra 100GB Data,100.0,Yes,2023-12-26,New,Yes
OFF000755,5419-CONWX,2023-11-07,Free Upgrade,0.0,Yes,2023-11-09,New,Yes
OFF000756,6240-EURKS,2024-11-15,Loyalty Reward,0.0,No,,Regular,Yes
OFF000757,6240-EURKS,2025-02-05,Premium Support,0.0,Yes,2025-02-08,Regular,Yes
OFF000758,6240-EURKS,2024-07-09,Cashback ₹500,500.0,No,,Regular,Yes
OFF000759,6960-HVYXR,2023-04-26,Free 3 Months Streaming,0.0,No,,New,Yes
OFF000760,7024-OHCCK,2025-10-01,Cashback ₹500,500.0,No,,New,Yes
OFF000761,7024-OHCCK,2023-05-24,Free Installation,0.0,Yes,2023-05-28,New,Yes
OFF000762,7024-OHCCK,2024-06-02,20% Discount,28.15,No,,New,Yes
OFF000763,7861-UVUFT,2025-02-05,20% Discount,25.29,No,,Regular,Yes
OFF000764,5357-TZHPP,2025-01-25,Premium Support,0.0,Yes,2025-01-27,New,Yes
OFF000765,5357-TZHPP,2023-10-02,Loyalty Reward,0.0,Yes,2023-10-06,New,Yes
OFF000766,0680-DFNNY,2024-10-02,Extra 100GB Data,100.0,No,,Regular,Yes
OFF000767,7767-UXAGJ,2023-06-03,Free 3 Months Streaming,0.0,No,,New,Yes
OFF000768,1571-SAVHK,2024-03-14,Premium Support,0.0,Yes,2024-03-19,Regular,Yes
OFF000769,9546-CQJSU,2024-02-23,Extra 100GB Data,100.0,No,,New,Yes
OFF000770,9546-CQJSU,2024-10-26,Loyalty Reward,0.0,Yes,2024-10-28,New,Yes
OFF000771,9546-CQJSU,2025-03-08,Premium Support,0.0,No,,New,Yes
OFF000772,0506-LVNGN,2023-01-09,Cashback ₹500,500.0,No,,New,Yes
OFF000773,0506-LVNGN,2024-07-20,Premium Support,0.0,No,,New,Yes
OFF000774,2951-QOQTK,2024-01-17,Free 3 Months Streaming,0.0,No,,New,Yes
OFF000775,2951-QOQTK,2024-10-28,10% Discount,24.24,No,,New,Yes
OFF000776,2951-QOQTK,2024-05-16,Cashback ₹500,500.0,No,,New,Yes
OFF000777,3473-XIIIT,2023-02-13,Cashback ₹500,500.0,No,,Regular,Yes
OFF000778,3473-XIIIT,2025-05-24,Free 3 Months Streaming,0.0,No,,Regular,Yes
OFF000779,3473-XIIIT,2025-11-10,30% Discount,10.0,No,,Regular,Yes
OFF000780,7893-IXHRQ,2023-03-27,10% Discount,2.06,Yes,2023-03-28,New,Yes
OFF000781,7893-IXHRQ,2024-02-18,Loyalty Reward,0.0,No,,New,Yes
OFF000782,7893-IXHRQ,2023-01-14,Cashback ₹500,500.0,Yes,2023-01-18,New,Yes
OFF000783,2952-QAYZF,2024-08-22,Cashback ₹500,500.0,No,,New,Yes
OFF000784,2952-QAYZF,2023-08-26,Loyalty Reward,0.0,Yes,2023-08-28,New,Yes
OFF000785,4763-PGDPO,2024-07-24,10% Discount,14.08,No,,New,Yes
OFF000786,4763-PGDPO,2023-04-06,Free Upgrade,0.0,No,,New,Yes
OFF000787,4763-PGDPO,2024-12-06,10% Discount,14.08,No,,New,Yes
OFF000788,5394-SVGJV,2024-04-04,Free Installation,0.0,Yes,2024-04-10,Loyal,Yes
OFF000789,5394-SVGJV,2025-05-17,Free Upgrade,0.0,Yes,2025-05-21,Loyal,Yes
OFF000790,5394-SVGJV,2025-08-02,20% Discount,29.64,No,,Loyal,Yes
OFF000791,9283-LZQOH,2023-12-24,Free Installation,0.0,No,,Regular,Yes
OFF000792,9283-LZQOH,2024-07-12,10% Discount,14.88,Yes,2024-07-16,Regular,Yes
OFF000793,7079-QRCBC,2025-04-24,Free Installation,0.0,Yes,2025-04-26,Regular,Yes
OFF000794,5469-CTCWN,2023-12-12,Loyalty Reward,0.0,Yes,2023-12-16,Loyal,Yes
OFF000795,5469-CTCWN,2023-08-21,Premium Support,0.0,No,,Loyal,Yes
OFF000796,9851-QXEEQ,2024-09-06,Free Upgrade,0.0,No,,Loyal,Yes
OFF000797,9809-IMGCQ,2025-09-26,Free 3 Months Streaming,0.0,Yes,2025-09-28,Regular,Yes
OFF000798,9809-IMGCQ,2024-03-19,Extra 100GB Data,100.0,No,,Regular,Yes
OFF000799,5208-HFSBT,2023-09-07,Loyalty Reward,0.0,Yes,2023-09-08,New,Yes
OFF000800,5208-HFSBT,2025-09-15,Extra 100GB Data,100.0,No,,New,Yes
OFF000801,5208-HFSBT,2023-11-17,30% Discount,5.5,Yes,2023-11-18,New,Yes
OFF000802,3254-YRILK,2024-07-02,Cashback ₹500,500.0,Yes,2024-07-06,Regular,Yes
OFF000803,2667-WYLWJ,2024-06-18,Free Upgrade,0.0,No,,New,Yes
OFF000804,0529-ONKER,2023-12-05,10% Discount,22.7,No,,Regular,Yes
OFF000805,0529-ONKER,2023-09-07,Cashback ₹500,500.0,No,,Regular,Yes
OFF000806,0529-ONKER,2024-05-15,Cashback ₹500,500.0,No,,Regular,Yes
OFF000807,5240-IJOQT,2025-12-09,Cashback ₹500,500.0,No,,New,Yes
OFF000808,5240-IJOQT,2025-12-05,20% Discount,14.94,No,,New,Yes
OFF000809,5240-IJOQT,2023-09-26,10% Discount,14.94,No,,New,Yes
OFF000810,1092-GANHU,2024-12-25,Free Upgrade,0.0,Yes,2024-12-26,Regular,Yes
OFF000811,1092-GANHU,2024-12-10,30% Discount,15.33,No,,Regular,Yes
OFF000812,0661-XEYAN,2024-02-07,20% Discount,2.58,No,,New,Yes
OFF000813,7881-EVUAD,2024-03-13,20% Discount,4.26,No,,New,Yes
OFF000814,7881-EVUAD,2024-01-25,Premium Support,0.0,No,,New,Yes
OFF000815,7881-EVUAD,2025-11-06,Cashback ₹500,500.0,No,,New,Yes
OFF000816,5766-XQXMQ,2025-06-05,10% Discount,13.77,No,,Regular,Yes
OFF000817,5766-XQXMQ,2024-08-28,20% Discount,20.65,No,,Regular,Yes
OFF000818,3703-VAVCL,2024-06-17,Extra 100GB Data,100.0,Yes,2024-06-23,New,Yes
OFF000819,3703-VAVCL,2023-07-03,Free Installation,0.0,No,,New,Yes
OFF000820,3703-VAVCL,2024-08-03,Loyalty Reward,0.0,No,,New,Yes
OFF000821,8519-QJGJD,2024-08-15,Free 3 Months Streaming,0.0,No,,Regular,Yes
OFF000822,6326-MTTXK,2023-12-18,Premium Support,0.0,No,,New,Yes
OFF000823,0330-IVZHA,2024-03-11,20% Discount,7.0,Yes,2024-03-18,New,Yes
OFF000824,0330-IVZHA,2024-03-09,Free Installation,0.0,Yes,2024-03-14,New,Yes
OFF000825,2886-KEFUM,2024-10-11,Free 3 Months Streaming,0.0,No,,Loyal,Yes
OFF000826,4237-RLAQD,2025-02-07,Premium Support,0.0,Yes,2025-02-08,New,Yes
OFF000827,4237-RLAQD,2025-10-04,Cashback ₹500,500.0,No,,New,Yes
OFF000828,9651-GTSAQ,2023-10-21,Free Upgrade,0.0,No,,Loyal,Yes
OFF000829,3186-BAXNB,2023-05-22,30% Discount,9.17,Yes,2023-05-23,New,Yes
OFF000830,3186-BAXNB,2025-08-08,20% Discount,9.17,No,,New,Yes
OFF000831,0637-YLETY,2023-01-27,Cashback ₹500,500.0,No,,Regular,Yes
OFF000832,0637-YLETY,2023-01-04,Loyalty Reward,0.0,No,,Regular,Yes
OFF000833,1157-BQCUW,2025-05-21,Premium Support,0.0,Yes,2025-05-22,New,Yes
OFF000834,1157-BQCUW,2023-07-27,Extra 100GB Data,100.0,No,,New,Yes
OFF000835,1157-BQCUW,2025-01-06,Free Installation,0.0,Yes,2025-01-12,New,Yes
OFF000836,2660-EMUBI,2025-10-22,30% Discount,9.54,Yes,2025-10-25,New,Yes
OFF000837,2660-EMUBI,2023-05-27,Cashback ₹500,500.0,No,,New,Yes
OFF000838,2660-EMUBI,2025-03-16,Extra 100GB Data,100.0,Yes,2025-03-22,New,Yes
OFF000839,7675-OZCZG,2024-09-28,20% Discount,9.0,Yes,2024-09-28,New,Yes
OFF000840,2003-CKLOR,2023-03-03,Premium Support,0.0,Yes,2023-03-09,Loyal,Yes
OFF000841,2003-CKLOR,2025-05-06,10% Discount,29.85,Yes,2025-05-09,Loyal,Yes
OFF000842,2003-CKLOR,2025-09-10,10% Discount,19.9,No,,Loyal,Yes
OFF000843,9254-RBFON,2025-05-16,Extra 100GB Data,100.0,No,,Regular,Yes
OFF000844,9254-RBFON,2023-05-11,Free Upgrade,0.0,Yes,2023-05-12,Regular,Yes
OFF000845,1205-WNWPJ,2025-04-13,Loyalty Reward,0.0,No,,New,Yes
OFF000846,9391-EOYLI,2023-03-15,Premium Support,0.0,Yes,2023-03-18,Regular,Yes
OFF000847,9391-EOYLI,2024-03-16,Premium Support,0.0,No,,Regular,Yes
OFF000848,8387-MOJJT,2025-01-25,Loyalty Reward,0.0,Yes,2025-01-28,Loyal,Yes
OFF000849,8387-MOJJT,2025-03-24,Loyalty Reward,0.0,No,,Loyal,Yes
OFF000850,2761-OCIAX,2023-03-17,30% Discount,7.47,No,,New,Yes
OFF000851,3068-OMWZA,2023-07-15,Loyalty Reward,0.0,No,,New,Yes
OFF000852,3068-OMWZA,2024-09-17,10% Discount,8.88,Yes,2024-09-23,New,Yes
OFF000853,6032-KRXXO,2025-11-02,Free 3 Months Streaming,0.0,No,,Regular,Yes
OFF000854,6032-KRXXO,2025-08-27,10% Discount,9.03,No,,Regular,Yes
OFF000855,6032-KRXXO,2024-10-02,Free Upgrade,0.0,Yes,2024-10-06,Regular,Yes
OFF000856,7459-RRWQZ,2023-03-20,20% Discount,19.39,No,,Regular,Yes
OFF000857,7459-RRWQZ,2024-10-02,Premium Support,0.0,No,,Regular,Yes
OFF000858,7459-RRWQZ,2023-05-24,30% Discount,19.39,No,,Regular,Yes
OFF000859,4154-AQUGT,2025-11-10,Loyalty Reward,0.0,No,,Regular,Yes
OFF000860,4154-AQUGT,2024-07-07,20% Discount,26.71,No,,Regular,Yes
OFF000861,4154-AQUGT,2025-06-23,Premium Support,0.0,Yes,2025-06-27,Regular,Yes
OFF000862,3092-IGHWF,2024-09-07,20% Discount,8.74,Yes,2024-09-12,Loyal,Yes
OFF000863,8017-LXHFA,2024-09-09,Premium Support,0.0,No,,Regular,Yes
OFF000864,6352-TWCAU,2024-12-17,Premium Support,0.0,Yes,2024-12-21,Regular,Yes
OFF000865,2929-QNSRW,2025-08-19,Cashback ₹500,500.0,Yes,2025-08-26,Loyal,Yes
OFF000866,1262-OPMFY,2024-05-26,Premium Support,0.0,Yes,2024-05-28,New,Yes
OFF000867,1262-OPMFY,2025-04-07,Extra 100GB Data,100.0,No,,New,Yes
OFF000868,1262-OPMFY,2025-07-05,Loyalty Reward,0.0,Yes,2025-07-12,New,Yes
OFF000869,4248-QPAVC,2023-01-03,20% Discount,17.07,Yes,2023-01-07,Regular,Yes
OFF000870,4248-QPAVC,2024-09-23,Cashback ₹500,500.0,No,,Regular,Yes
OFF000871,4248-QPAVC,2025-12-23,Free 3 Months Streaming,0.0,Yes,2025-12-27,Regular,Yes
OFF000872,1899-VXWXM,2024-05-03,Premium Support,0.0,No,,Loyal,Yes
OFF000873,1899-VXWXM,2024-12-17,Free 3 Months Streaming,0.0,Yes,2024-12-23,Loyal,Yes
OFF000874,1899-VXWXM,2024-08-16,20% Discount,31.83,Yes,2024-08-21,Loyal,Yes
OFF000875,4690-LLKUA,2024-12-08,Premium Support,0.0,No,,Regular,Yes
OFF000876,4690-LLKUA,2023-10-08,Cashback ₹500,500.0,No,,Regular,Yes
OFF000877,4690-LLKUA,2023-08-25,Free Installation,0.0,No,,Regular,Yes
OFF000878,3331-HQDTW,2024-08-09,Extra 100GB Data,100.0,Yes,2024-08-14,Regular,Yes
OFF000879,9490-DFPMD,2024-02-04,Cashback ₹500,500.0,No,,Loyal,Yes
OFF000880,5442-XSDCW,2025-03-01,30% Discount,7.95,No,,New,Yes
OFF000881,5442-XSDCW,2024-06-15,20% Discount,15.9,No,,New,Yes
OFF000882,3049-NDXFL,2024-02-04,Loyalty Reward,0.0,Yes,2024-02-06,New,Yes
OFF000883,3049-NDXFL,2024-12-14,Free Upgrade,0.0,Yes,2024-12-21,New,Yes
OFF000884,8580-AECUZ,2023-08-13,20% Discount,23.73,No,,New,Yes
OFF000885,8580-AECUZ,2024-05-23,Free 3 Months Streaming,0.0,No,,New,Yes
OFF000886,7963-GQRMY,2025-08-20,Free Installation,0.0,No,,New,Yes
OFF000887,1228-FZFRV,2025-06-01,Cashback ₹500,500.0,No,,Loyal,Yes
OFF000888,2058-DCJBE,2024-11-25,30% Discount,6.98,No,,New,Yes
OFF000889,2058-DCJBE,2024-10-11,10% Discount,6.98,No,,New,Yes
OFF000890,2058-DCJBE,2025-03-28,Free Upgrade,0.0,No,,New,Yes
OFF000891,5364-XYIRR,2025-04-19,20% Discount,18.93,No,,Loyal,Yes
OFF000892,5364-XYIRR,2024-01-14,10% Discount,9.47,No,,Loyal,Yes
OFF000893,4829-AUOAX,2025-06-06,10% Discount,28.81,No,,Loyal,Yes
OFF000894,5047-LHVLY,2024-02-02,Extra 100GB Data,100.0,Yes,2024-02-07,New,Yes
OFF000895,5047-LHVLY,2024-09-02,30% Discount,15.04,Yes,2024-09-04,New,Yes
OFF000896,5047-LHVLY,2025-11-27,Free 3 Months Streaming,0.0,Yes,2025-11-28,New,Yes
OFF000897,9158-VCTQB,2025-05-27,Free Installation,0.0,No,,Loyal,Yes
OFF000898,6311-UEUME,2025-01-11,30% Discount,7.89,Yes,2025-01-18,Regular,Yes
OFF000899,6311-UEUME,2024-06-19,Free Installation,0.0,Yes,2024-06-21,Regular,Yes
OFF000900,6839-ITVZJ,2024-11-14,Extra 100GB Data,100.0,No,,Regular,Yes
OFF000901,0375-HVGXO,2025-01-25,20% Discount,10.41,No,,New,Yes
OFF000902,0375-HVGXO,2023-04-28,Extra 100GB Data,100.0,No,,New,Yes
OFF000903,8593-WHYHV,2024-03-08,Free Upgrade,0.0,No,,New,Yes
OFF000904,8593-WHYHV,2025-05-05,Loyalty Reward,0.0,Yes,2025-05-07,New,Yes
OFF000905,6097-EQISJ,2024-12-15,Loyalty Reward,0.0,No,,Loyal,Yes
OFF000906,6097-EQISJ,2024-01-01,Premium Support,0.0,Yes,2024-01-05,Loyal,Yes
OFF000907,6097-EQISJ,2024-06-02,Loyalty Reward,0.0,Yes,2024-06-07,Loyal,Yes
OFF000908,4423-YLHDV,2023-03-27,Free Upgrade,0.0,No,,Regular,Yes
OFF000909,4423-YLHDV,2023-09-22,Extra 100GB Data,100.0,Yes,2023-09-28,Regular,Yes
OFF000910,0107-YHINA,2025-04-22,Cashback ₹500,500.0,Yes,2025-04-26,New,Yes
OFF000911,0107-YHINA,2024-09-18,Free Upgrade,0.0,No,,New,Yes
OFF000912,0107-YHINA,2024-04-02,Premium Support,0.0,Yes,2024-04-06,New,Yes
OFF000913,8640-SDGKB,2024-06-10,20% Discount,14.88,No,,New,Yes
OFF000914,4116-TZAQJ,2025-10-18,20% Discount,22.27,Yes,2025-10-24,New,Yes
OFF000915,3877-JRJIP,2025-03-16,Loyalty Reward,0.0,No,,New,Yes
OFF000916,8375-DKEBR,2024-12-16,Cashback ₹500,500.0,Yes,2024-12-23,New,Yes
OFF000917,8375-DKEBR,2025-07-17,Free 3 Months Streaming,0.0,Yes,2025-07-22,New,Yes
OFF000918,7511-YMXVQ,2024-01-10,Cashback ₹500,500.0,No,,New,Yes
OFF000919,7511-YMXVQ,2025-05-02,Free Upgrade,0.0,No,,New,Yes
OFF000920,7551-JOHTI,2023-10-20,Free 3 Months Streaming,0.0,No,,New,Yes
OFF000921,9804-ICWBG,2024-12-03,30% Discount,13.98,No,,New,Yes
OFF000922,5318-IXUZF,2025-01-11,Free Upgrade,0.0,Yes,2025-01-16,New,Yes
OFF000923,3198-VELRD,2025-11-18,Free Upgrade,0.0,Yes,2025-11-24,New,Yes
OFF000924,3198-VELRD,2024-03-12,10% Discount,8.47,No,,New,Yes
OFF000925,3198-VELRD,2023-09-20,Cashback ₹500,500.0,Yes,2023-09-24,New,Yes
OFF000926,9436-ZBZCT,2023-03-16,30% Discount,26.98,Yes,2023-03-22,Regular,Yes
OFF000927,9436-ZBZCT,2025-04-11,Free Upgrade,0.0,No,,Regular,Yes
OFF000928,7279-BUYWN,2024-12-08,Free Installation,0.0,Yes,2024-12-12,Loyal,Yes
OFF000929,7156-MHUGY,2023-04-22,Cashback ₹500,500.0,No,,Regular,Yes
OFF000930,7156-MHUGY,2025-08-12,30% Discount,9.05,No,,Regular,Yes
OFF000931,7198-GLXTC,2024-11-21,Extra 100GB Data,100.0,No,,New,Yes
OFF000932,7198-GLXTC,2023-10-23,Cashback ₹500,500.0,Yes,2023-10-28,New,Yes
OFF000933,7198-GLXTC,2025-08-21,10% Discount,23.7,No,,New,Yes
OFF000934,0516-VRYBW,2024-01-09,10% Discount,6.04,Yes,2024-01-13,Regular,Yes
OFF000935,0516-VRYBW,2024-04-26,Free Upgrade,0.0,Yes,2024-04-27,Regular,Yes
OFF000936,8380-PEFPE,2025-01-19,Free Upgrade,0.0,No,,New,Yes
OFF000937,5687-DKDTV,2025-05-15,20% Discount,2.04,No,,New,Yes
OFF000938,5687-DKDTV,2025-04-05,Cashback ₹500,500.0,No,,New,Yes
OFF000939,7530-HDYDS,2025-09-03,Free Installation,0.0,No,,Loyal,Yes
OFF000940,7530-HDYDS,2023-06-06,10% Discount,8.43,No,,Loyal,Yes
OFF000941,3096-IZETN,2024-06-09,Free Upgrade,0.0,Yes,2024-06-16,Regular,Yes
OFF000942,3096-IZETN,2023-08-09,Extra 100GB Data,100.0,No,,Regular,Yes
OFF000943,5922-ABDVO,2025-03-13,Cashback ₹500,500.0,No,,Regular,Yes
OFF000944,9172-ANCRX,2025-07-23,Extra 100GB Data,100.0,No,,New,Yes
OFF000945,9172-ANCRX,2023-04-27,Free Upgrade,0.0,Yes,2023-04-28,New,Yes
OFF000946,6910-HADCM,2024-04-03,Loyalty Reward,0.0,No,,New,Yes
OFF000947,6910-HADCM,2024-09-27,Free 3 Months Streaming,0.0,Yes,2024-09-28,New,Yes
OFF000948,4816-LXZYW,2024-03-22,Free 3 Months Streaming,0.0,No,,Regular,Yes
OFF000949,9606-PBKBQ,2024-09-24,Free Installation,0.0,No,,Regular,Yes
OFF000950,9606-PBKBQ,2023-09-09,30% Discount,25.5,Yes,2023-09-15,Regular,Yes
OFF000951,9606-PBKBQ,2024-01-28,Cashback ₹500,500.0,Yes,2024-01-28,Regular,Yes
OFF000952,3536-IQCTX,2023-02-24,Cashback ₹500,500.0,No,,Regular,Yes
OFF000953,4911-BANWH,2023-12-03,Free Upgrade,0.0,No,,Regular,Yes
OFF000954,4911-BANWH,2025-05-14,Free Installation,0.0,Yes,2025-05-21,Regular,Yes
OFF000955,8496-EJAUI,2025-03-03,Free Upgrade,0.0,Yes,2025-03-10,Regular,Yes
OFF000956,8496-EJAUI,2023-02-23,Premium Support,0.0,Yes,2023-02-25,Regular,Yes
OFF000957,8496-EJAUI,2024-08-08,Free 3 Months Streaming,0.0,No,,Regular,Yes
OFF000958,3132-TVFDZ,2023-08-12,Free 3 Months Streaming,0.0,Yes,2023-08-16,Loyal,Yes
OFF000959,8080-DDEMJ,2023-07-15,Loyalty Reward,0.0,No,,New,Yes
OFF000960,8080-DDEMJ,2025-12-25,Free Installation,0.0,Yes,2025-12-28,New,Yes
OFF000961,6365-MTGZX,2024-10-27,30% Discount,9.6,No,,Regular,Yes
OFF000962,6365-MTGZX,2025-06-02,Loyalty Reward,0.0,Yes,2025-06-06,Regular,Yes
OFF000963,1349-WXNGG,2024-11-08,Free 3 Months Streaming,0.0,No,,New,Yes
OFF000964,1349-WXNGG,2024-02-26,Free Upgrade,0.0,No,,New,Yes
OFF000965,6990-YNRIO,2024-01-16,10% Discount,21.73,No,,Loyal,Yes
OFF000966,6990-YNRIO,2025-09-15,Extra 100GB Data,100.0,Yes,2025-09-19,Loyal,Yes
OFF000967,0621-TWIEM,2025-02-20,Cashback ₹500,500.0,Yes,2025-02-25,New,Yes
OFF000968,0621-TWIEM,2023-07-13,Free Upgrade,0.0,Yes,2023-07-20,New,Yes
OFF000969,2485-ITVKB,2025-02-06,Premium Support,0.0,Yes,2025-02-08,New,Yes
OFF000970,3669-OYSJI,2023-06-02,Extra 100GB Data,100.0,No,,New,Yes
OFF000971,1612-EOHDH,2025-02-17,20% Discount,4.51,Yes,2025-02-23,New,Yes
OFF000972,6702-OHFWR,2023-11-14,Loyalty Reward,0.0,No,,New,Yes
OFF000973,4510-PYUSH,2024-10-17,20% Discount,5.71,Yes,2024-10-20,Loyal,Yes
OFF000974,4510-PYUSH,2024-01-16,10% Discount,5.71,No,,Loyal,Yes
OFF000975,7517-SAWMO,2024-08-03,Free 3 Months Streaming,0.0,No,,Regular,Yes
OFF000976,7517-SAWMO,2025-09-04,Free 3 Months Streaming,0.0,No,,Regular,Yes
OFF000977,7517-SAWMO,2023-04-23,Free Installation,0.0,Yes,2023-04-26,Regular,Yes
OFF000978,4143-HHPMK,2023-10-07,30% Discount,8.54,No,,Loyal,Yes
OFF000979,4143-HHPMK,2025-11-21,Loyalty Reward,0.0,No,,Loyal,Yes
OFF000980,7054-LGEQW,2023-07-05,Free Installation,0.0,No,,New,Yes
OFF000981,0923-PNFUB,2024-04-14,20% Discount,8.38,No,,New,Yes
OFF000982,0923-PNFUB,2024-08-07,Extra 100GB Data,100.0,Yes,2024-08-09,New,Yes
OFF000983,0923-PNFUB,2025-05-12,10% Discount,25.12,Yes,2025-05-13,New,Yes
OFF000984,3494-JCHRQ,2025-06-11,Free Upgrade,0.0,Yes,2025-06-15,New,Yes
OFF000985,3494-JCHRQ,2024-10-06,30% Discount,7.0,Yes,2024-10-13,New,Yes
OFF000986,6474-FVJLC,2024-04-16,Free 3 Months Streaming,0.0,Yes,2024-04-20,New,Yes
OFF000987,6474-FVJLC,2025-08-04,20% Discount,25.8,Yes,2025-08-05,New,Yes
OFF000988,8840-DQLGN,2024-10-17,Free 3 Months Streaming,0.0,No,,Regular,Yes
OFF000989,8840-DQLGN,2024-07-12,10% Discount,20.1,No,,Regular,Yes
OFF000990,8840-DQLGN,2025-04-24,Free Installation,0.0,No,,Regular,Yes
OFF000991,4547-LYTDD,2023-01-22,30% Discount,21.8,No,,Regular,Yes
OFF000992,6770-XUAGN,2025-11-09,Premium Support,0.0,Yes,2025-11-15,New,Yes
OFF000993,4193-ORFCL,2023-09-04,Cashback ₹500,500.0,Yes,2023-09-09,New,Yes
OFF000994,7776-QWNFX,2025-11-02,Loyalty Reward,0.0,No,,Regular,Yes
OFF000995,6689-TCZHQ,2025-10-07,Free Upgrade,0.0,No,,New,Yes
OFF000996,3143-ILDAL,2023-03-06,30% Discount,9.45,No,,Loyal,Yes
OFF000997,3143-ILDAL,2025-05-27,Free Upgrade,0.0,Yes,2025-05-28,Loyal,Yes
OFF000998,3143-ILDAL,2024-09-13,10% Discount,9.45,Yes,2024-09-16,Loyal,Yes
OFF000999,4720-VSTSI,2025-06-16,Free Upgrade,0.0,No,,Loyal,Yes
OFF001000,4720-VSTSI,2025-05-10,Cashback ₹500,500.0,Yes,2025-05-12,Loyal,Yes
OFF001001,3946-MHCZW,2024-06-22,Free Installation,0.0,No,,New,Yes
OFF001002,6651-AZVTJ,2023-07-11,Extra 100GB Data,100.0,Yes,2023-07-14,Loyal,Yes
OFF001003,6651-AZVTJ,2024-11-08,Free Installation,0.0,No,,Loyal,Yes
OFF001004,4566-GOLUK,2025-02-02,Free Installation,0.0,No,,Loyal,Yes
OFF001005,2484-DGXPZ,2023-02-27,30% Discount,5.87,No,,Regular,Yes
OFF001006,2484-DGXPZ,2025-09-14,Cashback ₹500,500.0,No,,Regular,Yes
OFF001007,2484-DGXPZ,2023-05-21,Loyalty Reward,0.0,No,,Regular,Yes
OFF001008,4587-NUKOX,2023-04-12,Cashback ₹500,500.0,No,,New,Yes
OFF001009,4587-NUKOX,2025-10-21,Free Installation,0.0,No,,New,Yes
OFF001010,0420-BWTPW,2025-10-04,Premium Support,0.0,No,,New,Yes
OFF001011,0420-BWTPW,2023-12-19,Free 3 Months Streaming,0.0,Yes,2023-12-25,New,Yes
OFF001012,8183-ONMXC,2025-07-06,Premium Support,0.0,No,,New,Yes
OFF001013,9614-RMGHA,2025-04-09,Cashback ₹500,500.0,Yes,2025-04-15,Loyal,Yes
OFF001014,9614-RMGHA,2025-01-06,Premium Support,0.0,No,,Loyal,Yes
OFF001015,5054-IEXZT,2025-08-08,10% Discount,15.07,No,,New,Yes
OFF001016,5834-ASPWA,2023-03-11,Free 3 Months Streaming,0.0,No,,New,Yes
OFF001017,3948-XHGNA,2024-03-27,30% Discount,4.96,No,,Regular,Yes
OFF001018,3948-XHGNA,2025-06-03,Free Installation,0.0,No,,Regular,Yes
OFF001019,0565-IYCGT,2024-10-20,Free Upgrade,0.0,Yes,2024-10-24,Loyal,Yes
OFF001020,0565-IYCGT,2024-02-16,Free Installation,0.0,No,,Loyal,Yes
OFF001021,0565-IYCGT,2024-11-15,Extra 100GB Data,100.0,No,,Loyal,Yes
OFF001022,5445-UTODQ,2024-08-24,20% Discount,8.11,No,,New,Yes
OFF001023,5445-UTODQ,2024-04-13,30% Discount,16.22,Yes,2024-04-17,New,Yes
OFF001024,1024-VRZHF,2025-07-13,Free 3 Months Streaming,0.0,No,,New,Yes
OFF001025,9497-QCMMS,2023-02-04,Free Upgrade,0.0,No,,New,Yes
OFF001026,9497-QCMMS,2025-03-05,10% Discount,28.06,Yes,2025-03-06,New,Yes
OFF001027,9497-QCMMS,2025-06-11,20% Discount,9.36,Yes,2025-06-13,New,Yes
OFF001028,0348-SDKOL,2024-09-10,20% Discount,20.42,Yes,2024-09-11,Loyal,Yes
OFF001029,0348-SDKOL,2023-02-22,Extra 100GB Data,100.0,Yes,2023-02-26,Loyal,Yes
OFF001030,0348-SDKOL,2024-07-13,30% Discount,30.63,Yes,2024-07-20,Loyal,Yes
OFF001031,4373-MAVJG,2023-05-24,Free Upgrade,0.0,Yes,2023-05-28,Regular,Yes
OFF001032,8901-HJXTF,2023-01-15,30% Discount,5.84,No,,Regular,Yes
OFF001033,8901-HJXTF,2024-10-28,Loyalty Reward,0.0,No,,Regular,Yes
OFF001034,5419-KLXBN,2025-01-26,30% Discount,26.75,Yes,2025-01-28,Regular,Yes
OFF001035,5419-KLXBN,2025-04-25,Extra 100GB Data,100.0,Yes,2025-04-28,Regular,Yes
OFF001036,5419-KLXBN,2025-06-21,Loyalty Reward,0.0,No,,Regular,Yes
OFF001037,3424-NMNBO,2024-06-18,Premium Support,0.0,No,,Loyal,Yes
OFF001038,3424-NMNBO,2025-11-12,Free 3 Months Streaming,0.0,Yes,2025-11-14,Loyal,Yes
OFF001039,3424-NMNBO,2024-09-07,10% Discount,32.65,Yes,2024-09-13,Loyal,Yes
OFF001040,4514-GFCFI,2025-06-13,30% Discount,16.95,Yes,2025-06-17,Regular,Yes
OFF001041,4514-GFCFI,2025-05-03,30% Discount,25.43,No,,Regular,Yes
OFF001042,4514-GFCFI,2025-07-08,Cashback ₹500,500.0,No,,Regular,Yes
OFF001043,9828-AOQLM,2024-01-17,Extra 100GB Data,100.0,No,,New,Yes
OFF001044,8000-REIQB,2024-11-06,Free Installation,0.0,No,,New,Yes
OFF001045,8000-REIQB,2025-08-25,Cashback ₹500,500.0,Yes,2025-08-27,New,Yes
OFF001046,8000-REIQB,2023-05-25,20% Discount,7.0,No,,New,Yes
OFF001047,7615-ESMYF,2023-03-26,Free Upgrade,0.0,No,,New,Yes
OFF001048,3858-VOBET,2024-08-22,Free Upgrade,0.0,No,,Regular,Yes
OFF001049,3858-VOBET,2025-11-28,Free 3 Months Streaming,0.0,Yes,2025-11-28,Regular,Yes
OFF001050,1447-PJGGA,2025-03-07,10% Discount,9.53,Yes,2025-03-12,Loyal,Yes
OFF001051,8565-CLBZW,2024-05-25,Extra 100GB Data,100.0,Yes,2024-05-28,Regular,Yes
OFF001052,8565-CLBZW,2024-03-18,Cashback ₹500,500.0,No,,Regular,Yes
OFF001053,9139-WQQDY,2024-03-05,30% Discount,10.05,No,,Loyal,Yes
OFF001054,0224-HJAPT,2023-12-22,20% Discount,4.71,No,,New,Yes
OFF001055,0224-HJAPT,2024-11-11,Extra 100GB Data,100.0,No,,New,Yes
OFF001056,8086-OVPWV,2025-02-25,Cashback ₹500,500.0,Yes,2025-02-26,New,Yes
OFF001057,9430-FRQOC,2025-09-28,Free Upgrade,0.0,No,,New,Yes
OFF001058,9430-FRQOC,2025-06-02,Free Upgrade,0.0,No,,New,Yes
OFF001059,3074-GQWYX,2025-07-13,Cashback ₹500,500.0,Yes,2025-07-16,New,Yes
OFF001060,3074-GQWYX,2024-11-20,Loyalty Reward,0.0,No,,New,Yes
OFF001061,6845-RGTYS,2023-09-18,Free Installation,0.0,No,,Loyal,Yes
OFF001062,6845-RGTYS,2023-09-02,Free Upgrade,0.0,Yes,2023-09-07,Loyal,Yes
OFF001063,6845-RGTYS,2024-12-10,Cashback ₹500,500.0,No,,Loyal,Yes
OFF001064,8861-HGGKB,2023-07-24,Free 3 Months Streaming,0.0,No,,New,Yes
OFF001065,7065-YUNRY,2023-07-10,Free 3 Months Streaming,0.0,No,,New,Yes
OFF001066,7694-VLBWQ,2024-01-24,Cashback ₹500,500.0,No,,Loyal,Yes
OFF001067,7694-VLBWQ,2023-01-01,Extra 100GB Data,100.0,Yes,2023-01-03,Loyal,Yes
OFF001068,4795-KTRTH,2023-05-23,Cashback ₹500,500.0,Yes,2023-05-28,New,Yes
OFF001069,4795-KTRTH,2025-06-02,Extra 100GB Data,100.0,No,,New,Yes
OFF001070,4795-KTRTH,2025-04-05,Cashback ₹500,500.0,No,,New,Yes
OFF001071,6481-OGDOO,2024-01-22,Free Installation,0.0,Yes,2024-01-26,Loyal,Yes
OFF001072,6481-OGDOO,2023-03-07,Cashback ₹500,500.0,Yes,2023-03-12,Loyal,Yes
OFF001073,3753-TSEMP,2023-11-20,Free Installation,0.0,No,,Regular,Yes
OFF001074,3753-TSEMP,2024-08-23,30% Discount,8.82,Yes,2024-08-24,Regular,Yes
OFF001075,8305-VHZBZ,2025-10-11,Premium Support,0.0,Yes,2025-10-17,New,Yes
OFF001076,8305-VHZBZ,2025-04-11,10% Discount,2.02,No,,New,Yes
OFF001077,9172-JITSM,2023-07-18,20% Discount,18.16,Yes,2023-07-24,Regular,Yes
OFF001078,9172-JITSM,2025-02-23,Cashback ₹500,500.0,No,,Regular,Yes
OFF001079,6298-QDFNH,2023-04-21,Cashback ₹500,500.0,Yes,2023-04-24,Regular,Yes
OFF001080,6298-QDFNH,2024-05-20,20% Discount,15.87,No,,Regular,Yes
OFF001081,9961-JBNMK,2025-01-13,Free 3 Months Streaming,0.0,No,,Regular,Yes
OFF001082,9961-JBNMK,2023-07-08,Free 3 Months Streaming,0.0,No,,Regular,Yes
OFF001083,6173-ITPWD,2024-07-02,10% Discount,8.33,Yes,2024-07-09,Loyal,Yes
OFF001084,6173-ITPWD,2023-04-14,Cashback ₹500,500.0,No,,Loyal,Yes
OFF001085,9734-UYXQI,2023-12-05,30% Discount,4.94,No,,New,Yes
OFF001086,2189-UXTKY,2025-10-17,Extra 100GB Data,100.0,No,,Regular,Yes
OFF001087,2189-UXTKY,2023-12-23,Cashback ₹500,500.0,No,,Regular,Yes
OFF001088,2189-UXTKY,2025-05-21,20% Discount,7.92,No,,Regular,Yes
OFF001089,4958-GZWIY,2025-01-14,Free Installation,0.0,No,,New,Yes
OFF001090,4958-GZWIY,2024-02-20,Free 3 Months Streaming,0.0,No,,New,Yes
OFF001091,6356-ELRKD,2023-09-21,Cashback ₹500,500.0,Yes,2023-09-26,New,Yes
OFF001092,8624-GIOUT,2024-01-17,30% Discount,17.93,No,,Loyal,Yes
OFF001093,8624-GIOUT,2025-03-05,Cashback ₹500,500.0,Yes,2025-03-06,Loyal,Yes
OFF001094,8624-GIOUT,2025-05-26,Free Upgrade,0.0,Yes,2025-05-28,Loyal,Yes
OFF001095,6179-GJPSO,2024-01-12,10% Discount,21.63,No,,Loyal,Yes
OFF001096,6179-GJPSO,2025-06-27,10% Discount,21.63,Yes,2025-06-28,Loyal,Yes
OFF001097,6179-GJPSO,2023-03-03,Cashback ₹500,500.0,No,,Loyal,Yes
OFF001098,3177-LASXD,2023-06-07,Free Upgrade,0.0,No,,New,Yes
OFF001099,3177-LASXD,2023-09-16,Free Installation,0.0,Yes,2023-09-17,New,Yes
OFF001100,4897-QSUYC,2025-09-07,30% Discount,6.04,No,,New,Yes
OFF001101,1084-UQCHV,2023-12-24,30% Discount,20.93,No,,New,Yes
OFF001102,1084-UQCHV,2023-02-13,Cashback ₹500,500.0,No,,New,Yes
OFF001103,8290-YWKHZ,2024-06-17,30% Discount,9.32,Yes,2024-06-20,Regular,Yes
OFF001104,2955-BJZHG,2025-03-08,Cashback ₹500,500.0,Yes,2025-03-12,Regular,Yes
OFF001105,2955-BJZHG,2025-10-14,Cashback ₹500,500.0,No,,Regular,Yes
OFF001106,3806-DXQOM,2025-07-05,Premium Support,0.0,No,,New,Yes
OFF001107,3806-DXQOM,2024-12-25,Premium Support,0.0,Yes,2024-12-28,New,Yes
OFF001108,3806-DXQOM,2025-06-03,10% Discount,3.37,Yes,2025-06-06,New,Yes
OFF001109,9300-RENDD,2024-01-02,20% Discount,15.99,Yes,2024-01-06,New,Yes
OFF001110,9300-RENDD,2025-03-14,20% Discount,15.99,No,,New,Yes
OFF001111,0761-AETCS,2024-07-28,Extra 100GB Data,100.0,Yes,2024-07-28,New,Yes
OFF001112,0761-AETCS,2025-07-16,10% Discount,5.79,No,,New,Yes
OFF001113,0761-AETCS,2025-03-17,20% Discount,1.93,No,,New,Yes
OFF001114,2153-MREFK,2023-09-09,10% Discount,29.76,Yes,2023-09-11,Loyal,Yes
OFF001115,3106-ULWFW,2024-01-04,Extra 100GB Data,100.0,No,,New,Yes
OFF001116,0925-VYDLG,2024-03-13,10% Discount,7.53,Yes,2024-03-18,New,Yes
OFF001117,0925-VYDLG,2025-06-19,Free Installation,0.0,No,,New,Yes
OFF001118,4349-GFQHK,2024-04-10,Free Upgrade,0.0,Yes,2024-04-16,New,Yes
OFF001119,4349-GFQHK,2023-12-13,Extra 100GB Data,100.0,Yes,2023-12-20,New,Yes
OFF001120,4349-GFQHK,2024-12-11,Premium Support,0.0,No,,New,Yes
OFF001121,7802-EFKNY,2023-05-28,Free Upgrade,0.0,No,,New,Yes
OFF001122,7802-EFKNY,2024-10-26,20% Discount,7.48,No,,New,Yes
OFF001123,7802-EFKNY,2023-05-07,10% Discount,2.5,Yes,2023-05-09,New,Yes
OFF001124,8035-BUYVG,2023-09-02,30% Discount,4.24,No,,Loyal,Yes
OFF001125,9787-XVQIU,2025-03-19,20% Discount,7.53,Yes,2025-03-23,New,Yes
OFF001126,9787-XVQIU,2024-11-03,10% Discount,15.06,Yes,2024-11-05,New,Yes
OFF001127,8945-MUQUF,2023-03-01,20% Discount,18.96,No,,Loyal,Yes
OFF001128,8945-MUQUF,2024-09-11,20% Discount,18.96,Yes,2024-09-15,Loyal,Yes
OFF001129,8051-HJRLT,2024-03-07,Free 3 Months Streaming,0.0,Yes,2024-03-09,New,Yes
OFF001130,3023-GFLBR,2024-09-27,Cashback ₹500,500.0,No,,Regular,Yes
OFF001131,0524-IAVZO,2025-08-20,Free Upgrade,0.0,Yes,2025-08-24,Regular,Yes
OFF001132,0524-IAVZO,2025-11-09,Free 3 Months Streaming,0.0,No,,Regular,Yes
OFF001133,0524-IAVZO,2023-10-19,Free Installation,0.0,Yes,2023-10-23,Regular,Yes
OFF001134,2737-YNGYW,2025-02-16,10% Discount,8.05,No,,New,Yes
OFF001135,5159-YFPKQ,2024-03-16,10% Discount,7.58,No,,New,Yes
OFF001136,4021-RQSNY,2023-10-17,Free 3 Months Streaming,0.0,Yes,2023-10-19,Regular,Yes
OFF001137,4021-RQSNY,2023-06-19,Free Installation,0.0,No,,Regular,Yes
OFF001138,9061-TIHDA,2023-05-13,Premium Support,0.0,No,,Regular,Yes
OFF001139,8699-ASUFO,2024-11-22,Loyalty Reward,0.0,No,,New,Yes
OFF001140,8699-ASUFO,2023-11-13,Free 3 Months Streaming,0.0,No,,New,Yes
OFF001141,8699-ASUFO,2023-05-13,Loyalty Reward,0.0,Yes,2023-05-20,New,Yes
OFF001142,7927-AUXBZ,2024-02-06,Extra 100GB Data,100.0,No,,Regular,Yes
OFF001143,7927-AUXBZ,2023-04-03,30% Discount,17.03,Yes,2023-04-09,Regular,Yes
OFF001144,4695-WJZUE,2023-06-17,Extra 100GB Data,100.0,No,,New,Yes
OFF001145,4695-WJZUE,2025-09-22,Cashback ₹500,500.0,No,,New,Yes
OFF001146,4695-WJZUE,2023-11-08,Free 3 Months Streaming,0.0,No,,New,Yes
OFF001147,7619-ODSGN,2023-02-27,Premium Support,0.0,Yes,2023-02-28,Regular,Yes
OFF001148,7619-ODSGN,2024-10-02,20% Discount,16.43,No,,Regular,Yes
OFF001149,7619-ODSGN,2023-04-04,Loyalty Reward,0.0,No,,Regular,Yes
OFF001150,3988-RQIXO,2025-12-15,Cashback ₹500,500.0,No,,New,Yes
OFF001151,3988-RQIXO,2024-10-10,20% Discount,27.39,No,,New,Yes
OFF001152,2514-GINMM,2024-11-28,Cashback ₹500,500.0,No,,New,Yes
OFF001153,5931-FLJJF,2023-07-28,Premium Support,0.0,Yes,2023-07-28,New,Yes
OFF001154,5931-FLJJF,2025-10-21,20% Discount,14.02,No,,New,Yes
OFF001155,2659-VXMWZ,2023-07-17,Loyalty Reward,0.0,No,,Loyal,Yes
OFF001156,3207-OYBWH,2023-07-15,Cashback ₹500,500.0,No,,Loyal,Yes
OFF001157,4285-GYRQC,2025-12-12,10% Discount,25.88,No,,New,Yes
OFF001158,7216-EWTRS,2025-03-20,Premium Support,0.0,No,,New,Yes
OFF001159,8337-MSSXB,2024-01-10,30% Discount,25.89,Yes,2024-01-14,Regular,Yes
OFF001160,8337-MSSXB,2024-07-18,Premium Support,0.0,Yes,2024-07-23,Regular,Yes
OFF001161,8337-MSSXB,2023-10-09,Premium Support,0.0,No,,Regular,Yes
OFF001162,8182-BJDSI,2025-05-22,Cashback ₹500,500.0,No,,Regular,Yes
OFF001163,8182-BJDSI,2023-05-08,Extra 100GB Data,100.0,No,,Regular,Yes
OFF001164,8182-BJDSI,2025-12-08,Free Upgrade,0.0,Yes,2025-12-10,Regular,Yes
OFF001165,2528-HFYZX,2025-08-28,30% Discount,7.65,No,,Regular,Yes
OFF001166,2528-HFYZX,2023-09-27,Extra 100GB Data,100.0,Yes,2023-09-28,Regular,Yes
OFF001167,2482-CZGBB,2025-02-06,Extra 100GB Data,100.0,No,,New,Yes
OFF001168,2482-CZGBB,2025-02-20,Free Installation,0.0,No,,New,Yes
OFF001169,0866-QLSIR,2023-04-13,Free Upgrade,0.0,Yes,2023-04-19,Regular,Yes
OFF001170,7181-BQYBV,2023-02-24,10% Discount,20.49,No,,New,Yes
OFF001171,6204-IEUXJ,2023-12-24,Premium Support,0.0,No,,New,Yes
OFF001172,6204-IEUXJ,2025-02-04,Cashback ₹500,500.0,Yes,2025-02-09,New,Yes
OFF001173,6204-IEUXJ,2024-02-13,Free Installation,0.0,Yes,2024-02-19,New,Yes
OFF001174,4529-CKBCL,2023-02-10,Cashback ₹500,500.0,Yes,2023-02-14,New,Yes
OFF001175,4529-CKBCL,2023-11-12,Free Installation,0.0,Yes,2023-11-14,New,Yes
OFF001176,2506-CLAKW,2024-01-19,20% Discount,9.82,No,,New,Yes
OFF001177,1583-IHQZE,2024-07-27,Free Upgrade,0.0,No,,Regular,Yes
OFF001178,1583-IHQZE,2025-03-13,10% Discount,33.88,Yes,2025-03-15,Regular,Yes
OFF001179,1583-IHQZE,2023-12-23,30% Discount,11.3,No,,Regular,Yes
OFF001180,0151-ONTOV,2023-11-01,Free Installation,0.0,Yes,2023-11-02,New,Yes
OFF001181,4140-MUHUG,2025-03-28,Premium Support,0.0,No,,New,Yes
OFF001182,4140-MUHUG,2023-12-12,Cashback ₹500,500.0,No,,New,Yes
OFF001183,0320-JDNQG,2025-02-18,Extra 100GB Data,100.0,Yes,2025-02-19,Regular,Yes
OFF001184,0320-JDNQG,2023-02-17,10% Discount,9.98,No,,Regular,Yes
OFF001185,0320-JDNQG,2024-02-07,Loyalty Reward,0.0,No,,Regular,Yes
OFF001186,7180-PISOG,2025-08-07,Free 3 Months Streaming,0.0,Yes,2025-08-08,New,Yes
OFF001187,7180-PISOG,2025-11-01,Free 3 Months Streaming,0.0,No,,New,Yes
OFF001188,3571-RFHAR,2023-05-13,Cashback ₹500,500.0,No,,Loyal,Yes
OFF001189,9578-VRMNM,2025-06-20,10% Discount,13.04,Yes,2025-06-25,Regular,Yes
OFF001190,1587-FKLZB,2023-06-06,10% Discount,29.85,No,,Loyal,Yes
OFF001191,1587-FKLZB,2025-11-11,30% Discount,19.9,Yes,2025-11-15,Loyal,Yes
OFF001192,6140-QNRQQ,2025-08-12,20% Discount,14.31,Yes,2025-08-17,New,Yes
OFF001193,6140-QNRQQ,2023-11-09,Free Installation,0.0,Yes,2023-11-16,New,Yes
OFF001194,6140-QNRQQ,2025-06-17,Extra 100GB Data,100.0,No,,New,Yes
OFF001195,4307-KTUMW,2025-04-05,20% Discount,9.39,Yes,2025-04-11,Loyal,Yes
OFF001196,4307-KTUMW,2023-08-05,30% Discount,28.17,No,,Loyal,Yes
OFF001197,5440-FLBQG,2024-11-28,20% Discount,21.68,No,,Loyal,Yes
OFF001198,5440-FLBQG,2025-07-23,Loyalty Reward,0.0,No,,Loyal,Yes
OFF001199,7470-MCQTK,2025-07-26,Free 3 Months Streaming,0.0,No,,Regular,Yes
OFF001200,7470-MCQTK,2025-03-01,Free Installation,0.0,No,,Regular,Yes
OFF001201,7470-MCQTK,2024-04-04,Free Installation,0.0,Yes,2024-04-09,Regular,Yes
OFF001202,7488-MXJIV,2023-02-21,Free Upgrade,0.0,No,,New,Yes
OFF001203,7488-MXJIV,2024-01-13,Free Installation,0.0,No,,New,Yes
OFF001204,7488-MXJIV,2025-03-27,20% Discount,8.57,Yes,2025-03-28,New,Yes
OFF001205,2027-FECZV,2023-01-27,10% Discount,32.01,No,,Regular,Yes
OFF001206,2027-FECZV,2024-09-07,30% Discount,21.34,Yes,2024-09-10,Regular,Yes
OFF001207,2672-DZUOY,2025-07-02,Loyalty Reward,0.0,No,,New,Yes
OFF001208,2672-DZUOY,2023-06-23,20% Discount,5.03,No,,New,Yes
OFF001209,3870-MQAMG,2025-10-26,Cashback ₹500,500.0,No,,Loyal,Yes
OFF001210,3870-MQAMG,2025-06-08,Premium Support,0.0,Yes,2025-06-13,Loyal,Yes
OFF001211,3870-MQAMG,2024-11-16,Free Upgrade,0.0,Yes,2024-11-21,Loyal,Yes
OFF001212,4800-CZMPC,2025-11-05,Free 3 Months Streaming,0.0,No,,Loyal,Yes
OFF001213,4800-CZMPC,2025-01-01,30% Discount,10.33,No,,Loyal,Yes
OFF001214,4800-CZMPC,2023-03-27,Free Upgrade,0.0,No,,Loyal,Yes
OFF001215,7377-DMMRI,2025-09-27,30% Discount,4.78,No,,New,Yes
OFF001216,8949-JTMAY,2024-12-05,Cashback ₹500,500.0,Yes,2024-12-09,Regular,Yes
OFF001217,8949-JTMAY,2024-03-12,Extra 100GB Data,100.0,No,,Regular,Yes
OFF001218,8949-JTMAY,2025-02-23,10% Discount,29.58,Yes,2025-02-25,Regular,Yes
OFF001219,2774-LVQUS,2025-09-23,Cashback ₹500,500.0,Yes,2025-09-28,Regular,Yes
OFF001220,2774-LVQUS,2023-12-22,10% Discount,8.3,Yes,2023-12-26,Regular,Yes
OFF001221,2774-LVQUS,2023-02-22,20% Discount,16.61,No,,Regular,Yes
OFF001222,3211-ILJTT,2023-07-13,Premium Support,0.0,No,,Regular,Yes
OFF001223,4612-THJBS,2023-06-10,Loyalty Reward,0.0,Yes,2023-06-11,Loyal,Yes
OFF001224,4094-NSEDU,2025-05-10,10% Discount,18.85,No,,Regular,Yes
OFF001225,5103-MHMHY,2025-07-01,Free Installation,0.0,No,,New,Yes
OFF001226,5103-MHMHY,2025-05-22,Cashback ₹500,500.0,No,,New,Yes
OFF001227,1846-XWOQN,2025-12-22,Free Installation,0.0,No,,New,Yes
OFF001228,0235-KGSLC,2025-01-08,Free Upgrade,0.0,Yes,2025-01-11,New,Yes
OFF001229,2884-GBPFB,2025-04-02,Cashback ₹500,500.0,Yes,2025-04-04,Regular,Yes
OFF001230,2884-GBPFB,2025-07-02,Free Installation,0.0,No,,Regular,Yes
OFF001231,2884-GBPFB,2023-11-20,Premium Support,0.0,No,,Regular,Yes
OFF001232,3757-NJYBX,2023-01-04,Loyalty Reward,0.0,No,,Regular,Yes
OFF001233,5136-KCKGI,2024-09-26,Premium Support,0.0,No,,Regular,Yes
OFF001234,3722-WPXTK,2023-07-15,Extra 100GB Data,100.0,Yes,2023-07-17,New,Yes
OFF001235,2929-ERCFZ,2024-11-16,10% Discount,9.42,No,,New,Yes
OFF001236,2929-ERCFZ,2024-09-07,Loyalty Reward,0.0,Yes,2024-09-13,New,Yes
OFF001237,2929-ERCFZ,2025-09-01,30% Discount,9.42,Yes,2025-09-06,New,Yes
OFF001238,7548-SEPYI,2023-04-07,10% Discount,28.88,Yes,2023-04-14,New,Yes
OFF001239,7548-SEPYI,2023-10-18,Free Upgrade,0.0,Yes,2023-10-19,New,Yes
OFF001240,8835-VSDSE,2024-01-27,Premium Support,0.0,Yes,2024-01-28,New,Yes
OFF001241,8835-VSDSE,2025-10-04,Loyalty Reward,0.0,Yes,2025-10-08,New,Yes
OFF001242,8835-VSDSE,2023-03-15,Premium Support,0.0,Yes,2023-03-20,New,Yes
OFF001243,1623-NLDOT,2025-06-07,Extra 100GB Data,100.0,Yes,2025-06-09,Loyal,Yes
OFF001244,1623-NLDOT,2023-03-18,Free Upgrade,0.0,No,,Loyal,Yes
OFF001245,9898-KZQDZ,2025-10-26,Free Upgrade,0.0,No,,Loyal,Yes
OFF001246,9898-KZQDZ,2024-05-24,Free 3 Months Streaming,0.0,No,,Loyal,Yes
OFF001247,5236-PERKL,2025-09-22,Premium Support,0.0,No,,Loyal,Yes
OFF001248,7854-FOKSF,2023-02-14,Extra 100GB Data,100.0,Yes,2023-02-20,New,Yes
OFF001249,7854-FOKSF,2023-08-04,30% Discount,3.59,Yes,2023-08-08,New,Yes
OFF001250,2519-FAKOD,2025-10-01,Free 3 Months Streaming,0.0,No,,Loyal,Yes
OFF001251,2519-FAKOD,2025-05-20,Free Installation,0.0,No,,Loyal,Yes
OFF001252,8263-JQAIK,2023-08-08,Extra 100GB Data,100.0,Yes,2023-08-10,New,Yes
OFF001253,7089-IVVAZ,2025-09-22,20% Discount,10.34,No,,New,Yes
OFF001254,7089-IVVAZ,2025-06-18,Free 3 Months Streaming,0.0,Yes,2025-06-20,New,Yes
OFF001255,2205-YMZZJ,2025-04-20,Premium Support,0.0,Yes,2025-04-21,New,Yes
OFF001256,1254-IZEYF,2023-05-02,Premium Support,0.0,No,,Regular,Yes
OFF001257,1254-IZEYF,2024-10-23,Premium Support,0.0,No,,Regular,Yes
OFF001258,9492-TOKRI,2024-02-03,Cashback ₹500,500.0,No,,Regular,Yes
OFF001259,9492-TOKRI,2023-05-01,30% Discount,27.0,No,,Regular,Yes
OFF001260,9221-OTIVJ,2023-10-08,Free 3 Months Streaming,0.0,No,,Regular,Yes
OFF001261,9221-OTIVJ,2024-01-28,Free Installation,0.0,No,,Regular,Yes
OFF001262,3325-FUYCG,2023-03-13,Cashback ₹500,500.0,No,,Regular,Yes
OFF001263,3325-FUYCG,2023-07-24,Extra 100GB Data,100.0,No,,Regular,Yes
OFF001264,3325-FUYCG,2024-01-01,Premium Support,0.0,Yes,2024-01-06,Regular,Yes
OFF001265,5908-QMGOE,2025-01-17,20% Discount,7.42,Yes,2025-01-19,Regular,Yes
OFF001266,5908-QMGOE,2024-10-08,Premium Support,0.0,Yes,2024-10-14,Regular,Yes
OFF001267,5908-QMGOE,2023-07-17,20% Discount,14.84,Yes,2023-07-21,Regular,Yes
OFF001268,8481-YYXWG,2024-01-06,Free 3 Months Streaming,0.0,No,,New,Yes
OFF001269,2609-IAICY,2025-06-16,Free 3 Months Streaming,0.0,Yes,2025-06-23,New,Yes
OFF001270,2609-IAICY,2023-12-03,Extra 100GB Data,100.0,No,,New,Yes
OFF001271,2609-IAICY,2023-07-07,Free Upgrade,0.0,No,,New,Yes
OFF001272,1740-CSDJP,2024-04-05,Cashback ₹500,500.0,No,,New,Yes
OFF001273,1740-CSDJP,2023-12-08,Free Upgrade,0.0,Yes,2023-12-10,New,Yes
OFF001274,2636-OHFMN,2023-06-10,Free Upgrade,0.0,No,,New,Yes
OFF001275,2636-OHFMN,2023-11-06,30% Discount,9.71,Yes,2023-11-09,New,Yes
OFF001276,1323-OOEPC,2025-09-27,Free Upgrade,0.0,Yes,2025-09-28,Loyal,Yes
OFF001277,1323-OOEPC,2023-03-22,20% Discount,29.52,No,,Loyal,Yes
OFF001278,0397-GZBBC,2023-01-05,Free Installation,0.0,Yes,2023-01-09,Loyal,Yes
OFF001279,7641-EUYET,2023-08-01,Extra 100GB Data,100.0,Yes,2023-08-02,Loyal,Yes
OFF001280,9921-ZVRHG,2024-02-17,Free 3 Months Streaming,0.0,Yes,2024-02-20,Regular,Yes
OFF001281,9921-ZVRHG,2023-08-02,Loyalty Reward,0.0,Yes,2023-08-08,Regular,Yes
OFF001282,4701-MLJPN,2024-04-23,Free 3 Months Streaming,0.0,Yes,2024-04-28,Regular,Yes
OFF001283,4701-MLJPN,2025-06-15,Cashback ₹500,500.0,No,,Regular,Yes
OFF001284,9206-GVPEQ,2024-11-18,Loyalty Reward,0.0,Yes,2024-11-19,Regular,Yes
OFF001285,1596-BBVTG,2023-01-21,30% Discount,7.54,Yes,2023-01-28,Regular,Yes
OFF001286,8433-WXGNA,2024-10-28,Free Installation,0.0,No,,New,Yes
OFF001287,8433-WXGNA,2025-01-02,Free Upgrade,0.0,No,,New,Yes
OFF001288,3707-GNWHM,2024-10-24,Cashback ₹500,500.0,Yes,2024-10-28,New,Yes
OFF001289,8922-LIEGH,2025-11-12,Loyalty Reward,0.0,No,,Regular,Yes
OFF001290,8245-UMPYT,2024-08-18,Extra 100GB Data,100.0,Yes,2024-08-24,Regular,Yes
OFF001291,8245-UMPYT,2024-10-14,Cashback ₹500,500.0,Yes,2024-10-20,Regular,Yes
OFF001292,5186-SAMNZ,2024-04-05,Extra 100GB Data,100.0,No,,New,Yes
OFF001293,5186-SAMNZ,2024-07-23,Loyalty Reward,0.0,No,,New,Yes
OFF001294,5186-SAMNZ,2024-04-27,Premium Support,0.0,Yes,2024-04-28,New,Yes
OFF001295,5373-SFODM,2024-12-18,Cashback ₹500,500.0,No,,Loyal,Yes
OFF001296,5766-ZJYBB,2025-12-13,Free Upgrade,0.0,No,,New,Yes
OFF001297,8931-GJJIQ,2023-01-14,Free Upgrade,0.0,No,,New,Yes
OFF001298,8931-GJJIQ,2024-05-03,20% Discount,16.66,No,,New,Yes
OFF001299,8931-GJJIQ,2023-12-23,20% Discount,8.33,No,,New,Yes
OFF001300,4277-PVRAN,2025-07-09,Free 3 Months Streaming,0.0,No,,New,Yes
OFF001301,4277-PVRAN,2023-12-22,Free Upgrade,0.0,No,,New,Yes
OFF001302,4277-PVRAN,2023-11-08,30% Discount,8.01,No,,New,Yes
OFF001303,0022-TCJCI,2025-01-11,20% Discount,18.81,Yes,2025-01-14,Loyal,Yes
OFF001304,0203-HHYIJ,2023-01-12,20% Discount,5.06,No,,Regular,Yes
OFF001305,0952-KMEEH,2024-08-16,Loyalty Reward,0.0,No,,Regular,Yes
OFF001306,0952-KMEEH,2024-07-27,10% Discount,9.82,No,,Regular,Yes
OFF001307,8178-EYZUO,2024-10-04,Free Upgrade,0.0,No,,Loyal,Yes
OFF001308,8178-EYZUO,2025-07-25,Premium Support,0.0,No,,Loyal,Yes
OFF001309,8178-EYZUO,2025-06-04,Extra 100GB Data,100.0,Yes,2025-06-08,Loyal,Yes
OFF001310,5130-IEKQT,2025-10-01,Free 3 Months Streaming,0.0,Yes,2025-10-04,Regular,Yes
OFF001311,3230-WYKIR,2025-04-13,Free 3 Months Streaming,0.0,No,,Regular,Yes
OFF001312,3230-WYKIR,2025-01-05,10% Discount,8.2,No,,Regular,Yes
OFF001313,3230-WYKIR,2025-02-25,Cashback ₹500,500.0,No,,Regular,Yes
OFF001314,0407-BDJKB,2024-03-16,Cashback ₹500,500.0,Yes,2024-03-21,Loyal,Yes
OFF001315,0407-BDJKB,2024-12-04,20% Discount,9.58,No,,Loyal,Yes
OFF001316,9600-UDOPK,2023-10-03,Free Upgrade,0.0,Yes,2023-10-05,Regular,Yes
OFF001317,9600-UDOPK,2025-11-15,Free Installation,0.0,No,,Regular,Yes
OFF001318,4074-SJFFA,2023-11-13,Extra 100GB Data,100.0,Yes,2023-11-14,New,Yes
OFF001319,4074-SJFFA,2024-01-02,Cashback ₹500,500.0,No,,New,Yes
OFF001320,3269-ATYWD,2025-09-04,Free 3 Months Streaming,0.0,No,,Loyal,Yes
OFF001321,4910-GMJOT,2023-10-21,30% Discount,9.46,Yes,2023-10-23,New,Yes
OFF001322,4910-GMJOT,2023-03-03,Extra 100GB Data,100.0,Yes,2023-03-09,New,Yes
OFF001323,0354-WYROK,2024-03-06,Cashback ₹500,500.0,No,,Regular,Yes
OFF001324,0354-WYROK,2023-09-18,Extra 100GB Data,100.0,No,,Regular,Yes
OFF001325,0354-WYROK,2023-05-12,Free Installation,0.0,No,,Regular,Yes
OFF001326,7576-OYWBN,2023-03-07,10% Discount,7.61,Yes,2023-03-09,New,Yes
OFF001327,7576-OYWBN,2025-03-12,30% Discount,7.61,No,,New,Yes
OFF001328,5539-TMZLF,2025-10-12,Cashback ₹500,500.0,Yes,2025-10-19,New,Yes
OFF001329,5539-TMZLF,2024-10-23,Free Upgrade,0.0,Yes,2024-10-25,New,Yes
OFF001330,5539-TMZLF,2023-01-14,30% Discount,6.98,Yes,2023-01-21,New,Yes
OFF001331,4323-SADQS,2025-01-23,Extra 100GB Data,100.0,Yes,2025-01-24,New,Yes
OFF001332,4323-SADQS,2024-07-23,30% Discount,6.9,Yes,2024-07-26,New,Yes
OFF001333,4323-SADQS,2024-09-26,30% Discount,3.45,No,,New,Yes
OFF001334,4446-BZKHU,2023-09-14,20% Discount,10.55,Yes,2023-09-20,Loyal,Yes
OFF001335,4446-BZKHU,2024-06-24,30% Discount,10.55,No,,Loyal,Yes
OFF001336,4446-BZKHU,2023-04-15,Free 3 Months Streaming,0.0,Yes,2023-04-17,Loyal,Yes
OFF001337,5202-IVJNU,2025-12-23,Free 3 Months Streaming,0.0,Yes,2025-12-26,Loyal,Yes
OFF001338,5976-JCJRH,2023-02-17,Free Installation,0.0,No,,New,Yes
OFF001339,5976-JCJRH,2024-01-06,Cashback ₹500,500.0,No,,New,Yes
OFF001340,0137-OCGAB,2024-05-17,Premium Support,0.0,No,,New,Yes
OFF001341,3351-NQLDI,2025-09-14,Cashback ₹500,500.0,No,,Loyal,Yes
OFF001342,7593-JNWRU,2025-03-22,20% Discount,13.38,No,,New,Yes
OFF001343,7593-JNWRU,2023-08-16,30% Discount,4.46,Yes,2023-08-19,New,Yes
OFF001344,4588-YBNIB,2025-04-22,Premium Support,0.0,No,,New,Yes
OFF001345,3336-JORSO,2024-12-08,Free 3 Months Streaming,0.0,No,,Regular,Yes
OFF001346,3336-JORSO,2024-04-19,Free 3 Months Streaming,0.0,No,,Regular,Yes
OFF001347,5028-GZLDO,2023-04-04,Free 3 Months Streaming,0.0,No,,New,Yes
OFF001348,5028-GZLDO,2025-05-17,Cashback ₹500,500.0,No,,New,Yes
OFF001349,5028-GZLDO,2025-02-09,Cashback ₹500,500.0,Yes,2025-02-14,New,Yes
OFF001350,6861-XWTWQ,2024-07-06,20% Discount,29.77,No,,New,Yes
OFF001351,6861-XWTWQ,2023-07-12,20% Discount,19.85,No,,New,Yes
OFF001352,6861-XWTWQ,2024-07-23,Free 3 Months Streaming,0.0,No,,New,Yes
OFF001353,6877-TJMBR,2025-01-15,10% Discount,16.96,No,,New,Yes
OFF001354,6877-TJMBR,2025-10-16,Free 3 Months Streaming,0.0,Yes,2025-10-23,New,Yes
OFF001355,6877-TJMBR,2024-02-16,Premium Support,0.0,No,,New,Yes
OFF001356,6769-DCQLI,2024-03-19,Extra 100GB Data,100.0,No,,Loyal,Yes
OFF001357,6769-DCQLI,2025-03-14,Free Installation,0.0,Yes,2025-03-20,Loyal,Yes
OFF001358,6769-DCQLI,2024-06-15,Extra 100GB Data,100.0,No,,Loyal,Yes
OFF001359,2433-KMEAS,2023-07-06,Free Installation,0.0,No,,Regular,Yes
OFF001360,2433-KMEAS,2023-10-08,Free Installation,0.0,No,,Regular,Yes
OFF001361,2433-KMEAS,2023-10-25,Extra 100GB Data,100.0,No,,Regular,Yes
OFF001362,2195-ZRVAX,2023-05-23,Free 3 Months Streaming,0.0,No,,Loyal,Yes
OFF001363,3550-SAHFP,2023-09-28,20% Discount,8.33,Yes,2023-09-28,Regular,Yes
OFF001364,3550-SAHFP,2025-08-21,20% Discount,8.33,No,,Regular,Yes
OFF001365,2011-TRQYE,2024-05-26,Free 3 Months Streaming,0.0,Yes,2024-05-28,Regular,Yes
OFF001366,2011-TRQYE,2025-12-01,Cashback ₹500,500.0,Yes,2025-12-07,Regular,Yes
OFF001367,4873-ILOLJ,2024-08-26,Loyalty Reward,0.0,Yes,2024-08-28,Regular,Yes
OFF001368,4873-ILOLJ,2025-05-22,Cashback ₹500,500.0,No,,Regular,Yes
OFF001369,4873-ILOLJ,2024-08-22,Free Installation,0.0,Yes,2024-08-28,Regular,Yes
OFF001370,2725-KXXWT,2023-06-04,10% Discount,18.15,No,,New,Yes
OFF001371,9565-DJPIB,2023-01-26,Free Upgrade,0.0,No,,New,Yes
OFF001372,9565-DJPIB,2025-04-25,20% Discount,26.88,No,,New,Yes
OFF001373,8348-HFYIV,2025-08-05,Loyalty Reward,0.0,Yes,2025-08-10,New,Yes
OFF001374,8348-HFYIV,2023-05-22,Free 3 Months Streaming,0.0,No,,New,Yes
OFF001375,8348-HFYIV,2025-04-11,Free Installation,0.0,Yes,2025-04-18,New,Yes
OFF001376,6849-WLEYG,2025-05-25,30% Discount,3.95,No,,New,Yes
OFF001377,4659-NZRUF,2024-04-22,20% Discount,19.03,No,,Regular,Yes
OFF001378,4659-NZRUF,2023-07-22,Free 3 Months Streaming,0.0,No,,Regular,Yes
OFF001379,8429-XIBUM,2025-07-19,30% Discount,20.27,No,,Regular,Yes
OFF001380,2608-BHKFN,2023-10-17,Free Installation,0.0,No,,New,Yes
OFF001381,2608-BHKFN,2024-03-27,Premium Support,0.0,No,,New,Yes
OFF001382,2608-BHKFN,2025-10-08,Loyalty Reward,0.0,Yes,2025-10-12,New,Yes
OFF001383,7341-LXCAF,2025-09-23,10% Discount,22.39,No,,New,Yes
OFF001384,7341-LXCAF,2025-02-18,Premium Support,0.0,Yes,2025-02-19,New,Yes
OFF001385,9462-MJUAW,2024-11-26,Loyalty Reward,0.0,Yes,2024-11-28,New,Yes
OFF001386,9462-MJUAW,2025-11-23,Extra 100GB Data,100.0,No,,New,Yes
OFF001387,9462-MJUAW,2024-07-16,10% Discount,15.12,Yes,2024-07-21,New,Yes
OFF001388,8128-YVJRG,2023-01-23,Free Upgrade,0.0,No,,New,Yes
OFF001389,8128-YVJRG,2025-08-03,10% Discount,7.97,Yes,2025-08-07,New,Yes
OFF001390,4283-FUTGF,2024-12-21,Loyalty Reward,0.0,No,,Regular,Yes
OFF001391,4283-FUTGF,2025-01-08,10% Discount,23.95,No,,Regular,Yes
OFF001392,4283-FUTGF,2024-03-24,10% Discount,7.98,Yes,2024-03-28,Regular,Yes
OFF001393,1569-TTNYJ,2024-02-04,Free Upgrade,0.0,No,,New,Yes
OFF001394,1569-TTNYJ,2023-07-10,Free Installation,0.0,No,,New,Yes
OFF001395,1569-TTNYJ,2024-01-26,10% Discount,15.75,No,,New,Yes
OFF001396,2397-BRLOM,2023-06-02,Free 3 Months Streaming,0.0,No,,New,Yes
OFF001397,2397-BRLOM,2023-11-12,30% Discount,16.09,No,,New,Yes
OFF001398,2397-BRLOM,2024-01-07,Extra 100GB Data,100.0,No,,New,Yes
OFF001399,4749-VFKVB,2025-10-01,10% Discount,15.03,Yes,2025-10-02,New,Yes
OFF001400,7598-UAASY,2023-08-19,Loyalty Reward,0.0,Yes,2023-08-22,New,Yes
OFF001401,7598-UAASY,2025-05-14,20% Discount,22.92,Yes,2025-05-19,New,Yes
OFF001402,7598-UAASY,2025-12-19,Free Installation,0.0,Yes,2025-12-22,New,Yes
OFF001403,7938-OUHIO,2025-07-15,Cashback ₹500,500.0,No,,New,Yes
OFF001404,7938-OUHIO,2024-11-23,20% Discount,9.87,No,,New,Yes
OFF001405,7938-OUHIO,2024-01-07,Loyalty Reward,0.0,No,,New,Yes
OFF001406,8510-AWCXC,2025-04-10,Free Installation,0.0,No,,Regular,Yes
OFF001407,8510-AWCXC,2024-08-06,20% Discount,30.24,No,,Regular,Yes
OFF001408,8510-AWCXC,2025-12-16,Free Installation,0.0,No,,Regular,Yes
OFF001409,0431-APWVY,2024-04-26,Loyalty Reward,0.0,No,,Regular,Yes
OFF001410,3426-NIYYL,2023-03-11,10% Discount,10.31,Yes,2023-03-16,Regular,Yes
OFF001411,8225-BTJAU,2023-06-16,Cashback ₹500,500.0,No,,New,Yes
OFF001412,8225-BTJAU,2024-03-28,30% Discount,15.85,Yes,2024-03-28,New,Yes
OFF001413,8225-BTJAU,2025-03-21,Free Upgrade,0.0,No,,New,Yes
OFF001414,3387-VATUS,2025-08-03,Extra 100GB Data,100.0,No,,New,Yes
OFF001415,3387-VATUS,2025-01-21,10% Discount,28.45,No,,New,Yes
OFF001416,3387-VATUS,2025-12-08,Extra 100GB Data,100.0,Yes,2025-12-10,New,Yes
OFF001417,1143-NMNQJ,2023-10-08,Premium Support,0.0,Yes,2023-10-09,New,Yes
OFF001418,1143-NMNQJ,2023-08-16,30% Discount,25.71,Yes,2023-08-19,New,Yes
OFF001419,0415-MOSGF,2024-01-27,Free 3 Months Streaming,0.0,No,,New,Yes
OFF001420,0415-MOSGF,2024-03-12,10% Discount,4.44,No,,New,Yes
OFF001421,1724-BQUHA,2023-04-08,Free 3 Months Streaming,0.0,No,,New,Yes
OFF001422,1724-BQUHA,2025-01-19,Free Upgrade,0.0,Yes,2025-01-25,New,Yes
OFF001423,4826-XTSOH,2025-09-21,10% Discount,8.61,Yes,2025-09-23,New,Yes
OFF001424,2495-INZWQ,2024-04-13,Premium Support,0.0,Yes,2024-04-19,New,Yes
OFF001425,2495-INZWQ,2025-01-15,Premium Support,0.0,No,,New,Yes
OFF001426,4139-SUGLD,2023-08-19,Free Upgrade,0.0,No,,Regular,Yes
OFF001427,6857-VWJDT,2024-05-05,30% Discount,9.57,No,,New,Yes
OFF001428,6857-VWJDT,2025-10-27,Extra 100GB Data,100.0,No,,New,Yes
OFF001429,6857-VWJDT,2025-04-05,30% Discount,9.57,Yes,2025-04-12,New,Yes
OFF001430,5624-BQSSA,2023-04-28,Free Installation,0.0,No,,New,Yes
OFF001431,5624-BQSSA,2025-11-07,Premium Support,0.0,Yes,2025-11-10,New,Yes
OFF001432,5624-BQSSA,2023-09-27,Free Upgrade,0.0,Yes,2023-09-28,New,Yes
OFF001433,2408-WITXK,2024-12-21,20% Discount,6.94,No,,New,Yes
OFF001434,5577-OTWWW,2023-09-03,20% Discount,1.98,Yes,2023-09-07,Regular,Yes
OFF001435,6100-QQHEB,2023-05-04,Premium Support,0.0,Yes,2023-05-07,Regular,Yes
OFF001436,2634-HCZGT,2025-08-27,10% Discount,12.01,Yes,2025-08-28,Loyal,Yes
OFF001437,2634-HCZGT,2024-09-16,Free 3 Months Streaming,0.0,No,,Loyal,Yes
OFF001438,7503-QQRVF,2025-02-26,Cashback ₹500,500.0,Yes,2025-02-28,Regular,Yes
OFF001439,2691-NZETQ,2023-02-09,10% Discount,17.07,No,,New,Yes
OFF001440,2691-NZETQ,2025-11-19,Free Installation,0.0,No,,New,Yes
OFF001441,2691-NZETQ,2023-08-02,Extra 100GB Data,100.0,No,,New,Yes
OFF001442,4404-HIBDJ,2024-12-18,30% Discount,14.86,No,,Regular,Yes
OFF001443,4404-HIBDJ,2025-05-10,20% Discount,14.86,Yes,2025-05-16,Regular,Yes
OFF001444,7295-JOMMD,2024-08-07,Loyalty Reward,0.0,No,,New,Yes
OFF001445,5013-SBUIH,2025-02-14,Free Installation,0.0,No,,Loyal,Yes
OFF001446,5013-SBUIH,2023-08-01,Free Installation,0.0,No,,Loyal,Yes
OFF001447,5013-SBUIH,2024-09-26,Cashback ₹500,500.0,Yes,2024-09-28,Loyal,Yes
OFF001448,0709-TVGUR,2023-10-18,Loyalty Reward,0.0,Yes,2023-10-25,New,Yes
OFF001449,0709-TVGUR,2023-05-16,20% Discount,14.91,Yes,2023-05-23,New,Yes
OFF001450,6023-YEBUP,2024-07-01,20% Discount,10.1,Yes,2024-07-03,New,Yes
OFF001451,6023-YEBUP,2025-09-25,Premium Support,0.0,No,,New,Yes
OFF001452,7209-JCUDS,2023-08-17,Free Installation,0.0,Yes,2023-08-22,New,Yes
OFF001453,3001-CBHLQ,2025-10-17,Free 3 Months Streaming,0.0,Yes,2025-10-24,Regular,Yes
OFF001454,3001-CBHLQ,2025-12-25,10% Discount,31.47,No,,Regular,Yes
OFF001455,3001-CBHLQ,2024-07-04,Free 3 Months Streaming,0.0,No,,Regular,Yes
OFF001456,6158-DWPZT,2025-08-04,Extra 100GB Data,100.0,Yes,2025-08-10,New,Yes
OFF001457,6158-DWPZT,2025-12-04,10% Discount,7.23,No,,New,Yes
OFF001458,6158-DWPZT,2023-08-08,Premium Support,0.0,No,,New,Yes
OFF001459,3763-GCZHZ,2024-10-11,Free Installation,0.0,No,,Loyal,Yes
OFF001460,0772-GYEQQ,2023-07-01,Premium Support,0.0,No,,New,Yes
OFF001461,0772-GYEQQ,2025-09-02,Cashback ₹500,500.0,Yes,2025-09-05,New,Yes
OFF001462,0772-GYEQQ,2024-11-14,Premium Support,0.0,No,,New,Yes
OFF001463,4831-EOBFE,2024-01-09,20% Discount,28.39,No,,Regular,Yes
OFF001464,4102-OQUPX,2024-07-20,30% Discount,14.88,No,,New,Yes
OFF001465,4102-OQUPX,2023-12-18,Loyalty Reward,0.0,Yes,2023-12-23,New,Yes
OFF001466,9170-GYZJC,2023-01-27,30% Discount,15.98,No,,Loyal,Yes
OFF001467,3999-QGRJH,2023-04-10,10% Discount,13.94,Yes,2023-04-17,New,Yes
OFF001468,3999-QGRJH,2024-07-13,Premium Support,0.0,Yes,2024-07-16,New,Yes
OFF001469,2454-RPBRZ,2024-05-27,Extra 100GB Data,100.0,No,,Regular,Yes
OFF001470,2454-RPBRZ,2025-02-16,Cashback ₹500,500.0,Yes,2025-02-23,Regular,Yes
OFF001471,2002-MZHWP,2025-04-24,Extra 100GB Data,100.0,No,,New,Yes
OFF001472,2002-MZHWP,2025-01-01,Extra 100GB Data,100.0,Yes,2025-01-08,New,Yes
OFF001473,2002-MZHWP,2023-11-18,Cashback ₹500,500.0,No,,New,Yes
OFF001474,2265-CYWIV,2024-06-02,Loyalty Reward,0.0,No,,New,Yes
OFF001475,2004-OCQXK,2024-10-23,Premium Support,0.0,No,,New,Yes
OFF001476,5027-QPKTE,2024-02-09,Free 3 Months Streaming,0.0,No,,New,Yes
OFF001477,5027-QPKTE,2023-09-13,Free 3 Months Streaming,0.0,No,,New,Yes
OFF001478,2672-HUYVI,2023-04-02,Premium Support,0.0,No,,New,Yes
OFF001479,2672-HUYVI,2024-05-02,Extra 100GB Data,100.0,Yes,2024-05-06,New,Yes
OFF001480,2672-HUYVI,2023-02-19,Cashback ₹500,500.0,No,,New,Yes
OFF001481,7508-MYBOG,2025-09-08,Free Upgrade,0.0,Yes,2025-09-09,Regular,Yes
OFF001482,0148-DCDOS,2023-11-06,10% Discount,9.47,No,,Regular,Yes
OFF001483,0148-DCDOS,2023-11-13,Premium Support,0.0,Yes,2023-11-19,Regular,Yes
OFF001484,0148-DCDOS,2024-04-19,Extra 100GB Data,100.0,No,,Regular,Yes
OFF001485,9992-RRAMN,2025-06-14,Free Upgrade,0.0,Yes,2025-06-16,Regular,Yes
OFF001486,9992-RRAMN,2024-10-01,Free Upgrade,0.0,Yes,2024-10-03,Regular,Yes
OFF001487,9992-RRAMN,2025-08-20,Free 3 Months Streaming,0.0,Yes,2025-08-25,Regular,Yes
OFF001488,0310-MVLET,2025-01-28,20% Discount,9.92,Yes,2025-01-28,Loyal,Yes
OFF001489,0310-MVLET,2025-10-05,Premium Support,0.0,No,,Loyal,Yes
OFF001490,0310-MVLET,2024-09-19,Free 3 Months Streaming,0.0,Yes,2024-09-25,Loyal,Yes
OFF001491,4550-VBOFE,2025-07-05,Loyalty Reward,0.0,Yes,2025-07-09,Loyal,Yes
OFF001492,4550-VBOFE,2024-02-24,Extra 100GB Data,100.0,Yes,2024-02-25,Loyal,Yes
OFF001493,5696-QURRL,2023-11-08,20% Discount,9.01,No,,New,Yes
OFF001494,7409-KIUTL,2024-03-19,10% Discount,14.2,No,,New,Yes
OFF001495,7409-KIUTL,2025-05-09,Free 3 Months Streaming,0.0,No,,New,Yes
OFF001496,1732-VHUBQ,2025-11-13,Cashback ₹500,500.0,Yes,2025-11-19,Loyal,Yes
OFF001497,1732-VHUBQ,2023-08-24,Free Installation,0.0,Yes,2023-08-28,Loyal,Yes
OFF001498,1732-VHUBQ,2025-07-11,Extra 100GB Data,100.0,Yes,2025-07-13,Loyal,Yes
OFF001499,0495-RVCBF,2023-11-01,Loyalty Reward,0.0,No,,New,Yes
OFF001500,0495-RVCBF,2025-03-21,Cashback ₹500,500.0,No,,New,Yes
OFF001501,7854-EDSSA,2023-10-11,Free 3 Months Streaming,0.0,Yes,2023-10-17,Regular,Yes
OFF001502,8869-TORSS,2024-12-21,20% Discount,6.04,No,,Loyal,Yes
OFF001503,0679-IDSTG,2023-10-25,Extra 100GB Data,100.0,Yes,2023-10-28,New,Yes
OFF001504,0679-IDSTG,2024-06-16,Loyalty Reward,0.0,No,,New,Yes
OFF001505,2115-BFTIW,2024-03-16,10% Discount,7.1,No,,Regular,Yes
OFF001506,2115-BFTIW,2023-01-21,Cashback ₹500,500.0,Yes,2023-01-28,Regular,Yes
OFF001507,2115-BFTIW,2023-09-11,Cashback ₹500,500.0,No,,Regular,Yes
OFF001508,0611-DFXKO,2025-02-25,Free Installation,0.0,No,,Regular,Yes
OFF001509,0611-DFXKO,2023-04-25,Free Installation,0.0,Yes,2023-04-28,Regular,Yes
OFF001510,0611-DFXKO,2024-06-03,10% Discount,8.9,Yes,2024-06-08,Regular,Yes
OFF001511,7780-OTDSO,2025-01-28,10% Discount,9.94,Yes,2025-01-28,Regular,Yes
OFF001512,7780-OTDSO,2025-11-28,20% Discount,29.82,No,,Regular,Yes
OFF001513,9747-DDZOS,2025-10-08,Free 3 Months Streaming,0.0,No,,New,Yes
OFF001514,9747-DDZOS,2023-06-25,Loyalty Reward,0.0,Yes,2023-06-27,New,Yes
OFF001515,0564-JJHGS,2025-10-15,Free 3 Months Streaming,0.0,Yes,2025-10-18,New,Yes
OFF001516,0564-JJHGS,2024-02-17,Free 3 Months Streaming,0.0,Yes,2024-02-23,New,Yes
OFF001517,0564-JJHGS,2024-08-06,Premium Support,0.0,No,,New,Yes
OFF001518,3348-CFRNX,2023-11-15,Free Installation,0.0,Yes,2023-11-21,Regular,Yes
OFF001519,3348-CFRNX,2025-10-07,Premium Support,0.0,No,,Regular,Yes
OFF001520,3348-CFRNX,2024-08-07,Extra 100GB Data,100.0,Yes,2024-08-12,Regular,Yes
OFF001521,1428-GTBJJ,2024-04-04,Free 3 Months Streaming,0.0,No,,New,Yes
OFF001522,1428-GTBJJ,2024-06-19,20% Discount,22.36,No,,New,Yes
OFF001523,1428-GTBJJ,2023-05-17,30% Discount,14.91,No,,New,Yes
OFF001524,8802-UNOJF,2023-09-01,Cashback ₹500,500.0,No,,Regular,Yes
OFF001525,8802-UNOJF,2023-08-19,Free Installation,0.0,Yes,2023-08-24,Regular,Yes
OFF001526,8802-UNOJF,2023-11-01,Free Installation,0.0,No,,Regular,Yes
OFF001527,6313-GIDIT,2023-04-17,Loyalty Reward,0.0,No,,Loyal,Yes
OFF001528,6313-GIDIT,2024-06-26,Loyalty Reward,0.0,No,,Loyal,Yes
OFF001529,2845-AFFTX,2024-04-13,Free Installation,0.0,No,,Loyal,Yes
OFF001530,2845-AFFTX,2023-07-14,Free 3 Months Streaming,0.0,No,,Loyal,Yes
OFF001531,2249-YPRNG,2025-11-20,20% Discount,31.75,No,,Regular,Yes
OFF001532,2249-YPRNG,2023-07-22,Cashback ₹500,500.0,No,,Regular,Yes
OFF001533,7410-YTJIK,2025-06-01,Premium Support,0.0,Yes,2025-06-02,New,Yes
OFF001534,7410-YTJIK,2023-04-14,Cashback ₹500,500.0,Yes,2023-04-17,New,Yes
OFF001535,7410-YTJIK,2024-06-03,30% Discount,15.09,Yes,2024-06-05,New,Yes
OFF001536,4626-GYCZP,2024-08-25,Premium Support,0.0,No,,New,Yes
OFF001537,5590-BYNII,2024-03-14,Loyalty Reward,0.0,No,,Regular,Yes
OFF001538,5590-BYNII,2024-09-14,Loyalty Reward,0.0,No,,Regular,Yes
OFF001539,5590-BYNII,2025-02-09,Loyalty Reward,0.0,No,,Regular,Yes
OFF001540,3237-AJGEH,2025-04-10,30% Discount,3.1,No,,New,Yes
OFF001541,3237-AJGEH,2024-11-09,Loyalty Reward,0.0,Yes,2024-11-15,New,Yes
OFF001542,1591-NFNLQ,2025-03-16,Free Installation,0.0,Yes,2025-03-18,Loyal,Yes
OFF001543,1591-NFNLQ,2023-10-17,Free Upgrade,0.0,Yes,2023-10-24,Loyal,Yes
OFF001544,1591-NFNLQ,2025-06-12,Free Installation,0.0,Yes,2025-06-13,Loyal,Yes
OFF001545,2815-CPTUL,2023-01-18,Free Upgrade,0.0,Yes,2023-01-24,New,Yes
OFF001546,2815-CPTUL,2023-01-13,Cashback ₹500,500.0,No,,New,Yes
OFF001547,2815-CPTUL,2024-06-28,20% Discount,21.07,Yes,2024-06-28,New,Yes
OFF001548,0596-BQCEQ,2025-09-12,Extra 100GB Data,100.0,Yes,2025-09-19,Loyal,Yes
OFF001549,1481-ZUWZA,2024-05-14,30% Discount,9.45,No,,Regular,Yes
OFF001550,1481-ZUWZA,2023-08-25,10% Discount,18.9,No,,Regular,Yes
OFF001551,1481-ZUWZA,2023-10-13,20% Discount,28.35,No,,Regular,Yes
OFF001552,2309-OSFEU,2023-11-08,20% Discount,10.17,Yes,2023-11-13,New,Yes
OFF001553,2309-OSFEU,2024-08-10,10% Discount,3.39,No,,New,Yes
OFF001554,1891-FZYSA,2023-08-10,Premium Support,0.0,No,,Loyal,Yes
OFF001555,7613-LLQFO,2023-09-04,Loyalty Reward,0.0,Yes,2023-09-08,Regular,Yes
OFF001556,7613-LLQFO,2024-10-28,Loyalty Reward,0.0,Yes,2024-10-28,Regular,Yes
OFF001557,7613-LLQFO,2023-12-10,Free Installation,0.0,Yes,2023-12-16,Regular,Yes
OFF001558,2640-PMGFL,2023-06-23,20% Discount,23.85,No,,Regular,Yes
OFF001559,3801-HMYNL,2024-06-01,Free Upgrade,0.0,Yes,2024-06-04,New,Yes
OFF001560,3801-HMYNL,2024-07-21,Free 3 Months Streaming,0.0,Yes,2024-07-25,New,Yes
OFF001561,9685-WKZGT,2023-09-18,Free 3 Months Streaming,0.0,No,,Regular,Yes
OFF001562,9685-WKZGT,2024-03-15,10% Discount,7.5,No,,Regular,Yes
OFF001563,6022-UGGSO,2023-02-12,Extra 100GB Data,100.0,No,,Regular,Yes
OFF001564,4484-CGXFK,2023-05-13,Free 3 Months Streaming,0.0,No,,New,Yes
OFF001565,4484-CGXFK,2024-12-27,20% Discount,11.06,No,,New,Yes
OFF001566,4484-CGXFK,2025-09-24,Premium Support,0.0,Yes,2025-09-28,New,Yes
OFF001567,6214-EDAKZ,2023-11-26,10% Discount,5.52,Yes,2023-11-28,Regular,Yes
OFF001568,6127-ISGTU,2025-10-07,Cashback ₹500,500.0,No,,Regular,Yes
OFF001569,6127-ISGTU,2025-01-03,Free Installation,0.0,Yes,2025-01-07,Regular,Yes
OFF001570,8740-XLHDR,2024-02-03,Extra 100GB Data,100.0,No,,New,Yes
OFF001571,1208-DNHLN,2024-05-16,10% Discount,9.67,Yes,2024-05-20,Regular,Yes
OFF001572,1208-DNHLN,2023-03-23,Free 3 Months Streaming,0.0,No,,Regular,Yes
OFF001573,1208-DNHLN,2025-08-04,Premium Support,0.0,No,,Regular,Yes
OFF001574,1761-AEZZR,2023-03-20,Extra 100GB Data,100.0,No,,New,Yes
OFF001575,1761-AEZZR,2023-01-08,10% Discount,23.86,Yes,2023-01-12,New,Yes
OFF001576,1761-AEZZR,2025-10-07,10% Discount,7.96,No,,New,Yes
OFF001577,3923-CSIHK,2025-06-08,Premium Support,0.0,Yes,2025-06-15,Loyal,Yes
OFF001578,7120-RFMVS,2025-11-10,30% Discount,8.45,No,,New,Yes
OFF001579,7120-RFMVS,2025-02-22,Extra 100GB Data,100.0,No,,New,Yes
OFF001580,7317-GGVPB,2024-04-18,Loyalty Reward,0.0,Yes,2024-04-21,Loyal,Yes
OFF001581,7317-GGVPB,2023-03-18,Free 3 Months Streaming,0.0,Yes,2023-03-24,Loyal,Yes
OFF001582,1322-AGOQM,2023-05-02,Loyalty Reward,0.0,Yes,2023-05-08,Loyal,Yes
OFF001583,1322-AGOQM,2023-11-14,Extra 100GB Data,100.0,Yes,2023-11-19,Loyal,Yes
OFF001584,1322-AGOQM,2025-05-19,Extra 100GB Data,100.0,No,,Loyal,Yes
OFF001585,3677-IYRBF,2025-01-12,Free 3 Months Streaming,0.0,No,,New,Yes
OFF001586,3677-IYRBF,2025-02-13,10% Discount,6.08,No,,New,Yes
OFF001587,3677-IYRBF,2025-09-11,Cashback ₹500,500.0,Yes,2025-09-17,New,Yes
OFF001588,5692-FPTAH,2025-07-02,Free Installation,0.0,No,,New,Yes
OFF001589,5692-FPTAH,2024-11-02,Extra 100GB Data,100.0,No,,New,Yes
OFF001590,5692-FPTAH,2023-06-04,Cashback ₹500,500.0,No,,New,Yes
OFF001591,1550-LOAHA,2024-08-07,Free Upgrade,0.0,Yes,2024-08-14,Regular,Yes
OFF001592,0268-QKIWO,2025-12-25,30% Discount,3.95,Yes,2025-12-28,New,Yes
OFF001593,0268-QKIWO,2025-01-06,Cashback ₹500,500.0,No,,New,Yes
OFF001594,0876-WDUUZ,2025-07-21,Loyalty Reward,0.0,No,,New,Yes
OFF001595,0617-FHSGK,2023-05-23,Extra 100GB Data,100.0,No,,Loyal,Yes
OFF001596,2858-MOFSQ,2025-09-06,Cashback ₹500,500.0,No,,Regular,Yes
OFF001597,2858-MOFSQ,2023-08-01,Extra 100GB Data,100.0,Yes,2023-08-07,Regular,Yes
OFF001598,2858-MOFSQ,2023-01-16,20% Discount,16.75,No,,Regular,Yes
OFF001599,8118-LSUEL,2023-07-09,Cashback ₹500,500.0,No,,Regular,Yes
OFF001600,7005-CCBKV,2025-09-16,Extra 100GB Data,100.0,No,,New,Yes
OFF001601,7005-CCBKV,2024-09-24,Free 3 Months Streaming,0.0,No,,New,Yes
OFF001602,4250-FDVOU,2023-04-24,Loyalty Reward,0.0,No,,New,Yes
OFF001603,5277-ZLOOR,2023-12-22,30% Discount,8.55,No,,New,Yes
OFF001604,5277-ZLOOR,2023-08-17,Free 3 Months Streaming,0.0,No,,New,Yes
OFF001605,2141-RRYGO,2023-01-04,Free Upgrade,0.0,Yes,2023-01-09,New,Yes
OFF001606,2141-RRYGO,2023-11-24,30% Discount,6.87,No,,New,Yes
OFF001607,2141-RRYGO,2025-02-17,30% Discount,13.73,Yes,2025-02-24,New,Yes
OFF001608,6376-GAHQE,2025-06-19,10% Discount,15.57,No,,New,Yes
OFF001609,6376-GAHQE,2025-03-11,Loyalty Reward,0.0,No,,New,Yes
OFF001610,5052-PNLOS,2023-05-08,Extra 100GB Data,100.0,No,,New,Yes
OFF001611,5052-PNLOS,2024-12-05,Free 3 Months Streaming,0.0,No,,New,Yes
OFF001612,6979-ZNSFF,2023-12-09,Free Upgrade,0.0,Yes,2023-12-11,New,Yes
OFF001613,6979-ZNSFF,2024-05-09,Cashback ₹500,500.0,Yes,2024-05-14,New,Yes
OFF001614,6979-ZNSFF,2023-08-28,Cashback ₹500,500.0,No,,New,Yes
OFF001615,2386-LAHRK,2024-12-17,Free Installation,0.0,No,,New,Yes
OFF001616,2386-LAHRK,2025-07-20,Free Upgrade,0.0,Yes,2025-07-24,New,Yes
OFF001617,2386-LAHRK,2023-06-12,Premium Support,0.0,Yes,2023-06-15,New,Yes
OFF001618,6032-IGALN,2024-09-15,Loyalty Reward,0.0,No,,New,Yes
OFF001619,6032-IGALN,2025-07-03,Free Upgrade,0.0,Yes,2025-07-08,New,Yes
OFF001620,4248-HCETZ,2024-12-17,Free Upgrade,0.0,No,,Regular,Yes
OFF001621,0516-WJVXC,2023-08-21,Cashback ₹500,500.0,No,,New,Yes
OFF001622,9174-FKWZE,2024-04-01,Free Installation,0.0,No,,New,Yes
OFF001623,8809-RIHDD,2025-04-26,Extra 100GB Data,100.0,Yes,2025-04-28,Loyal,Yes
OFF001624,8809-RIHDD,2025-12-07,10% Discount,31.02,Yes,2025-12-09,Loyal,Yes
OFF001625,4822-NGOCH,2024-04-11,Cashback ₹500,500.0,Yes,2024-04-14,Regular,Yes
OFF001626,5307-DZCVC,2023-01-12,10% Discount,8.6,No,,Regular,Yes
OFF001627,5307-DZCVC,2023-01-21,Premium Support,0.0,Yes,2023-01-22,Regular,Yes
OFF001628,8679-JOEVF,2024-09-05,Premium Support,0.0,No,,Regular,Yes
OFF001629,8679-JOEVF,2023-02-17,Extra 100GB Data,100.0,No,,Regular,Yes
OFF001630,8679-JOEVF,2024-04-18,Cashback ₹500,500.0,No,,Regular,Yes
OFF001631,1432-FPAXX,2024-01-07,Extra 100GB Data,100.0,Yes,2024-01-08,Regular,Yes
OFF001632,4803-AXVYP,2025-02-09,Free Upgrade,0.0,Yes,2025-02-10,Loyal,Yes
OFF001633,4803-AXVYP,2023-08-28,30% Discount,19.91,Yes,2023-08-28,Loyal,Yes
OFF001634,3884-HCSWG,2025-10-26,Free 3 Months Streaming,0.0,No,,Regular,Yes
OFF001635,5077-DXTCG,2024-10-02,Free Upgrade,0.0,No,,New,Yes
OFF001636,5077-DXTCG,2024-07-05,Cashback ₹500,500.0,No,,New,Yes
OFF001637,1142-WACZW,2023-02-13,30% Discount,8.96,No,,New,Yes
OFF001638,1142-WACZW,2024-01-14,30% Discount,2.99,Yes,2024-01-17,New,Yes
OFF001639,5649-ANRML,2025-04-18,Premium Support,0.0,No,,New,Yes
OFF001640,4892-VLANZ,2025-07-16,Free 3 Months Streaming,0.0,No,,New,Yes
OFF001641,4892-VLANZ,2024-01-21,10% Discount,3.96,Yes,2024-01-24,New,Yes
OFF001642,2919-HBCJO,2025-09-18,10% Discount,23.0,No,,New,Yes
OFF001643,2919-HBCJO,2025-12-14,Free Installation,0.0,Yes,2025-12-21,New,Yes
OFF001644,2919-HBCJO,2025-07-06,30% Discount,23.0,Yes,2025-07-07,New,Yes
OFF001645,4236-XPXAV,2023-06-17,Loyalty Reward,0.0,Yes,2023-06-22,New,Yes
OFF001646,4236-XPXAV,2024-06-23,Cashback ₹500,500.0,No,,New,Yes
OFF001647,3030-YZADT,2024-10-06,30% Discount,13.49,No,,New,Yes
OFF001648,7410-KTVFV,2024-03-01,Free Upgrade,0.0,Yes,2024-03-02,Regular,Yes
OFF001649,7410-KTVFV,2025-06-24,Free Upgrade,0.0,No,,Regular,Yes
OFF001650,7410-KTVFV,2025-05-02,Free 3 Months Streaming,0.0,Yes,2025-05-08,Regular,Yes
OFF001651,8393-DLHGA,2025-07-08,Free Upgrade,0.0,Yes,2025-07-12,Regular,Yes
OFF001652,8393-DLHGA,2025-10-14,Free Installation,0.0,No,,Regular,Yes
OFF001653,7395-IGJOS,2023-02-14,30% Discount,16.3,No,,Regular,Yes
OFF001654,7395-IGJOS,2025-08-10,Free Installation,0.0,Yes,2025-08-11,Regular,Yes
OFF001655,2834-SPCJV,2024-06-11,Free 3 Months Streaming,0.0,Yes,2024-06-14,Loyal,Yes
OFF001656,2834-SPCJV,2024-03-25,Loyalty Reward,0.0,No,,Loyal,Yes
OFF001657,7890-VYYWG,2024-06-14,20% Discount,3.65,No,,New,Yes
OFF001658,7890-VYYWG,2024-12-03,20% Discount,3.65,No,,New,Yes
OFF001659,7890-VYYWG,2024-08-15,Free Upgrade,0.0,Yes,2024-08-20,New,Yes
OFF001660,9907-SWKKF,2023-02-08,Extra 100GB Data,100.0,No,,New,Yes
OFF001661,9907-SWKKF,2024-03-17,Extra 100GB Data,100.0,No,,New,Yes
OFF001662,9907-SWKKF,2025-04-09,Loyalty Reward,0.0,No,,New,Yes
OFF001663,0587-DMGBH,2024-06-03,Extra 100GB Data,100.0,Yes,2024-06-06,New,Yes
OFF001664,0587-DMGBH,2025-03-09,Loyalty Reward,0.0,Yes,2025-03-10,New,Yes
OFF001665,6397-JNZZG,2025-08-13,Premium Support,0.0,No,,Loyal,Yes
OFF001666,3523-QRQLL,2024-02-16,30% Discount,13.9,Yes,2024-02-23,Regular,Yes
OFF001667,0895-DQHEW,2024-09-27,Premium Support,0.0,Yes,2024-09-28,Loyal,Yes
OFF001668,0895-DQHEW,2023-03-27,Cashback ₹500,500.0,Yes,2023-03-28,Loyal,Yes
OFF001669,8149-RSOUN,2023-05-18,Cashback ₹500,500.0,No,,New,Yes
OFF001670,8149-RSOUN,2025-08-20,30% Discount,18.77,No,,New,Yes
OFF001671,7250-EQKIY,2025-08-22,20% Discount,5.05,No,,New,Yes
OFF001672,7250-EQKIY,2023-07-13,Free 3 Months Streaming,0.0,No,,New,Yes
OFF001673,7250-EQKIY,2023-08-07,Loyalty Reward,0.0,Yes,2023-08-12,New,Yes
OFF001674,4013-UBXWQ,2023-06-19,Free Upgrade,0.0,Yes,2023-06-26,New,Yes
OFF001675,5519-NPHVG,2024-12-17,Free Installation,0.0,No,,Regular,Yes
OFF001676,5519-NPHVG,2025-01-02,Extra 100GB Data,100.0,No,,Regular,Yes
OFF001677,8849-GYOKR,2025-10-06,Cashback ₹500,500.0,No,,Loyal,Yes
OFF001678,8849-GYOKR,2025-01-05,Premium Support,0.0,No,,Loyal,Yes
OFF001679,8849-GYOKR,2023-07-03,Extra 100GB Data,100.0,No,,Loyal,Yes
OFF001680,3148-BLQJT,2023-11-26,Free Upgrade,0.0,No,,New,Yes
OFF001681,3148-BLQJT,2024-04-21,Free Upgrade,0.0,Yes,2024-04-27,New,Yes
OFF001682,0461-CVKMU,2025-08-22,Extra 100GB Data,100.0,No,,Regular,Yes
OFF001683,0461-CVKMU,2025-06-18,20% Discount,16.76,Yes,2025-06-23,Regular,Yes
OFF001684,8806-EAGWC,2024-06-01,Free Upgrade,0.0,Yes,2024-06-02,New,Yes
OFF001685,8806-EAGWC,2024-08-26,Premium Support,0.0,Yes,2024-08-28,New,Yes
OFF001686,8806-EAGWC,2024-08-22,Free Upgrade,0.0,No,,New,Yes
OFF001687,7779-LGOVN,2023-04-09,Free Installation,0.0,No,,New,Yes
OFF001688,7779-LGOVN,2025-01-15,10% Discount,17.33,Yes,2025-01-18,New,Yes
OFF001689,9710-ZUSHQ,2024-03-01,10% Discount,21.35,Yes,2024-03-02,Loyal,Yes
OFF001690,4183-WCSEP,2024-12-25,Free 3 Months Streaming,0.0,No,,Regular,Yes
OFF001691,4183-WCSEP,2023-12-23,Extra 100GB Data,100.0,No,,Regular,Yes
OFF001692,5498-TXHLF,2023-07-18,Loyalty Reward,0.0,No,,Regular,Yes
OFF001693,5498-TXHLF,2025-02-28,Free Installation,0.0,No,,Regular,Yes
OFF001694,9722-UJOJR,2023-06-08,30% Discount,14.15,Yes,2023-06-10,Regular,Yes
OFF001695,9722-UJOJR,2023-12-23,Extra 100GB Data,100.0,No,,Regular,Yes
OFF001696,3902-FOIGH,2025-02-09,Extra 100GB Data,100.0,Yes,2025-02-10,Regular,Yes
OFF001697,6772-KSATR,2025-07-03,10% Discount,24.51,No,,New,Yes
OFF001698,6772-KSATR,2025-03-11,10% Discount,8.17,No,,New,Yes
OFF001699,7112-OPOTK,2024-07-15,Premium Support,0.0,No,,Regular,Yes
OFF001700,7112-OPOTK,2024-01-26,20% Discount,13.65,No,,Regular,Yes
OFF001701,4210-QFJMF,2024-11-18,10% Discount,7.92,No,,New,Yes
OFF001702,4210-QFJMF,2024-02-14,Extra 100GB Data,100.0,No,,New,Yes
OFF001703,4210-QFJMF,2024-05-05,Free Installation,0.0,Yes,2024-05-11,New,Yes
OFF001704,3318-OSATS,2023-05-09,Premium Support,0.0,No,,Regular,Yes
OFF001705,3318-OSATS,2023-07-17,10% Discount,9.54,No,,Regular,Yes
OFF001706,3318-OSATS,2025-11-05,Free Upgrade,0.0,No,,Regular,Yes
OFF001707,5828-AVIPD,2025-02-13,Extra 100GB Data,100.0,No,,Regular,Yes
OFF001708,5828-AVIPD,2025-05-04,30% Discount,20.19,No,,Regular,Yes
OFF001709,5828-AVIPD,2025-10-28,Loyalty Reward,0.0,Yes,2025-10-28,Regular,Yes
OFF001710,1086-LXKFY,2024-09-20,Premium Support,0.0,Yes,2024-09-27,New,Yes
OFF001711,1086-LXKFY,2023-08-21,Loyalty Reward,0.0,Yes,2023-08-22,New,Yes
OFF001712,2636-ALXXZ,2023-01-10,Free Installation,0.0,Yes,2023-01-16,New,Yes
OFF001713,7774-OJSXI,2023-09-17,Loyalty Reward,0.0,Yes,2023-09-21,Regular,Yes
OFF001714,7774-OJSXI,2024-10-12,Free 3 Months Streaming,0.0,No,,Regular,Yes
OFF001715,7786-WBJYI,2023-06-21,Premium Support,0.0,No,,New,Yes
OFF001716,7786-WBJYI,2025-11-22,Free Installation,0.0,Yes,2025-11-28,New,Yes
OFF001717,7786-WBJYI,2023-01-02,10% Discount,7.8,No,,New,Yes
OFF001718,9885-CSMWE,2023-08-20,Loyalty Reward,0.0,No,,New,Yes
OFF001719,5016-ETTFF,2025-12-17,Loyalty Reward,0.0,No,,New,Yes
OFF001720,5016-ETTFF,2024-10-28,Free Installation,0.0,No,,New,Yes
OFF001721,5016-ETTFF,2023-04-28,Cashback ₹500,500.0,No,,New,Yes
OFF001722,3866-MDTUB,2024-08-11,Cashback ₹500,500.0,Yes,2024-08-12,New,Yes
OFF001723,3866-MDTUB,2025-02-14,Free Upgrade,0.0,No,,New,Yes
OFF001724,3866-MDTUB,2023-12-02,Cashback ₹500,500.0,Yes,2023-12-04,New,Yes
OFF001725,8058-JMEQO,2025-10-16,Free Installation,0.0,No,,New,Yes
OFF001726,8058-JMEQO,2024-07-15,Extra 100GB Data,100.0,No,,New,Yes
OFF001727,0697-ZMSWS,2024-01-28,Premium Support,0.0,Yes,2024-01-28,New,Yes
OFF001728,0697-ZMSWS,2024-03-16,Free Upgrade,0.0,Yes,2024-03-19,New,Yes
OFF001729,7657-DYEPJ,2024-01-03,20% Discount,21.05,No,,Loyal,Yes
OFF001730,7657-DYEPJ,2024-04-10,Premium Support,0.0,No,,Loyal,Yes
OFF001731,8276-MQBYC,2024-12-15,10% Discount,19.56,Yes,2024-12-17,Loyal,Yes
OFF001732,8276-MQBYC,2025-02-04,Free Upgrade,0.0,No,,Loyal,Yes
OFF001733,8276-MQBYC,2025-03-23,Extra 100GB Data,100.0,No,,Loyal,Yes
OFF001734,7593-XFKDI,2023-03-16,20% Discount,13.89,Yes,2023-03-19,New,Yes
OFF001735,7593-XFKDI,2024-08-01,30% Discount,4.63,No,,New,Yes
OFF001736,7593-XFKDI,2025-06-26,Loyalty Reward,0.0,Yes,2025-06-28,New,Yes
OFF001737,0337-CNPZE,2025-10-11,Free 3 Months Streaming,0.0,Yes,2025-10-18,Loyal,Yes
OFF001738,0337-CNPZE,2023-03-16,10% Discount,21.26,No,,Loyal,Yes
OFF001739,0337-CNPZE,2025-04-14,Free Upgrade,0.0,Yes,2025-04-16,Loyal,Yes
OFF001740,1513-XNPPH,2025-10-13,Free 3 Months Streaming,0.0,Yes,2025-10-17,Regular,Yes
OFF001741,1513-XNPPH,2024-09-19,Free 3 Months Streaming,0.0,No,,Regular,Yes
OFF001742,1513-XNPPH,2023-01-01,Free 3 Months Streaming,0.0,Yes,2023-01-06,Regular,Yes
OFF001743,6015-VVHHE,2024-12-19,Free 3 Months Streaming,0.0,Yes,2024-12-26,New,Yes
OFF001744,6347-DCUIK,2024-11-25,Premium Support,0.0,No,,New,Yes
OFF001745,6347-DCUIK,2025-06-20,Premium Support,0.0,No,,New,Yes
OFF001746,0897-FEGMU,2024-03-25,Loyalty Reward,0.0,Yes,2024-03-28,New,Yes
OFF001747,0897-FEGMU,2024-06-18,Loyalty Reward,0.0,Yes,2024-06-25,New,Yes
OFF001748,7663-RGWBC,2025-05-23,30% Discount,13.24,No,,New,Yes
OFF001749,7663-RGWBC,2025-03-12,Cashback ₹500,500.0,No,,New,Yes
OFF001750,1120-BMWUB,2023-01-08,30% Discount,16.17,No,,Regular,Yes
OFF001751,1120-BMWUB,2025-02-27,Free 3 Months Streaming,0.0,Yes,2025-02-28,Regular,Yes
OFF001752,9124-LHCJQ,2025-09-06,10% Discount,8.54,No,,New,Yes
OFF001753,9124-LHCJQ,2023-10-19,Free Upgrade,0.0,Yes,2023-10-25,New,Yes
OFF001754,2235-ZGKPT,2024-07-26,20% Discount,5.09,No,,New,Yes
OFF001755,3891-PUQOD,2025-10-01,Free 3 Months Streaming,0.0,Yes,2025-10-02,New,Yes
OFF001756,3891-PUQOD,2024-03-02,Free Upgrade,0.0,Yes,2024-03-05,New,Yes
OFF001757,0689-NKYLF,2023-02-16,Free 3 Months Streaming,0.0,No,,Regular,Yes
OFF001758,0689-NKYLF,2024-08-25,Free 3 Months Streaming,0.0,No,,Regular,Yes
OFF001759,0689-NKYLF,2025-06-17,Extra 100GB Data,100.0,Yes,2025-06-20,Regular,Yes
OFF001760,3658-KIBGF,2025-12-15,Premium Support,0.0,No,,New,Yes
OFF001761,3658-KIBGF,2023-12-16,20% Discount,10.98,No,,New,Yes
OFF001762,5519-YLDGW,2023-11-28,30% Discount,31.17,No,,Regular,Yes
OFF001763,5519-YLDGW,2023-05-28,Premium Support,0.0,No,,Regular,Yes
OFF001764,4946-EDSEW,2023-01-05,Free 3 Months Streaming,0.0,Yes,2023-01-12,New,Yes
OFF001765,4946-EDSEW,2023-07-19,Loyalty Reward,0.0,No,,New,Yes
OFF001766,2516-VQRRV,2024-03-27,Premium Support,0.0,No,,New,Yes
OFF001767,2516-VQRRV,2023-08-14,Loyalty Reward,0.0,No,,New,Yes
OFF001768,2516-VQRRV,2024-01-26,Cashback ₹500,500.0,Yes,2024-01-27,New,Yes
OFF001769,7580-UGXNC,2023-12-04,Premium Support,0.0,Yes,2023-12-11,New,Yes
OFF001770,5178-LMXOP,2023-06-17,Extra 100GB Data,100.0,No,,New,Yes
OFF001771,8185-UPYBR,2023-08-20,30% Discount,22.65,Yes,2023-08-25,New,Yes
OFF001772,4585-HETAI,2023-12-16,Loyalty Reward,0.0,Yes,2023-12-17,New,Yes
OFF001773,4585-HETAI,2024-02-03,Extra 100GB Data,100.0,No,,New,Yes
OFF001774,7526-BEZQB,2025-01-17,Free 3 Months Streaming,0.0,No,,Regular,Yes
OFF001775,7526-BEZQB,2024-11-25,Premium Support,0.0,Yes,2024-11-27,Regular,Yes
OFF001776,7526-BEZQB,2024-12-08,Loyalty Reward,0.0,No,,Regular,Yes
OFF001777,4951-UKAAQ,2025-06-23,Free Installation,0.0,No,,New,Yes
OFF001778,2108-YKQTY,2023-05-21,Premium Support,0.0,Yes,2023-05-25,New,Yes
OFF001779,2108-YKQTY,2025-05-05,Extra 100GB Data,100.0,No,,New,Yes
OFF001780,4918-QLLIW,2023-04-03,Free Upgrade,0.0,Yes,2023-04-09,New,Yes
OFF001781,4918-QLLIW,2024-05-28,Free Upgrade,0.0,No,,New,Yes
OFF001782,7056-IMHCC,2024-01-16,Free Upgrade,0.0,No,,Loyal,Yes
OFF001783,7056-IMHCC,2023-02-28,Free Upgrade,0.0,No,,Loyal,Yes
OFF001784,7056-IMHCC,2024-03-18,20% Discount,10.19,Yes,2024-03-23,Loyal,Yes
OFF001785,1625-JAIIY,2024-01-08,Cashback ₹500,500.0,No,,Loyal,Yes
OFF001786,2947-DOMLJ,2023-02-04,20% Discount,5.06,Yes,2023-02-05,New,Yes
OFF001787,4112-LUEIZ,2025-03-11,20% Discount,8.95,Yes,2025-03-14,New,Yes
OFF001788,4112-LUEIZ,2024-06-18,Premium Support,0.0,No,,New,Yes
OFF001789,4112-LUEIZ,2024-02-25,Loyalty Reward,0.0,Yes,2024-02-26,New,Yes
OFF001790,4510-HIMLV,2023-10-28,Loyalty Reward,0.0,No,,New,Yes
OFF001791,8749-JMNKX,2024-05-28,Free Upgrade,0.0,No,,Loyal,Yes
OFF001792,8749-JMNKX,2025-06-11,Free Installation,0.0,Yes,2025-06-12,Loyal,Yes
OFF001793,8749-JMNKX,2023-10-18,Cashback ₹500,500.0,Yes,2023-10-22,Loyal,Yes
OFF001794,2430-USGXP,2025-08-20,30% Discount,30.31,Yes,2025-08-24,Regular,Yes
OFF001795,2430-USGXP,2025-08-22,30% Discount,10.11,No,,Regular,Yes
OFF001796,5955-ERIHD,2025-07-17,Premium Support,0.0,Yes,2025-07-22,Regular,Yes
OFF001797,0917-EZOLA,2024-01-05,10% Discount,20.83,No,,Loyal,Yes
OFF001798,5949-EBSQK,2024-09-24,Premium Support,0.0,No,,New,Yes
OFF001799,5949-EBSQK,2024-10-16,20% Discount,6.15,Yes,2024-10-17,New,Yes
OFF001800,5949-EBSQK,2023-01-07,10% Discount,12.29,Yes,2023-01-13,New,Yes
OFF001801,7274-RTAPZ,2024-03-20,Extra 100GB Data,100.0,No,,New,Yes
OFF001802,0311-UNPFF,2024-04-17,Extra 100GB Data,100.0,No,,Regular,Yes
OFF001803,0311-UNPFF,2023-08-24,10% Discount,8.88,No,,Regular,Yes
OFF001804,3834-XUIFC,2024-12-09,20% Discount,17.04,No,,New,Yes
OFF001805,3834-XUIFC,2023-04-10,Free 3 Months Streaming,0.0,No,,New,Yes
OFF001806,3834-XUIFC,2025-02-25,Extra 100GB Data,100.0,No,,New,Yes
OFF001807,8414-MYSHR,2025-09-01,Loyalty Reward,0.0,Yes,2025-09-08,New,Yes
OFF001808,7599-FKVXZ,2024-12-24,Cashback ₹500,500.0,No,,Loyal,Yes
OFF001809,8229-TNIQA,2023-02-11,20% Discount,4.53,No,,New,Yes
OFF001810,8229-TNIQA,2025-08-11,Free Upgrade,0.0,No,,New,Yes
OFF001811,8229-TNIQA,2025-09-05,30% Discount,9.06,No,,New,Yes
OFF001812,6221-AVQYL,2024-12-14,20% Discount,14.65,Yes,2024-12-21,New,Yes
OFF001813,6221-AVQYL,2024-12-18,10% Discount,7.33,Yes,2024-12-21,New,Yes
OFF001814,7743-EXURX,2023-05-11,30% Discount,5.11,Yes,2023-05-14,New,Yes
OFF001815,7743-EXURX,2025-07-10,Cashback ₹500,500.0,No,,New,Yes
OFF001816,5569-KGJHX,2025-10-14,Loyalty Reward,0.0,No,,New,Yes
OFF001817,4988-IQIGL,2025-11-28,Free 3 Months Streaming,0.0,No,,New,Yes
OFF001818,7730-IUTDZ,2023-02-23,Extra 100GB Data,100.0,No,,Loyal,Yes
OFF001819,7730-IUTDZ,2023-08-06,Loyalty Reward,0.0,No,,Loyal,Yes
OFF001820,0426-TIRNE,2025-01-18,Free Upgrade,0.0,No,,New,Yes
OFF001821,0426-TIRNE,2025-04-28,Free 3 Months Streaming,0.0,No,,New,Yes
OFF001822,7587-RZNME,2025-11-27,10% Discount,8.66,No,,New,Yes
OFF001823,0748-RDGGM,2025-10-16,Free 3 Months Streaming,0.0,No,,Loyal,Yes
OFF001824,0748-RDGGM,2025-02-04,20% Discount,10.95,No,,Loyal,Yes
OFF001825,0748-RDGGM,2025-08-21,Premium Support,0.0,No,,Loyal,Yes
OFF001826,4706-AXVKM,2025-02-17,Loyalty Reward,0.0,No,,New,Yes
OFF001827,5889-JTMUL,2024-08-05,Premium Support,0.0,No,,Loyal,Yes
OFF001828,5889-JTMUL,2023-05-24,10% Discount,28.51,No,,Loyal,Yes
OFF001829,5889-JTMUL,2025-01-22,30% Discount,19.01,Yes,2025-01-23,Loyal,Yes
OFF001830,9026-RNUJS,2023-10-19,Premium Support,0.0,No,,New,Yes
OFF001831,9026-RNUJS,2024-03-13,Extra 100GB Data,100.0,Yes,2024-03-20,New,Yes
OFF001832,3746-EUBYR,2024-05-04,10% Discount,7.46,Yes,2024-05-09,New,Yes
OFF001833,2332-EFBJY,2024-06-01,10% Discount,3.94,No,,Regular,Yes
OFF001834,2332-EFBJY,2023-04-07,30% Discount,3.94,No,,Regular,Yes
OFF001835,9474-PHLYD,2025-01-23,Premium Support,0.0,No,,Regular,Yes
OFF001836,9474-PHLYD,2023-06-13,30% Discount,17.84,Yes,2023-06-17,Regular,Yes
OFF001837,9474-PHLYD,2023-04-23,Loyalty Reward,0.0,No,,Regular,Yes
OFF001838,2165-VOEGB,2023-07-21,30% Discount,21.04,No,,Loyal,Yes
OFF001839,2165-VOEGB,2024-07-07,Extra 100GB Data,100.0,No,,Loyal,Yes
OFF001840,2165-VOEGB,2025-01-07,30% Discount,21.04,No,,Loyal,Yes
OFF001841,2219-MVUSO,2024-03-25,Cashback ₹500,500.0,No,,New,Yes
OFF001842,8914-RBTSB,2023-09-05,10% Discount,28.14,No,,Regular,Yes
OFF001843,8914-RBTSB,2024-04-25,30% Discount,28.14,No,,Regular,Yes
OFF001844,0963-ZBDRN,2023-09-03,Free Upgrade,0.0,Yes,2023-09-10,Regular,Yes
OFF001845,0963-ZBDRN,2024-01-10,30% Discount,9.62,Yes,2024-01-17,Regular,Yes
OFF001846,0963-ZBDRN,2025-04-09,Loyalty Reward,0.0,No,,Regular,Yes
OFF001847,7594-RQHXR,2024-09-04,Free Installation,0.0,Yes,2024-09-09,New,Yes
OFF001848,7594-RQHXR,2024-09-12,Cashback ₹500,500.0,Yes,2024-09-16,New,Yes
OFF001849,6331-EWIEB,2024-06-24,10% Discount,8.53,Yes,2024-06-28,Regular,Yes
OFF001850,6331-EWIEB,2025-10-09,10% Discount,8.53,Yes,2025-10-16,Regular,Yes
OFF001851,6331-EWIEB,2023-07-02,10% Discount,17.05,No,,Regular,Yes
OFF001852,5998-VVEJY,2025-06-15,Extra 100GB Data,100.0,Yes,2025-06-19,Regular,Yes
OFF001853,5998-VVEJY,2024-03-07,10% Discount,16.1,Yes,2024-03-14,Regular,Yes
OFF001854,1624-NALOJ,2023-08-22,Free Installation,0.0,No,,New,Yes
OFF001855,1624-NALOJ,2024-03-22,Free Installation,0.0,Yes,2024-03-23,New,Yes
OFF001856,1624-NALOJ,2024-12-05,30% Discount,17.96,Yes,2024-12-07,New,Yes
OFF001857,4317-VTEOA,2025-10-02,20% Discount,15.22,Yes,2025-10-04,New,Yes
OFF001858,4317-VTEOA,2023-11-10,10% Discount,15.22,Yes,2023-11-13,New,Yes
OFF001859,1670-SVOWZ,2025-02-02,Premium Support,0.0,Yes,2025-02-06,Regular,Yes
OFF001860,1670-SVOWZ,2023-05-10,10% Discount,26.89,No,,Regular,Yes
OFF001861,1670-SVOWZ,2025-10-11,Premium Support,0.0,Yes,2025-10-16,Regular,Yes
OFF001862,7541-YLXCL,2024-09-18,Premium Support,0.0,No,,Loyal,Yes
OFF001863,7541-YLXCL,2023-02-25,Premium Support,0.0,Yes,2023-02-28,Loyal,Yes
OFF001864,0260-ZDLGK,2023-09-08,Extra 100GB Data,100.0,Yes,2023-09-12,New,Yes
OFF001865,0260-ZDLGK,2023-09-22,Free Installation,0.0,Yes,2023-09-23,New,Yes
OFF001866,8722-NGNBH,2024-09-18,30% Discount,4.0,No,,New,Yes
OFF001867,6210-KBBPI,2024-06-18,Free Upgrade,0.0,No,,New,Yes
OFF001868,6210-KBBPI,2024-06-12,Free 3 Months Streaming,0.0,No,,New,Yes
OFF001869,0133-BMFZO,2024-02-23,Cashback ₹500,500.0,Yes,2024-02-28,New,Yes
OFF001870,0133-BMFZO,2025-11-21,Cashback ₹500,500.0,No,,New,Yes
OFF001871,0133-BMFZO,2025-02-16,Free 3 Months Streaming,0.0,No,,New,Yes
OFF001872,6128-CZOMY,2025-11-04,20% Discount,4.57,Yes,2025-11-10,New,Yes
OFF001873,6128-CZOMY,2023-12-13,Loyalty Reward,0.0,Yes,2023-12-16,New,Yes
OFF001874,9540-JYROE,2025-03-21,Extra 100GB Data,100.0,No,,New,Yes
OFF001875,9540-JYROE,2024-12-03,30% Discount,7.01,Yes,2024-12-10,New,Yes
OFF001876,9540-JYROE,2025-03-21,30% Discount,14.02,No,,New,Yes
OFF001877,2260-USTRB,2024-07-17,30% Discount,14.04,No,,New,Yes
OFF001878,3656-TKRVZ,2024-04-02,20% Discount,11.07,No,,New,Yes
OFF001879,8623-TMRBY,2023-12-08,Free Installation,0.0,No,,Loyal,Yes
OFF001880,8623-TMRBY,2023-02-03,Cashback ₹500,500.0,No,,Loyal,Yes
OFF001881,1501-SGHBW,2025-03-24,Extra 100GB Data,100.0,Yes,2025-03-28,New,Yes
OFF001882,1501-SGHBW,2025-02-22,Cashback ₹500,500.0,No,,New,Yes
OFF001883,3208-YPIOE,2025-03-12,Loyalty Reward,0.0,Yes,2025-03-16,Loyal,Yes
OFF001884,2612-RANWT,2023-08-12,Free Installation,0.0,No,,Regular,Yes
OFF001885,2612-RANWT,2023-06-25,Loyalty Reward,0.0,No,,Regular,Yes
OFF001886,6900-PXRMS,2023-11-23,Extra 100GB Data,100.0,Yes,2023-11-25,Regular,Yes
OFF001887,3346-BRMIS,2024-05-26,Free 3 Months Streaming,0.0,Yes,2024-05-28,Regular,Yes
OFF001888,3346-BRMIS,2023-08-01,Free Upgrade,0.0,No,,Regular,Yes
OFF001889,3346-BRMIS,2024-07-06,Extra 100GB Data,100.0,No,,Regular,Yes
OFF001890,2933-FILNV,2024-03-08,Extra 100GB Data,100.0,Yes,2024-03-11,New,Yes
OFF001891,2933-FILNV,2024-02-11,20% Discount,7.32,Yes,2024-02-13,New,Yes
OFF001892,2933-FILNV,2023-03-02,Free Upgrade,0.0,No,,New,Yes
OFF001893,9986-BONCE,2024-02-15,30% Discount,4.19,Yes,2024-02-21,New,Yes
OFF001894,9986-BONCE,2023-03-24,Free 3 Months Streaming,0.0,No,,New,Yes
OFF001895,2722-JMONI,2025-07-07,Free 3 Months Streaming,0.0,No,,New,Yes
OFF001896,2722-JMONI,2023-09-19,Free Upgrade,0.0,Yes,2023-09-25,New,Yes
OFF001897,2722-JMONI,2023-06-08,Free Installation,0.0,No,,New,Yes
OFF001898,4083-EUGRJ,2023-03-21,Free 3 Months Streaming,0.0,Yes,2023-03-27,New,Yes
OFF001899,7579-OOPEC,2025-06-17,Free Upgrade,0.0,Yes,2025-06-20,New,Yes
OFF001900,1771-OADNZ,2025-12-03,Loyalty Reward,0.0,Yes,2025-12-10,Regular,Yes
OFF001901,1771-OADNZ,2023-03-27,Free Upgrade,0.0,No,,Regular,Yes
OFF001902,0612-RTZZA,2024-08-28,Free Installation,0.0,No,,New,Yes
OFF001903,0612-RTZZA,2023-11-16,Free Installation,0.0,No,,New,Yes
OFF001904,6410-LEFEN,2025-01-23,Free Installation,0.0,Yes,2025-01-28,New,Yes
OFF001905,6410-LEFEN,2025-09-07,Loyalty Reward,0.0,No,,New,Yes
OFF001906,3194-ORPIK,2023-07-01,Cashback ₹500,500.0,Yes,2023-07-07,Loyal,Yes
OFF001907,8816-VXNZD,2025-04-25,10% Discount,15.02,Yes,2025-04-28,New,Yes
OFF001908,8816-VXNZD,2025-06-03,Loyalty Reward,0.0,Yes,2025-06-05,New,Yes
OFF001909,8816-VXNZD,2023-09-23,30% Discount,15.02,No,,New,Yes
OFF001910,9378-FXTIZ,2023-02-03,Cashback ₹500,500.0,Yes,2023-02-08,Loyal,Yes
OFF001911,1723-HKXJQ,2023-05-23,30% Discount,20.35,No,,Loyal,Yes
OFF001912,1723-HKXJQ,2024-04-13,Premium Support,0.0,Yes,2024-04-16,Loyal,Yes
OFF001913,1723-HKXJQ,2023-04-15,Cashback ₹500,500.0,Yes,2023-04-19,Loyal,Yes
OFF001914,7825-GKXMW,2025-02-14,30% Discount,13.74,Yes,2025-02-20,New,Yes
OFF001915,7825-GKXMW,2025-03-12,Loyalty Reward,0.0,No,,New,Yes
OFF001916,1240-KNSEZ,2024-12-12,Extra 100GB Data,100.0,No,,New,Yes
OFF001917,1240-KNSEZ,2023-12-07,Loyalty Reward,0.0,No,,New,Yes
OFF001918,0836-SEYLU,2023-01-01,20% Discount,4.07,No,,New,Yes
OFF001919,0836-SEYLU,2023-04-18,Free 3 Months Streaming,0.0,No,,New,Yes
OFF001920,0836-SEYLU,2023-04-11,Premium Support,0.0,Yes,2023-04-14,New,Yes
OFF001921,4433-JCGCG,2023-01-17,Free 3 Months Streaming,0.0,No,,Loyal,Yes
OFF001922,4433-JCGCG,2024-10-26,Extra 100GB Data,100.0,No,,Loyal,Yes
OFF001923,4433-JCGCG,2023-09-06,30% Discount,10.1,Yes,2023-09-10,Loyal,Yes
OFF001924,3716-BDVDB,2023-01-07,Extra 100GB Data,100.0,No,,New,Yes
OFF001925,3716-BDVDB,2025-09-24,Free Installation,0.0,Yes,2025-09-28,New,Yes
OFF001926,3716-BDVDB,2024-09-03,Free Installation,0.0,No,,New,Yes
OFF001927,5899-MQZZL,2025-04-16,Premium Support,0.0,Yes,2025-04-19,Regular,Yes
OFF001928,5899-MQZZL,2024-04-10,Cashback ₹500,500.0,No,,Regular,Yes
OFF001929,6849-OYAMU,2025-02-08,Cashback ₹500,500.0,No,,Regular,Yes
OFF001930,9488-HGMJH,2023-12-15,Cashback ₹500,500.0,No,,New,Yes
OFF001931,9488-HGMJH,2023-11-27,Free 3 Months Streaming,0.0,No,,New,Yes
OFF001932,6038-GCYEC,2023-12-16,Free Installation,0.0,Yes,2023-12-17,Regular,Yes
OFF001933,1150-WFARN,2024-10-02,Premium Support,0.0,Yes,2024-10-08,Loyal,Yes
OFF001934,1150-WFARN,2023-06-03,Free Installation,0.0,Yes,2023-06-08,Loyal,Yes
OFF001935,3144-AUDBS,2023-02-01,Free Installation,0.0,Yes,2023-02-03,New,Yes
OFF001936,3144-AUDBS,2023-08-01,Premium Support,0.0,Yes,2023-08-02,New,Yes
OFF001937,3144-AUDBS,2024-04-11,Cashback ₹500,500.0,No,,New,Yes
OFF001938,5616-PRTNT,2023-10-19,Loyalty Reward,0.0,No,,Regular,Yes
OFF001939,4818-QIUFN,2024-03-09,Free 3 Months Streaming,0.0,No,,Regular,Yes
OFF001940,6961-VCPMC,2023-12-07,Premium Support,0.0,Yes,2023-12-14,Loyal,Yes
OFF001941,6961-VCPMC,2023-02-01,Extra 100GB Data,100.0,No,,Loyal,Yes
OFF001942,6961-VCPMC,2024-07-20,Free Installation,0.0,No,,Loyal,Yes
OFF001943,6688-UZPWD,2024-08-14,10% Discount,30.6,No,,New,Yes
OFF001944,6688-UZPWD,2024-11-07,Free Installation,0.0,No,,New,Yes
OFF001945,6688-UZPWD,2024-06-14,Cashback ₹500,500.0,No,,New,Yes
OFF001946,2839-RFSQE,2025-09-11,Free Upgrade,0.0,Yes,2025-09-13,New,Yes
OFF001947,2839-RFSQE,2023-03-21,Cashback ₹500,500.0,No,,New,Yes
OFF001948,2839-RFSQE,2024-12-24,Free Installation,0.0,No,,New,Yes
OFF001949,0968-GSIKN,2023-04-24,Loyalty Reward,0.0,No,,New,Yes
OFF001950,0968-GSIKN,2024-02-10,Free Installation,0.0,No,,New,Yes
OFF001951,1965-DDBWU,2024-02-22,Free 3 Months Streaming,0.0,No,,Regular,Yes
OFF001952,9057-SIHCH,2023-02-14,Premium Support,0.0,No,,New,Yes
OFF001953,9057-SIHCH,2023-08-18,Premium Support,0.0,Yes,2023-08-25,New,Yes
OFF001954,6771-XWBDM,2025-08-18,Free Installation,0.0,No,,Loyal,Yes
OFF001955,6771-XWBDM,2023-05-11,Loyalty Reward,0.0,Yes,2023-05-16,Loyal,Yes
OFF001956,6771-XWBDM,2023-01-02,30% Discount,20.9,No,,Loyal,Yes
OFF001957,8601-QACRS,2023-05-09,Loyalty Reward,0.0,Yes,2023-05-11,New,Yes
OFF001958,2391-SOORI,2025-03-24,30% Discount,14.8,No,,New,Yes
OFF001959,2391-SOORI,2025-01-08,Free Upgrade,0.0,No,,New,Yes
OFF001960,2391-SOORI,2023-11-02,Loyalty Reward,0.0,No,,New,Yes
OFF001961,2645-QTLMB,2023-09-25,Extra 100GB Data,100.0,Yes,2023-09-28,New,Yes
OFF001962,2645-QTLMB,2023-07-11,Extra 100GB Data,100.0,No,,New,Yes
OFF001963,2645-QTLMB,2025-04-28,Extra 100GB Data,100.0,No,,New,Yes
OFF001964,4806-HIPDW,2025-08-08,Free 3 Months Streaming,0.0,Yes,2025-08-15,New,Yes
OFF001965,4806-HIPDW,2024-07-07,Cashback ₹500,500.0,Yes,2024-07-12,New,Yes
OFF001966,4806-HIPDW,2024-10-10,Premium Support,0.0,No,,New,Yes
OFF001967,4424-TKOPW,2023-12-22,Loyalty Reward,0.0,No,,New,Yes
OFF001968,8443-ZRDBZ,2023-04-06,Premium Support,0.0,No,,New,Yes
OFF001969,9136-ALYBR,2025-06-06,20% Discount,7.33,No,,New,Yes
OFF001970,7479-NITWS,2024-02-01,Cashback ₹500,500.0,Yes,2024-02-02,New,Yes
OFF001971,7479-NITWS,2024-06-08,Free Upgrade,0.0,No,,New,Yes
OFF001972,7479-NITWS,2023-02-05,Free Installation,0.0,Yes,2023-02-10,New,Yes
OFF001973,2959-MJHIC,2024-03-09,30% Discount,24.1,Yes,2024-03-13,New,Yes
OFF001974,4201-JMNGR,2023-07-11,Loyalty Reward,0.0,No,,New,Yes
OFF001975,4201-JMNGR,2025-06-08,Free Installation,0.0,No,,New,Yes
OFF001976,4201-JMNGR,2023-09-25,30% Discount,5.58,No,,New,Yes
OFF001977,5960-WPXQM,2023-08-01,Free 3 Months Streaming,0.0,Yes,2023-08-04,New,Yes
OFF001978,5960-WPXQM,2024-01-26,Free 3 Months Streaming,0.0,No,,New,Yes
OFF001979,5960-WPXQM,2025-01-17,Free 3 Months Streaming,0.0,No,,New,Yes
OFF001980,0684-AOSIH,2025-01-22,Free Upgrade,0.0,No,,New,Yes
OFF001981,0684-AOSIH,2023-03-24,Loyalty Reward,0.0,Yes,2023-03-28,New,Yes
OFF001982,8260-NGFNY,2023-05-08,10% Discount,2.52,No,,New,Yes
OFF001983,8260-NGFNY,2025-05-07,Loyalty Reward,0.0,No,,New,Yes
OFF001984,8260-NGFNY,2025-10-01,Free Upgrade,0.0,No,,New,Yes
OFF001985,1866-RZZQS,2023-01-26,Free Installation,0.0,No,,Loyal,Yes
OFF001986,1866-RZZQS,2025-12-23,Free 3 Months Streaming,0.0,Yes,2025-12-28,Loyal,Yes
OFF001987,8631-NBHFZ,2024-05-20,Free 3 Months Streaming,0.0,Yes,2024-05-25,Loyal,Yes
OFF001988,8631-NBHFZ,2024-01-22,Free Installation,0.0,Yes,2024-01-28,Loyal,Yes
OFF001989,4958-XCBDQ,2025-04-02,Free Installation,0.0,No,,Regular,Yes
OFF001990,8337-UPOAQ,2024-02-25,Loyalty Reward,0.0,No,,New,Yes
OFF001991,8337-UPOAQ,2024-03-25,30% Discount,17.96,No,,New,Yes
OFF001992,8337-UPOAQ,2024-05-08,Free Installation,0.0,No,,New,Yes
OFF001993,1725-IQNIY,2024-10-11,30% Discount,32.92,No,,Loyal,Yes
OFF001994,6598-RFFVI,2024-04-13,Cashback ₹500,500.0,Yes,2024-04-14,New,Yes
OFF001995,6598-RFFVI,2024-10-10,Free 3 Months Streaming,0.0,Yes,2024-10-13,New,Yes
OFF001996,6712-OAWRH,2023-12-19,30% Discount,9.12,No,,Regular,Yes
OFF001997,6712-OAWRH,2025-11-04,Extra 100GB Data,100.0,Yes,2025-11-09,Regular,Yes
OFF001998,6712-OAWRH,2024-11-11,30% Discount,18.25,No,,Regular,Yes
OFF001999,8614-VGMMV,2023-03-12,Loyalty Reward,0.0,No,,Regular,Yes
OFF002000,8614-VGMMV,2023-07-28,Cashback ₹500,500.0,No,,Regular,Yes
OFF002001,2930-UOTMB,2023-12-12,10% Discount,13.05,No,,Regular,Yes
OFF002002,2930-UOTMB,2024-02-25,Loyalty Reward,0.0,Yes,2024-02-28,Regular,Yes
OFF002003,2930-UOTMB,2024-04-17,Extra 100GB Data,100.0,No,,Regular,Yes
OFF002004,5914-DVBWJ,2024-08-27,Loyalty Reward,0.0,Yes,2024-08-28,Regular,Yes
OFF002005,2533-QVMSK,2023-09-21,20% Discount,28.23,No,,Loyal,Yes
OFF002006,8644-XLFBW,2025-01-08,Free 3 Months Streaming,0.0,No,,New,Yes
OFF002007,8644-XLFBW,2023-06-18,Extra 100GB Data,100.0,Yes,2023-06-22,New,Yes
OFF002008,8625-AZYZY,2024-08-13,Loyalty Reward,0.0,No,,Regular,Yes
OFF002009,9306-CPCBC,2023-11-13,10% Discount,7.43,No,,New,Yes
OFF002010,1833-VGRUM,2023-12-19,Loyalty Reward,0.0,No,,New,Yes
OFF002011,1833-VGRUM,2023-07-12,Free Installation,0.0,Yes,2023-07-14,New,Yes
OFF002012,1833-VGRUM,2025-09-03,Cashback ₹500,500.0,Yes,2025-09-06,New,Yes
OFF002013,8374-XGEJJ,2024-01-04,20% Discount,30.3,No,,Loyal,Yes
OFF002014,8374-XGEJJ,2024-03-01,Premium Support,0.0,No,,Loyal,Yes
OFF002015,8374-XGEJJ,2023-04-28,Loyalty Reward,0.0,No,,Loyal,Yes
OFF002016,2656-TABEH,2025-09-12,Extra 100GB Data,100.0,Yes,2025-09-17,New,Yes
OFF002017,6946-LMSQS,2024-03-10,Extra 100GB Data,100.0,No,,Regular,Yes
OFF002018,6946-LMSQS,2025-07-24,10% Discount,8.9,No,,Regular,Yes
OFF002019,2325-ZUSFD,2024-09-05,Cashback ₹500,500.0,No,,Loyal,Yes
OFF002020,2325-ZUSFD,2023-11-10,Free 3 Months Streaming,0.0,No,,Loyal,Yes
OFF002021,3932-CMDTD,2025-01-04,Free Upgrade,0.0,No,,New,Yes
OFF002022,4039-HEUNW,2024-12-02,Loyalty Reward,0.0,No,,Loyal,Yes
OFF002023,4039-HEUNW,2024-05-06,Loyalty Reward,0.0,No,,Loyal,Yes
OFF002024,0812-WUPTB,2024-05-19,Free Installation,0.0,No,,New,Yes
OFF002025,3594-UVONA,2025-09-06,Free Installation,0.0,No,,Regular,Yes
OFF002026,3594-UVONA,2025-07-17,Cashback ₹500,500.0,No,,Regular,Yes
OFF002027,3594-UVONA,2025-04-09,Free Installation,0.0,No,,Regular,Yes
OFF002028,0004-TLHLJ,2025-07-27,10% Discount,14.78,Yes,2025-07-28,New,Yes
OFF002029,0004-TLHLJ,2025-01-09,Premium Support,0.0,No,,New,Yes
OFF002030,0004-TLHLJ,2024-05-21,Free Installation,0.0,Yes,2024-05-22,New,Yes
OFF002031,5089-IFSDP,2025-10-19,10% Discount,32.84,No,,Loyal,Yes
OFF002032,5089-IFSDP,2025-02-12,Premium Support,0.0,No,,Loyal,Yes
OFF002033,5089-IFSDP,2024-12-27,30% Discount,21.89,No,,Loyal,Yes
OFF002034,4817-VYYWS,2023-02-15,20% Discount,20.04,Yes,2023-02-16,Regular,Yes
OFF002035,4817-VYYWS,2023-09-16,Free Upgrade,0.0,No,,Regular,Yes
OFF002036,4817-VYYWS,2025-11-09,Free Upgrade,0.0,No,,Regular,Yes
OFF002037,1396-QWFBJ,2023-02-18,20% Discount,22.21,No,,Regular,Yes
OFF002038,1396-QWFBJ,2025-09-20,20% Discount,14.81,No,,Regular,Yes
OFF002039,5299-SJCZT,2025-12-19,Cashback ₹500,500.0,No,,New,Yes
OFF002040,5299-SJCZT,2024-07-21,Free 3 Months Streaming,0.0,Yes,2024-07-28,New,Yes
OFF002041,2403-BCASL,2025-05-24,Free Upgrade,0.0,No,,Loyal,Yes
OFF002042,2403-BCASL,2023-03-18,Premium Support,0.0,Yes,2023-03-21,Loyal,Yes
OFF002043,2403-BCASL,2023-01-10,20% Discount,11.2,No,,Loyal,Yes
OFF002044,2898-LSJGD,2025-08-09,Free Upgrade,0.0,No,,Regular,Yes
OFF002045,2898-LSJGD,2024-05-11,10% Discount,5.6,Yes,2024-05-18,Regular,Yes
OFF002046,2898-LSJGD,2025-02-28,Free Installation,0.0,Yes,2025-02-28,Regular,Yes
OFF002047,7359-PTSXY,2023-08-23,Extra 100GB Data,100.0,No,,New,Yes
OFF002048,7359-PTSXY,2025-07-26,Extra 100GB Data,100.0,Yes,2025-07-28,New,Yes
OFF002049,4503-BDXBD,2023-07-04,30% Discount,22.48,No,,New,Yes
OFF002050,4503-BDXBD,2024-04-19,Premium Support,0.0,Yes,2024-04-26,New,Yes
OFF002051,6086-ESGRL,2023-12-02,10% Discount,24.05,Yes,2023-12-09,New,Yes
OFF002052,3886-CERTZ,2024-11-01,Free Installation,0.0,Yes,2024-11-05,Loyal,Yes
OFF002053,5759-RCVCB,2023-12-22,Loyalty Reward,0.0,Yes,2023-12-28,New,Yes
OFF002054,5759-RCVCB,2024-06-10,Extra 100GB Data,100.0,No,,New,Yes
OFF002055,6372-RFVNS,2024-03-13,Cashback ₹500,500.0,No,,New,Yes
OFF002056,6372-RFVNS,2025-04-21,Extra 100GB Data,100.0,No,,New,Yes
OFF002057,6372-RFVNS,2023-04-09,Loyalty Reward,0.0,Yes,2023-04-16,New,Yes
OFF002058,8938-UMKPI,2023-03-02,Loyalty Reward,0.0,Yes,2023-03-04,Loyal,Yes
OFF002059,8938-UMKPI,2025-09-23,20% Discount,10.64,No,,Loyal,Yes
OFF002060,0991-BRRFB,2023-07-28,Premium Support,0.0,No,,Regular,Yes
OFF002061,0991-BRRFB,2025-01-14,Free Installation,0.0,No,,Regular,Yes
OFF002062,3871-IKPYH,2024-09-04,30% Discount,13.82,No,,New,Yes
OFF002063,6319-IEJWJ,2025-10-24,20% Discount,27.06,No,,Regular,Yes
OFF002064,6319-IEJWJ,2025-03-06,Loyalty Reward,0.0,Yes,2025-03-10,Regular,Yes
OFF002065,9025-AOMKI,2024-08-13,Free Installation,0.0,No,,New,Yes
OFF002066,9025-AOMKI,2023-03-10,Extra 100GB Data,100.0,No,,New,Yes
OFF002067,5275-SQEIZ,2024-04-14,Free Upgrade,0.0,No,,New,Yes
OFF002068,5275-SQEIZ,2024-02-04,Premium Support,0.0,Yes,2024-02-10,New,Yes
OFF002069,7716-YTYHG,2025-03-28,30% Discount,16.41,No,,Loyal,Yes
OFF002070,7716-YTYHG,2025-11-16,Free Installation,0.0,No,,Loyal,Yes
OFF002071,7716-YTYHG,2024-07-03,Free 3 Months Streaming,0.0,No,,Loyal,Yes
OFF002072,4390-KYULV,2024-04-04,Free Upgrade,0.0,No,,New,Yes
OFF002073,4390-KYULV,2024-06-14,20% Discount,4.11,Yes,2024-06-19,New,Yes
OFF002074,1304-NECVQ,2023-03-05,Free 3 Months Streaming,0.0,No,,New,Yes
OFF002075,8945-GRKHX,2025-05-02,Cashback ₹500,500.0,No,,New,Yes
OFF002076,6959-UWKHF,2025-04-21,10% Discount,12.87,No,,New,Yes
OFF002077,3815-SLMEF,2025-07-05,20% Discount,10.28,No,,New,Yes
OFF002078,3815-SLMEF,2023-03-09,Free Upgrade,0.0,No,,New,Yes
OFF002079,3815-SLMEF,2025-11-12,10% Discount,3.43,No,,New,Yes
OFF002080,5154-VEKBL,2023-01-12,Free Upgrade,0.0,No,,New,Yes
OFF002081,5154-VEKBL,2025-12-15,Loyalty Reward,0.0,Yes,2025-12-16,New,Yes
OFF002082,5154-VEKBL,2023-01-15,30% Discount,5.85,No,,New,Yes
OFF002083,5655-JSMZM,2023-05-14,20% Discount,28.86,Yes,2023-05-21,Loyal,Yes
OFF002084,5655-JSMZM,2025-04-06,Free Upgrade,0.0,Yes,2025-04-13,Loyal,Yes
OFF002085,5655-JSMZM,2023-02-15,Extra 100GB Data,100.0,No,,Loyal,Yes
OFF002086,4505-EXZHB,2023-06-03,Free 3 Months Streaming,0.0,Yes,2023-06-06,New,Yes
OFF002087,4505-EXZHB,2023-03-05,Loyalty Reward,0.0,No,,New,Yes
OFF002088,4505-EXZHB,2025-12-12,Cashback ₹500,500.0,Yes,2025-12-19,New,Yes
OFF002089,4587-VVTOX,2024-01-10,10% Discount,31.59,Yes,2024-01-11,New,Yes
OFF002090,4587-VVTOX,2025-08-05,Cashback ₹500,500.0,No,,New,Yes
OFF002091,4587-VVTOX,2024-11-11,Premium Support,0.0,No,,New,Yes
OFF002092,4652-NNHNY,2025-11-25,Free 3 Months Streaming,0.0,Yes,2025-11-27,Regular,Yes
OFF002093,4652-NNHNY,2023-07-02,Extra 100GB Data,100.0,No,,Regular,Yes
OFF002094,8972-HJWNV,2025-08-27,20% Discount,8.46,No,,New,Yes
OFF002095,8972-HJWNV,2024-06-25,Loyalty Reward,0.0,No,,New,Yes
OFF002096,8972-HJWNV,2025-02-27,Free 3 Months Streaming,0.0,No,,New,Yes
OFF002097,8515-OCTJS,2023-02-18,20% Discount,2.48,No,,Regular,Yes
OFF002098,8515-OCTJS,2024-06-06,Free Upgrade,0.0,No,,Regular,Yes
OFF002099,2860-RANUS,2025-07-23,20% Discount,17.16,No,,Regular,Yes
OFF002100,2860-RANUS,2025-09-14,Extra 100GB Data,100.0,No,,Regular,Yes
OFF002101,2860-RANUS,2023-05-13,Loyalty Reward,0.0,No,,Regular,Yes
OFF002102,5261-QSHQM,2025-08-10,Cashback ₹500,500.0,Yes,2025-08-17,New,Yes
OFF002103,5261-QSHQM,2024-05-11,Loyalty Reward,0.0,Yes,2024-05-16,New,Yes
OFF002104,8868-WOZGU,2025-02-14,Free Upgrade,0.0,Yes,2025-02-16,Regular,Yes
OFF002105,8868-WOZGU,2025-12-04,Free Upgrade,0.0,No,,Regular,Yes
OFF002106,1334-FJSVR,2024-07-01,Extra 100GB Data,100.0,Yes,2024-07-03,New,Yes
OFF002107,1334-FJSVR,2025-09-26,Free Installation,0.0,Yes,2025-09-28,New,Yes
OFF002108,1334-FJSVR,2023-10-28,Free Installation,0.0,Yes,2023-10-28,New,Yes
OFF002109,7625-XCQRH,2025-11-24,Free 3 Months Streaming,0.0,No,,New,Yes
OFF002110,7625-XCQRH,2025-11-13,Free Installation,0.0,No,,New,Yes
OFF002111,1731-TVIUK,2025-04-05,30% Discount,9.35,No,,New,Yes
OFF002112,1731-TVIUK,2024-10-06,Extra 100GB Data,100.0,Yes,2024-10-11,New,Yes
OFF002113,0406-BPDVR,2025-10-24,Extra 100GB Data,100.0,No,,Loyal,Yes
OFF002114,0406-BPDVR,2024-04-01,Extra 100GB Data,100.0,Yes,2024-04-06,Loyal,Yes
OFF002115,0618-XWMSS,2023-04-11,Free Upgrade,0.0,No,,Regular,Yes
OFF002116,0618-XWMSS,2024-06-04,Premium Support,0.0,No,,Regular,Yes
OFF002117,5276-KQWHG,2023-07-11,10% Discount,13.92,Yes,2023-07-18,New,Yes
OFF002118,5276-KQWHG,2024-05-16,Extra 100GB Data,100.0,Yes,2024-05-23,New,Yes
OFF002119,5276-KQWHG,2024-09-21,10% Discount,20.88,No,,New,Yes
OFF002120,2565-JSLRY,2024-04-20,20% Discount,7.21,Yes,2024-04-25,New,Yes
OFF002121,2565-JSLRY,2024-03-09,20% Discount,2.41,No,,New,Yes
OFF002122,6689-KXGBO,2024-05-26,Premium Support,0.0,No,,New,Yes
OFF002123,6689-KXGBO,2024-01-28,Loyalty Reward,0.0,No,,New,Yes
OFF002124,6615-NGGZJ,2024-05-26,Premium Support,0.0,Yes,2024-05-28,Regular,Yes
OFF002125,6615-NGGZJ,2023-05-01,10% Discount,30.16,No,,Regular,Yes
OFF002126,4255-DDUOU,2025-12-20,Free Upgrade,0.0,No,,New,Yes
OFF002127,4255-DDUOU,2023-07-11,Premium Support,0.0,Yes,2023-07-17,New,Yes
OFF002128,2984-MIIZL,2023-04-08,Premium Support,0.0,No,,New,Yes
OFF002129,5590-YRFJT,2024-09-06,Loyalty Reward,0.0,Yes,2024-09-09,Regular,Yes
OFF002130,5590-YRFJT,2023-03-11,Extra 100GB Data,100.0,Yes,2023-03-18,Regular,Yes
OFF002131,5590-YRFJT,2025-01-24,Free 3 Months Streaming,0.0,Yes,2025-01-25,Regular,Yes
OFF002132,3677-TNKIO,2024-12-06,Loyalty Reward,0.0,Yes,2024-12-10,Regular,Yes
OFF002133,3677-TNKIO,2023-09-27,30% Discount,21.3,Yes,2023-09-28,Regular,Yes
OFF002134,3677-TNKIO,2024-01-07,Loyalty Reward,0.0,No,,Regular,Yes
OFF002135,9667-EQRXU,2025-10-16,Cashback ₹500,500.0,No,,Regular,Yes
OFF002136,3329-WDIOK,2023-09-04,Loyalty Reward,0.0,Yes,2023-09-06,New,Yes
OFF002137,2873-ZLIWT,2025-10-20,Free 3 Months Streaming,0.0,No,,Loyal,Yes
OFF002138,2873-ZLIWT,2024-03-21,30% Discount,8.48,No,,Loyal,Yes
OFF002139,2873-ZLIWT,2025-08-09,Cashback ₹500,500.0,Yes,2025-08-14,Loyal,Yes
OFF002140,3415-TAILE,2024-12-19,30% Discount,6.57,No,,New,Yes
OFF002141,3415-TAILE,2025-09-20,Loyalty Reward,0.0,No,,New,Yes
OFF002142,3415-TAILE,2023-06-07,20% Discount,6.57,Yes,2023-06-09,New,Yes
OFF002143,1915-IOFGU,2024-02-18,Loyalty Reward,0.0,Yes,2024-02-20,New,Yes
OFF002144,3045-XETSH,2024-02-26,Free 3 Months Streaming,0.0,Yes,2024-02-28,New,Yes
OFF002145,3045-XETSH,2024-02-28,20% Discount,9.48,No,,New,Yes
OFF002146,7239-HZZCX,2025-12-19,10% Discount,5.92,Yes,2025-12-26,New,Yes
OFF002147,7239-HZZCX,2023-11-10,30% Discount,5.92,No,,New,Yes
OFF002148,7239-HZZCX,2023-07-05,10% Discount,1.98,No,,New,Yes
OFF002149,7683-CBDKJ,2025-07-02,20% Discount,13.09,No,,Regular,Yes
OFF002150,7683-CBDKJ,2025-10-11,Free Installation,0.0,Yes,2025-10-17,Regular,Yes
OFF002151,7683-CBDKJ,2023-02-10,Cashback ₹500,500.0,No,,Regular,Yes
OFF002152,0946-CLJTI,2024-08-09,Premium Support,0.0,No,,Loyal,Yes
OFF002153,0946-CLJTI,2025-11-03,Free 3 Months Streaming,0.0,No,,Loyal,Yes
OFF002154,0946-CLJTI,2025-02-17,Free 3 Months Streaming,0.0,No,,Loyal,Yes
OFF002155,0628-CNQRM,2024-06-28,20% Discount,20.25,No,,Regular,Yes
OFF002156,7665-TOALD,2025-08-14,Premium Support,0.0,No,,New,Yes
OFF002157,0112-QWPNC,2023-01-27,Free 3 Months Streaming,0.0,No,,Loyal,Yes
OFF002158,0112-QWPNC,2023-03-14,Loyalty Reward,0.0,No,,Loyal,Yes
OFF002159,0112-QWPNC,2025-09-01,10% Discount,8.44,Yes,2025-09-02,Loyal,Yes
OFF002160,0324-BRPCJ,2023-08-05,Free Installation,0.0,No,,Loyal,Yes
OFF002161,2777-PHDEI,2025-02-23,Premium Support,0.0,Yes,2025-02-27,New,Yes
OFF002162,2777-PHDEI,2023-01-01,20% Discount,15.61,Yes,2023-01-03,New,Yes
OFF002163,2777-PHDEI,2025-05-12,Extra 100GB Data,100.0,No,,New,Yes
OFF002164,1196-AMORA,2025-04-19,30% Discount,22.08,No,,New,Yes
OFF002165,1196-AMORA,2023-07-16,10% Discount,22.08,No,,New,Yes
OFF002166,4282-YMKNA,2023-05-06,Cashback ₹500,500.0,No,,New,Yes
OFF002167,4282-YMKNA,2023-05-12,20% Discount,7.48,No,,New,Yes
OFF002168,4282-YMKNA,2024-12-08,Free Upgrade,0.0,No,,New,Yes
OFF002169,5356-RHIPP,2023-10-05,20% Discount,6.06,Yes,2023-10-09,New,Yes
OFF002170,5356-RHIPP,2024-01-03,30% Discount,4.04,Yes,2024-01-08,New,Yes
OFF002171,9189-JWSHV,2023-05-05,Free Installation,0.0,No,,Regular,Yes
OFF002172,9189-JWSHV,2024-11-01,10% Discount,18.71,No,,Regular,Yes
OFF002173,9189-JWSHV,2024-06-16,Free Upgrade,0.0,No,,Regular,Yes
OFF002174,0746-JTRFU,2025-05-03,30% Discount,5.01,Yes,2025-05-05,New,Yes
OFF002175,0746-JTRFU,2024-02-19,Free Installation,0.0,No,,New,Yes
OFF002176,0576-WNXXC,2025-01-18,30% Discount,19.11,No,,Regular,Yes
OFF002177,0576-WNXXC,2023-01-10,Extra 100GB Data,100.0,Yes,2023-01-11,Regular,Yes
OFF002178,4628-CTTLA,2023-03-25,Loyalty Reward,0.0,Yes,2023-03-27,Loyal,Yes
OFF002179,4628-CTTLA,2025-05-21,Free 3 Months Streaming,0.0,Yes,2025-05-24,Loyal,Yes
OFF002180,2876-VBBBL,2025-12-11,Premium Support,0.0,Yes,2025-12-15,New,Yes
OFF002181,6834-NXDCA,2023-09-12,Premium Support,0.0,No,,Regular,Yes
OFF002182,5597-GLBUC,2024-07-23,Free 3 Months Streaming,0.0,No,,New,Yes
OFF002183,2748-MYRVK,2023-04-11,Free 3 Months Streaming,0.0,No,,Loyal,Yes
OFF002184,4822-YCXMX,2025-08-13,Premium Support,0.0,No,,Regular,Yes
OFF002185,4822-YCXMX,2024-01-24,Free Upgrade,0.0,No,,Regular,Yes
OFF002186,4822-YCXMX,2025-07-20,Extra 100GB Data,100.0,No,,Regular,Yes
OFF002187,9821-POOTN,2023-05-01,Free Installation,0.0,No,,Regular,Yes
OFF002188,9821-POOTN,2023-11-04,30% Discount,15.04,Yes,2023-11-10,Regular,Yes
OFF002189,6559-ILWKJ,2024-06-12,Extra 100GB Data,100.0,No,,Loyal,Yes
OFF002190,6559-ILWKJ,2023-08-21,Premium Support,0.0,No,,Loyal,Yes
OFF002191,6559-ILWKJ,2023-05-12,Loyalty Reward,0.0,Yes,2023-05-19,Loyal,Yes
OFF002192,4229-CZMLL,2024-10-11,10% Discount,7.49,Yes,2024-10-18,New,Yes
OFF002193,4229-CZMLL,2023-01-04,Free Installation,0.0,No,,New,Yes
OFF002194,4229-CZMLL,2024-01-06,20% Discount,14.98,No,,New,Yes
OFF002195,3663-MITLP,2023-05-10,30% Discount,30.38,No,,Regular,Yes
OFF002196,3663-MITLP,2023-10-23,Free Installation,0.0,No,,Regular,Yes
OFF002197,9025-ZRPVR,2023-01-10,Free 3 Months Streaming,0.0,Yes,2023-01-12,New,Yes
OFF002198,9025-ZRPVR,2025-12-28,Cashback ₹500,500.0,No,,New,Yes
OFF002199,9025-ZRPVR,2024-06-08,Premium Support,0.0,No,,New,Yes
OFF002200,3285-UCQVC,2025-05-07,Loyalty Reward,0.0,Yes,2025-05-14,Loyal,Yes
OFF002201,5482-PLVPE,2025-08-06,Cashback ₹500,500.0,No,,New,Yes
OFF002202,5482-PLVPE,2024-06-22,Free Upgrade,0.0,Yes,2024-06-28,New,Yes
OFF002203,5482-PLVPE,2025-08-26,Free Installation,0.0,Yes,2025-08-28,New,Yes
OFF002204,4902-OHLSK,2023-02-01,Free Upgrade,0.0,No,,Regular,Yes
OFF002205,4902-OHLSK,2025-02-19,Loyalty Reward,0.0,Yes,2025-02-22,Regular,Yes
OFF002206,0495-ZBNGW,2023-01-16,10% Discount,7.99,No,,New,Yes
OFF002207,2357-COQEK,2025-01-16,Premium Support,0.0,No,,Regular,Yes
OFF002208,2357-COQEK,2023-03-17,Loyalty Reward,0.0,Yes,2023-03-20,Regular,Yes
OFF002209,3737-GCSPV,2024-12-26,Extra 100GB Data,100.0,Yes,2024-12-27,New,Yes
OFF002210,4088-YLDSU,2023-11-20,30% Discount,31.25,Yes,2023-11-26,Loyal,Yes
OFF002211,4088-YLDSU,2024-07-13,30% Discount,31.25,No,,Loyal,Yes
OFF002212,2034-CGRHZ,2023-07-27,Extra 100GB Data,100.0,No,,Regular,Yes
OFF002213,2034-CGRHZ,2024-01-09,Cashback ₹500,500.0,Yes,2024-01-16,Regular,Yes
OFF002214,2034-CGRHZ,2024-10-23,Cashback ₹500,500.0,Yes,2024-10-26,Regular,Yes
OFF002215,5797-APWZC,2025-02-27,Cashback ₹500,500.0,No,,New,Yes
OFF002216,5797-APWZC,2023-01-08,Loyalty Reward,0.0,Yes,2023-01-10,New,Yes
OFF002217,5797-APWZC,2023-05-03,Cashback ₹500,500.0,No,,New,Yes
OFF002218,3683-QKIUE,2023-03-11,10% Discount,5.08,No,,New,Yes
OFF002219,3683-QKIUE,2025-10-27,Free 3 Months Streaming,0.0,No,,New,Yes
OFF002220,4228-ZGYUW,2023-01-09,Cashback ₹500,500.0,No,,New,Yes
OFF002221,4228-ZGYUW,2024-09-20,Loyalty Reward,0.0,No,,New,Yes
OFF002222,4228-ZGYUW,2025-05-11,Extra 100GB Data,100.0,Yes,2025-05-13,New,Yes
OFF002223,3519-ZKXGG,2024-02-12,Premium Support,0.0,No,,New,Yes
OFF002224,3519-ZKXGG,2025-12-23,20% Discount,15.17,No,,New,Yes
OFF002225,6416-TVAIH,2024-07-23,10% Discount,20.55,No,,New,Yes
OFF002226,5108-ADXWO,2023-07-02,Free 3 Months Streaming,0.0,No,,New,Yes
OFF002227,5108-ADXWO,2023-08-05,Free Upgrade,0.0,No,,New,Yes
OFF002228,5108-ADXWO,2025-07-12,Free 3 Months Streaming,0.0,No,,New,Yes
OFF002229,3066-RRJIO,2025-01-01,30% Discount,7.0,No,,New,Yes
OFF002230,3066-RRJIO,2025-04-23,Cashback ₹500,500.0,No,,New,Yes
OFF002231,3066-RRJIO,2025-12-16,30% Discount,20.98,No,,New,Yes
OFF002232,6715-OFDBP,2023-02-20,10% Discount,14.01,Yes,2023-02-24,New,Yes
OFF002233,1567-DSCIC,2023-12-08,Premium Support,0.0,Yes,2023-12-10,New,Yes
OFF002234,1567-DSCIC,2023-01-26,Free Upgrade,0.0,Yes,2023-01-28,New,Yes
OFF002235,2150-UWTFY,2024-01-21,Loyalty Reward,0.0,Yes,2024-01-22,Regular,Yes
OFF002236,2683-BPJSO,2025-11-15,30% Discount,16.89,Yes,2025-11-17,Regular,Yes
OFF002237,2683-BPJSO,2023-08-05,30% Discount,8.45,No,,Regular,Yes
OFF002238,2157-MXBJS,2024-10-25,Premium Support,0.0,Yes,2024-10-28,Regular,Yes
OFF002239,9360-AHGNL,2023-09-21,20% Discount,32.86,Yes,2023-09-23,Loyal,Yes
OFF002240,9360-AHGNL,2024-11-18,Loyalty Reward,0.0,Yes,2024-11-24,Loyal,Yes
OFF002241,9360-AHGNL,2025-02-03,Extra 100GB Data,100.0,No,,Loyal,Yes
OFF002242,1087-UDSIH,2024-08-13,Free Upgrade,0.0,No,,New,Yes
OFF002243,5485-WUYWF,2025-05-19,Extra 100GB Data,100.0,Yes,2025-05-26,New,Yes
OFF002244,5485-WUYWF,2023-11-20,Free Installation,0.0,No,,New,Yes
OFF002245,2632-UCGVD,2025-07-24,20% Discount,30.01,Yes,2025-07-28,Loyal,Yes
OFF002246,5445-PZWGX,2024-03-16,Cashback ₹500,500.0,Yes,2024-03-18,Loyal,Yes
OFF002247,9170-CCKOU,2024-04-28,Free Upgrade,0.0,Yes,2024-04-28,Regular,Yes
OFF002248,9170-CCKOU,2025-12-24,Cashback ₹500,500.0,Yes,2025-12-28,Regular,Yes
OFF002249,9170-CCKOU,2025-02-14,Free Installation,0.0,No,,Regular,Yes
OFF002250,1043-YCUTE,2025-10-05,Extra 100GB Data,100.0,No,,Loyal,Yes
OFF002251,3814-MLAXC,2024-07-06,Free Upgrade,0.0,Yes,2024-07-09,Regular,Yes
OFF002252,1226-UDFZR,2023-06-06,20% Discount,4.96,Yes,2023-06-07,New,Yes
OFF002253,6425-YQLLO,2023-11-24,Premium Support,0.0,No,,Loyal,Yes
OFF002254,6425-YQLLO,2024-09-27,10% Discount,21.19,No,,Loyal,Yes
OFF002255,6425-YQLLO,2023-07-01,10% Discount,31.79,No,,Loyal,Yes
OFF002256,5442-UTCVD,2024-05-20,Free Upgrade,0.0,No,,New,Yes
OFF002257,5442-UTCVD,2023-05-19,30% Discount,27.55,No,,New,Yes
OFF002258,7734-DBOAI,2024-05-07,Extra 100GB Data,100.0,No,,New,Yes
OFF002259,7734-DBOAI,2025-12-06,Extra 100GB Data,100.0,Yes,2025-12-08,New,Yes
OFF002260,2091-RFFBA,2024-12-12,Extra 100GB Data,100.0,Yes,2024-12-19,Regular,Yes
OFF002261,2114-MGINA,2023-03-17,Extra 100GB Data,100.0,No,,Regular,Yes
OFF002262,2114-MGINA,2024-12-10,10% Discount,8.98,No,,Regular,Yes
OFF002263,2114-MGINA,2024-07-18,Free Upgrade,0.0,No,,Regular,Yes
OFF002264,4489-SNOJF,2024-01-22,Cashback ₹500,500.0,No,,Regular,Yes
OFF002265,4489-SNOJF,2024-03-17,Free 3 Months Streaming,0.0,No,,Regular,Yes
OFF002266,6899-PPEEA,2023-12-24,20% Discount,9.66,No,,Loyal,Yes
OFF002267,6899-PPEEA,2025-07-05,Free Installation,0.0,No,,Loyal,Yes
OFF002268,2187-LZGPL,2023-08-26,Free Upgrade,0.0,Yes,2023-08-27,New,Yes
OFF002269,2187-LZGPL,2025-08-28,20% Discount,8.02,Yes,2025-08-28,New,Yes
OFF002270,2187-LZGPL,2025-02-04,Free 3 Months Streaming,0.0,Yes,2025-02-09,New,Yes
OFF002271,4597-NUCQV,2025-05-12,Cashback ₹500,500.0,No,,Regular,Yes
OFF002272,4597-NUCQV,2023-06-07,Free Installation,0.0,No,,Regular,Yes
OFF002273,4597-NUCQV,2024-07-15,Free Upgrade,0.0,Yes,2024-07-21,Regular,Yes
OFF002274,9019-QVLZD,2024-09-25,Loyalty Reward,0.0,No,,New,Yes
OFF002275,3707-LRWZD,2024-12-14,20% Discount,25.21,No,,Regular,Yes
OFF002276,3707-LRWZD,2025-12-24,Free 3 Months Streaming,0.0,Yes,2025-12-26,Regular,Yes
OFF002277,1455-ESIQH,2023-09-25,30% Discount,8.91,Yes,2023-09-28,New,Yes
OFF002278,1455-ESIQH,2023-10-26,Free Upgrade,0.0,Yes,2023-10-28,New,Yes
OFF002279,2979-SXESE,2023-04-08,Free Upgrade,0.0,No,,Regular,Yes
OFF002280,2979-SXESE,2023-11-17,Premium Support,0.0,No,,Regular,Yes
OFF002281,4013-TLDHQ,2023-01-13,Premium Support,0.0,Yes,2023-01-17,Regular,Yes
OFF002282,4013-TLDHQ,2023-05-04,Free Upgrade,0.0,No,,Regular,Yes
OFF002283,4013-TLDHQ,2024-02-01,Loyalty Reward,0.0,No,,Regular,Yes
OFF002284,3754-DXMRT,2024-07-25,Free 3 Months Streaming,0.0,Yes,2024-07-28,New,Yes
OFF002285,3754-DXMRT,2025-04-11,Premium Support,0.0,No,,New,Yes
OFF002286,3754-DXMRT,2024-07-02,Extra 100GB Data,100.0,No,,New,Yes
OFF002287,7130-VTEWQ,2025-12-28,Free Upgrade,0.0,No,,New,Yes
OFF002288,6121-VZNQB,2024-12-11,Cashback ₹500,500.0,Yes,2024-12-14,New,Yes
OFF002289,6121-VZNQB,2025-06-19,30% Discount,3.82,No,,New,Yes
OFF002290,6121-VZNQB,2025-07-16,Extra 100GB Data,100.0,Yes,2025-07-21,New,Yes
OFF002291,7903-CMPEY,2025-01-10,Cashback ₹500,500.0,Yes,2025-01-15,New,Yes
OFF002292,7903-CMPEY,2023-03-01,Cashback ₹500,500.0,No,,New,Yes
OFF002293,7903-CMPEY,2024-09-28,Free 3 Months Streaming,0.0,No,,New,Yes
OFF002294,6996-KNSML,2023-11-20,Free 3 Months Streaming,0.0,Yes,2023-11-25,New,Yes
OFF002295,6996-KNSML,2023-07-15,30% Discount,14.98,No,,New,Yes
OFF002296,6996-KNSML,2024-02-23,Cashback ₹500,500.0,Yes,2024-02-26,New,Yes
OFF002297,1704-NRWYE,2025-11-16,Premium Support,0.0,No,,New,Yes
OFF002298,1704-NRWYE,2023-06-21,Extra 100GB Data,100.0,No,,New,Yes
OFF002299,2592-SEIFQ,2024-12-06,Loyalty Reward,0.0,No,,New,Yes
OFF002300,7481-ATQQS,2025-06-25,Premium Support,0.0,Yes,2025-06-28,Loyal,Yes
OFF002301,8642-GVWRF,2023-07-27,Extra 100GB Data,100.0,Yes,2023-07-28,New,Yes
OFF002302,8642-GVWRF,2024-06-06,Cashback ₹500,500.0,No,,New,Yes
OFF002303,3400-ESFUW,2025-10-11,Cashback ₹500,500.0,No,,Loyal,Yes
OFF002304,3400-ESFUW,2023-10-21,Loyalty Reward,0.0,Yes,2023-10-26,Loyal,Yes
OFF002305,3400-ESFUW,2025-10-06,Cashback ₹500,500.0,No,,Loyal,Yes
OFF002306,2057-ZBLPD,2024-12-08,Premium Support,0.0,Yes,2024-12-14,Regular,Yes
OFF002307,5502-RLUYV,2025-01-21,Loyalty Reward,0.0,Yes,2025-01-23,Loyal,Yes
OFF002308,5502-RLUYV,2024-12-19,Free Installation,0.0,No,,Loyal,Yes
OFF002309,0023-HGHWL,2023-12-12,20% Discount,2.51,No,,New,Yes
OFF002310,0023-HGHWL,2023-12-16,Premium Support,0.0,No,,New,Yes
OFF002311,9039-RBEEE,2025-08-15,Free Upgrade,0.0,No,,Loyal,Yes
OFF002312,9039-RBEEE,2025-02-17,Free Installation,0.0,Yes,2025-02-23,Loyal,Yes
OFF002313,9039-RBEEE,2024-05-19,Cashback ₹500,500.0,Yes,2024-05-25,Loyal,Yes
OFF002314,8417-FMLZI,2023-07-28,Free Upgrade,0.0,No,,New,Yes
OFF002315,1792-UXAFY,2025-04-06,Free 3 Months Streaming,0.0,No,,Regular,Yes
OFF002316,1792-UXAFY,2025-03-20,Free Installation,0.0,No,,Regular,Yes
OFF002317,1792-UXAFY,2024-10-01,Loyalty Reward,0.0,No,,Regular,Yes
OFF002318,0515-YPMCW,2023-07-10,Free 3 Months Streaming,0.0,No,,New,Yes
OFF002319,0378-XSZPU,2023-12-16,10% Discount,12.06,Yes,2023-12-20,Loyal,Yes
OFF002320,0378-XSZPU,2025-06-03,Cashback ₹500,500.0,No,,Loyal,Yes
OFF002321,0378-XSZPU,2023-10-12,Free Installation,0.0,No,,Loyal,Yes
OFF002322,4729-XKASR,2023-11-18,Premium Support,0.0,Yes,2023-11-25,New,Yes
OFF002323,4729-XKASR,2024-09-06,10% Discount,7.42,No,,New,Yes
OFF002324,4729-XKASR,2025-08-04,Extra 100GB Data,100.0,No,,New,Yes
OFF002325,5449-FIBXJ,2025-05-15,Loyalty Reward,0.0,No,,Regular,Yes
OFF002326,9837-BMCLM,2024-05-17,Loyalty Reward,0.0,No,,New,Yes
OFF002327,0137-UDEUO,2025-08-18,Premium Support,0.0,No,,New,Yes
OFF002328,6161-UUUTA,2023-11-22,30% Discount,7.99,No,,New,Yes
OFF002329,6161-UUUTA,2024-05-09,Cashback ₹500,500.0,Yes,2024-05-11,New,Yes
OFF002330,6161-UUUTA,2024-06-10,Loyalty Reward,0.0,No,,New,Yes
OFF002331,6543-XRMYR,2025-09-23,Extra 100GB Data,100.0,No,,Regular,Yes
OFF002332,4925-LMHOK,2023-11-08,10% Discount,17.58,No,,Regular,Yes
OFF002333,4925-LMHOK,2024-01-04,Free Installation,0.0,Yes,2024-01-11,Regular,Yes
OFF002334,1455-UGQVH,2024-12-13,Free 3 Months Streaming,0.0,No,,New,Yes
OFF002335,1455-UGQVH,2025-05-01,Cashback ₹500,500.0,No,,New,Yes
OFF002336,8280-MQRQN,2023-10-20,Free Installation,0.0,Yes,2023-10-27,New,Yes
OFF002337,8280-MQRQN,2023-04-23,Cashback ₹500,500.0,No,,New,Yes
OFF002338,8280-MQRQN,2023-07-28,Premium Support,0.0,No,,New,Yes
OFF002339,2037-SGXHH,2023-04-26,Free Upgrade,0.0,No,,Loyal,Yes
OFF002340,2037-SGXHH,2024-04-05,Premium Support,0.0,No,,Loyal,Yes
OFF002341,2037-SGXHH,2025-07-25,Free Installation,0.0,No,,Loyal,Yes
OFF002342,3178-FESZO,2025-01-22,Premium Support,0.0,No,,New,Yes
OFF002343,3178-FESZO,2023-06-01,Loyalty Reward,0.0,No,,New,Yes
OFF002344,6087-MVHJH,2023-09-12,Loyalty Reward,0.0,No,,Regular,Yes
OFF002345,6087-MVHJH,2024-06-12,30% Discount,8.85,No,,Regular,Yes
OFF002346,6087-MVHJH,2024-07-07,30% Discount,17.69,Yes,2024-07-10,Regular,Yes
OFF002347,4603-JANFB,2023-10-04,Free 3 Months Streaming,0.0,No,,New,Yes
OFF002348,4603-JANFB,2024-05-05,Free Installation,0.0,Yes,2024-05-10,New,Yes
OFF002349,3018-TFTSU,2024-08-22,Free 3 Months Streaming,0.0,No,,Regular,Yes
OFF002350,3018-TFTSU,2024-04-10,20% Discount,24.51,No,,Regular,Yes
OFF002351,4806-KEXQR,2025-03-21,20% Discount,15.98,Yes,2025-03-24,New,Yes
OFF002352,7083-YNSKY,2024-04-01,10% Discount,7.62,Yes,2024-04-08,Regular,Yes
OFF002353,7083-YNSKY,2023-05-23,Extra 100GB Data,100.0,No,,Regular,Yes
OFF002354,7083-YNSKY,2023-10-26,Loyalty Reward,0.0,No,,Regular,Yes
OFF002355,2479-BRAMR,2023-06-05,Extra 100GB Data,100.0,No,,Loyal,Yes
OFF002356,2479-BRAMR,2024-07-01,Free 3 Months Streaming,0.0,No,,Loyal,Yes
OFF002357,7434-SHXLS,2025-10-07,Free 3 Months Streaming,0.0,No,,New,Yes
OFF002358,7908-QCBCA,2023-05-21,Premium Support,0.0,Yes,2023-05-26,New,Yes
OFF002359,7908-QCBCA,2023-01-08,Free Upgrade,0.0,No,,New,Yes
OFF002360,6711-FLDFB,2023-06-11,Free 3 Months Streaming,0.0,Yes,2023-06-13,New,Yes
OFF002361,6711-FLDFB,2024-10-07,30% Discount,14.98,No,,New,Yes
OFF002362,3714-JTVOV,2023-04-06,30% Discount,7.42,No,,Loyal,Yes
OFF002363,3714-JTVOV,2023-04-24,Premium Support,0.0,No,,Loyal,Yes
OFF002364,3714-JTVOV,2023-03-23,30% Discount,14.83,Yes,2023-03-28,Loyal,Yes
OFF002365,4702-IOQDC,2025-05-18,Free Installation,0.0,No,,New,Yes
OFF002366,6178-KFNHS,2023-07-15,20% Discount,7.83,No,,Regular,Yes
OFF002367,1264-BYWMS,2024-06-22,Premium Support,0.0,Yes,2024-06-23,Loyal,Yes
OFF002368,1264-BYWMS,2024-08-07,10% Discount,9.68,No,,Loyal,Yes
OFF002369,1264-BYWMS,2025-04-09,Premium Support,0.0,No,,Loyal,Yes
OFF002370,9658-WYUFB,2023-03-05,Cashback ₹500,500.0,No,,Regular,Yes
OFF002371,9658-WYUFB,2024-01-07,Free Installation,0.0,No,,Regular,Yes
OFF002372,2013-SGDXK,2023-07-09,Premium Support,0.0,No,,New,Yes
OFF002373,2013-SGDXK,2024-03-17,Free Upgrade,0.0,No,,New,Yes
OFF002374,2013-SGDXK,2023-03-18,Extra 100GB Data,100.0,No,,New,Yes
OFF002375,8580-QVLOC,2023-09-06,20% Discount,27.73,No,,Loyal,Yes
OFF002376,2012-NWRPA,2024-05-28,30% Discount,9.96,No,,New,Yes
OFF002377,2012-NWRPA,2024-09-11,Premium Support,0.0,No,,New,Yes
OFF002378,2012-NWRPA,2023-05-07,Extra 100GB Data,100.0,No,,New,Yes
OFF002379,8808-ELEHO,2024-12-09,Free Installation,0.0,Yes,2024-12-14,New,Yes
OFF002380,8808-ELEHO,2024-05-17,Premium Support,0.0,No,,New,Yes
OFF002381,8808-ELEHO,2024-03-26,Loyalty Reward,0.0,No,,New,Yes
OFF002382,3506-LCJDC,2023-02-23,Free 3 Months Streaming,0.0,Yes,2023-02-26,New,Yes
OFF002383,3506-LCJDC,2025-03-24,20% Discount,5.98,Yes,2025-03-28,New,Yes
OFF002384,3506-LCJDC,2023-10-19,30% Discount,5.98,Yes,2023-10-23,New,Yes
OFF002385,3934-HXCFZ,2023-11-01,Cashback ₹500,500.0,No,,Regular,Yes
OFF002386,3934-HXCFZ,2023-10-26,Premium Support,0.0,No,,Regular,Yes
OFF002387,7666-WKRON,2023-02-01,Free 3 Months Streaming,0.0,No,,Loyal,Yes
OFF002388,7666-WKRON,2023-04-09,Premium Support,0.0,Yes,2023-04-16,Loyal,Yes
OFF002389,4910-AQFFX,2025-06-21,Extra 100GB Data,100.0,Yes,2025-06-27,New,Yes
OFF002390,4910-AQFFX,2025-02-10,Free Upgrade,0.0,Yes,2025-02-12,New,Yes
OFF002391,4910-AQFFX,2025-06-19,30% Discount,23.8,No,,New,Yes
OFF002392,2154-KVJFF,2024-12-04,Extra 100GB Data,100.0,No,,Regular,Yes
OFF002393,9647-ERGBE,2024-09-06,10% Discount,30.01,Yes,2024-09-09,Regular,Yes
OFF002394,9647-ERGBE,2025-05-06,Premium Support,0.0,Yes,2025-05-08,Regular,Yes
OFF002395,3428-XZMAZ,2025-09-04,10% Discount,6.93,Yes,2025-09-11,New,Yes
OFF002396,3428-XZMAZ,2023-10-02,Free 3 Months Streaming,0.0,No,,New,Yes
OFF002397,0378-TOVMS,2024-11-17,Free Upgrade,0.0,Yes,2024-11-19,New,Yes
OFF002398,0378-TOVMS,2023-09-16,20% Discount,8.58,Yes,2023-09-23,New,Yes
OFF002399,0378-TOVMS,2025-08-19,Cashback ₹500,500.0,No,,New,Yes
OFF002400,4355-HBJHH,2024-05-04,30% Discount,15.94,Yes,2024-05-05,Loyal,Yes
OFF002401,9058-CBREO,2024-03-26,10% Discount,10.11,No,,New,Yes
OFF002402,9058-CBREO,2024-08-05,Loyalty Reward,0.0,No,,New,Yes
OFF002403,0318-QUUOB,2023-08-12,Loyalty Reward,0.0,Yes,2023-08-17,New,Yes
OFF002404,0318-QUUOB,2023-02-25,Extra 100GB Data,100.0,No,,New,Yes
OFF002405,0318-QUUOB,2025-08-24,30% Discount,16.11,Yes,2025-08-28,New,Yes
OFF002406,5520-FVEWJ,2024-12-02,Extra 100GB Data,100.0,No,,Regular,Yes
OFF002407,5520-FVEWJ,2025-11-14,10% Discount,8.45,No,,Regular,Yes
OFF002408,5520-FVEWJ,2025-06-25,Premium Support,0.0,No,,Regular,Yes
OFF002409,5572-ZDXHY,2025-03-18,30% Discount,16.86,No,,Regular,Yes
OFF002410,3750-CKVKH,2023-10-07,Cashback ₹500,500.0,Yes,2023-10-11,New,Yes
OFF002411,3750-CKVKH,2025-10-03,30% Discount,13.55,Yes,2025-10-10,New,Yes
OFF002412,8063-GBATB,2023-01-26,Loyalty Reward,0.0,Yes,2023-01-27,Regular,Yes
OFF002413,8063-GBATB,2025-02-28,Free Installation,0.0,No,,Regular,Yes
OFF002414,4547-KQRTM,2023-12-08,Free 3 Months Streaming,0.0,No,,New,Yes
OFF002415,4547-KQRTM,2023-11-08,Loyalty Reward,0.0,No,,New,Yes
OFF002416,4547-KQRTM,2024-04-27,Premium Support,0.0,No,,New,Yes
OFF002417,4877-EVATK,2024-08-20,Free 3 Months Streaming,0.0,Yes,2024-08-21,New,Yes
OFF002418,7639-SUPCW,2024-04-22,Extra 100GB Data,100.0,No,,Regular,Yes
OFF002419,7639-SUPCW,2023-09-01,Premium Support,0.0,Yes,2023-09-05,Regular,Yes
OFF002420,1069-XAIEM,2025-08-05,Loyalty Reward,0.0,Yes,2025-08-08,New,Yes
OFF002421,1069-XAIEM,2025-11-24,Loyalty Reward,0.0,No,,New,Yes
OFF002422,1069-XAIEM,2023-03-11,Loyalty Reward,0.0,No,,New,Yes
OFF002423,4658-HCOHW,2025-12-27,30% Discount,20.56,Yes,2025-12-28,Regular,Yes
OFF002424,3440-JPSCL,2025-02-11,Free 3 Months Streaming,0.0,No,,New,Yes
OFF002425,2889-FPWRM,2025-09-20,Free 3 Months Streaming,0.0,No,,Loyal,Yes
OFF002426,2889-FPWRM,2025-04-25,Loyalty Reward,0.0,Yes,2025-04-28,Loyal,Yes
OFF002427,6987-XQSJT,2025-05-01,10% Discount,23.85,Yes,2025-05-04,Loyal,Yes
OFF002428,6987-XQSJT,2023-08-11,Cashback ₹500,500.0,No,,Loyal,Yes
OFF002429,6987-XQSJT,2023-02-27,Free Upgrade,0.0,No,,Loyal,Yes
OFF002430,4290-BSXUX,2025-01-16,Premium Support,0.0,Yes,2025-01-17,New,Yes
OFF002431,0325-XBFAC,2024-09-04,30% Discount,9.47,Yes,2024-09-11,New,Yes
OFF002432,0325-XBFAC,2025-08-10,10% Discount,28.41,No,,New,Yes
OFF002433,0325-XBFAC,2025-05-24,Extra 100GB Data,100.0,No,,New,Yes
OFF002434,2462-XIIJB,2023-07-09,20% Discount,9.25,No,,New,Yes
OFF002435,2462-XIIJB,2025-03-16,Free 3 Months Streaming,0.0,No,,New,Yes
OFF002436,4760-XOHVN,2023-06-26,10% Discount,1.95,No,,New,Yes
OFF002437,4760-XOHVN,2025-09-07,30% Discount,3.89,Yes,2025-09-08,New,Yes
OFF002438,4760-XOHVN,2025-10-22,20% Discount,3.89,No,,New,Yes
OFF002439,7817-BOQPW,2024-08-13,Free 3 Months Streaming,0.0,Yes,2024-08-19,New,Yes
OFF002440,7817-BOQPW,2024-10-06,20% Discount,22.66,Yes,2024-10-10,New,Yes
OFF002441,7817-BOQPW,2023-11-05,Premium Support,0.0,No,,New,Yes
OFF002442,1853-UDXBW,2024-05-10,Premium Support,0.0,No,,New,Yes
OFF002443,5458-CQJTA,2023-03-25,Extra 100GB Data,100.0,Yes,2023-03-28,Loyal,Yes
OFF002444,5219-YIPTK,2023-01-14,Free 3 Months Streaming,0.0,Yes,2023-01-15,Regular,Yes
OFF002445,5219-YIPTK,2023-02-24,Extra 100GB Data,100.0,Yes,2023-02-26,Regular,Yes
OFF002446,3540-RZJYU,2023-01-03,Extra 100GB Data,100.0,No,,Regular,Yes
OFF002447,2091-MJTFX,2023-11-09,Extra 100GB Data,100.0,No,,Regular,Yes
OFF002448,0883-EIBTI,2023-04-06,Free 3 Months Streaming,0.0,No,,New,Yes
OFF002449,0883-EIBTI,2025-06-03,Cashback ₹500,500.0,Yes,2025-06-07,New,Yes
OFF002450,0883-EIBTI,2025-07-07,Free 3 Months Streaming,0.0,Yes,2025-07-11,New,Yes
OFF002451,0722-TROQR,2024-11-09,30% Discount,7.49,No,,New,Yes
OFF002452,0722-TROQR,2025-12-18,10% Discount,22.47,No,,New,Yes
OFF002453,0722-TROQR,2024-04-15,10% Discount,22.47,No,,New,Yes
OFF002454,7571-YXDAD,2025-07-19,Free Installation,0.0,No,,New,Yes
OFF002455,7571-YXDAD,2024-09-12,10% Discount,22.47,No,,New,Yes
OFF002456,3393-FMZPV,2025-11-03,30% Discount,10.03,No,,Regular,Yes
OFF002457,6402-ZFPPI,2025-06-02,Premium Support,0.0,Yes,2025-06-04,Regular,Yes
OFF002458,7486-KSRVI,2024-03-12,10% Discount,30.0,Yes,2024-03-19,Loyal,Yes
OFF002459,8443-WVPSS,2023-08-24,Premium Support,0.0,No,,New,Yes
OFF002460,8443-WVPSS,2024-06-14,Free 3 Months Streaming,0.0,No,,New,Yes
OFF002461,8443-WVPSS,2024-03-17,Premium Support,0.0,No,,New,Yes
OFF002462,3006-XIMLN,2024-09-12,10% Discount,28.26,No,,New,Yes
OFF002463,3006-XIMLN,2024-02-27,30% Discount,9.42,No,,New,Yes
OFF002464,3006-XIMLN,2023-04-11,30% Discount,28.26,Yes,2023-04-16,New,Yes
OFF002465,9965-YOKZB,2024-04-12,20% Discount,16.77,Yes,2024-04-18,New,Yes
OFF002466,9965-YOKZB,2023-07-28,Cashback ₹500,500.0,Yes,2023-07-28,New,Yes
OFF002467,0504-HHAPI,2023-08-03,20% Discount,26.49,No,,Regular,Yes
OFF002468,0504-HHAPI,2023-04-07,Free Installation,0.0,Yes,2023-04-12,Regular,Yes
OFF002469,6305-YLBMM,2025-10-17,Cashback ₹500,500.0,Yes,2025-10-21,Loyal,Yes
OFF002470,6305-YLBMM,2025-11-03,10% Discount,10.41,Yes,2025-11-06,Loyal,Yes
OFF002471,6305-YLBMM,2025-03-14,10% Discount,20.81,No,,Loyal,Yes
OFF002472,3647-GMGDH,2025-08-07,Loyalty Reward,0.0,Yes,2025-08-13,Regular,Yes
OFF002473,3647-GMGDH,2024-01-07,Cashback ₹500,500.0,No,,Regular,Yes
OFF002474,3791-LGQCY,2023-05-24,10% Discount,10.07,No,,Loyal,Yes
OFF002475,3791-LGQCY,2025-05-10,20% Discount,20.13,Yes,2025-05-11,Loyal,Yes
OFF002476,3791-LGQCY,2023-01-04,Free Installation,0.0,No,,Loyal,Yes
OFF002477,8166-ZZTFS,2023-03-05,Premium Support,0.0,No,,Loyal,Yes
OFF002478,8166-ZZTFS,2024-11-28,Free Installation,0.0,Yes,2024-11-28,Loyal,Yes
OFF002479,8166-ZZTFS,2023-06-09,Premium Support,0.0,No,,Loyal,Yes
OFF002480,2956-GGUCQ,2025-06-05,10% Discount,15.77,No,,Regular,Yes
OFF002481,2956-GGUCQ,2023-12-27,30% Discount,23.65,No,,Regular,Yes
OFF002482,2956-GGUCQ,2025-04-11,Cashback ₹500,500.0,No,,Regular,Yes
OFF002483,6595-COKXZ,2025-07-28,Premium Support,0.0,Yes,2025-07-28,New,Yes
OFF002484,0362-ZBZWJ,2025-03-07,Free Upgrade,0.0,Yes,2025-03-13,Loyal,Yes
OFF002485,0362-ZBZWJ,2025-02-17,20% Discount,8.49,No,,Loyal,Yes
OFF002486,0362-ZBZWJ,2024-08-22,Extra 100GB Data,100.0,No,,Loyal,Yes
OFF002487,4211-MMAZN,2023-08-20,Premium Support,0.0,No,,New,Yes
OFF002488,4211-MMAZN,2025-04-05,Loyalty Reward,0.0,Yes,2025-04-11,New,Yes
OFF002489,4211-MMAZN,2024-07-20,Cashback ₹500,500.0,No,,New,Yes
OFF002490,4274-OWWYO,2025-05-11,Premium Support,0.0,No,,New,Yes
OFF002491,1541-ETJZO,2023-06-11,Free 3 Months Streaming,0.0,No,,New,Yes
OFF002492,4106-HADHQ,2025-12-28,Free Upgrade,0.0,No,,Loyal,Yes
OFF002493,4106-HADHQ,2024-09-17,Premium Support,0.0,Yes,2024-09-19,Loyal,Yes
OFF002494,2369-UAPKZ,2024-03-04,20% Discount,20.82,No,,New,Yes
OFF002495,2778-OCLGR,2025-04-16,30% Discount,7.82,Yes,2025-04-19,Regular,Yes
OFF002496,0637-KVDLV,2023-10-28,Free Upgrade,0.0,No,,New,Yes
OFF002497,0637-KVDLV,2023-08-09,Premium Support,0.0,No,,New,Yes
OFF002498,6633-MPWBS,2025-12-28,Extra 100GB Data,100.0,Yes,2025-12-28,New,Yes
OFF002499,6633-MPWBS,2024-11-04,Extra 100GB Data,100.0,Yes,2024-11-11,New,Yes
OFF002500,8785-EPNCG,2025-05-10,Premium Support,0.0,Yes,2025-05-16,New,Yes
OFF002501,5729-KLZAR,2023-03-20,Premium Support,0.0,Yes,2023-03-27,New,Yes
OFF002502,1582-RAFML,2025-01-09,Premium Support,0.0,No,,New,Yes
OFF002503,1582-RAFML,2024-03-01,Extra 100GB Data,100.0,No,,New,Yes
OFF002504,1582-RAFML,2023-07-11,20% Discount,6.01,No,,New,Yes
OFF002505,8740-CRYFY,2024-10-10,Cashback ₹500,500.0,No,,New,Yes
OFF002506,2962-XPMCQ,2023-02-27,Loyalty Reward,0.0,Yes,2023-02-28,New,Yes
OFF002507,1678-FYZOW,2025-11-19,Free Upgrade,0.0,Yes,2025-11-23,New,Yes
OFF002508,1678-FYZOW,2024-05-27,Premium Support,0.0,No,,New,Yes
OFF002509,1678-FYZOW,2023-10-16,Loyalty Reward,0.0,Yes,2023-10-23,New,Yes
OFF002510,8627-EHGIP,2025-10-17,Free Installation,0.0,No,,Loyal,Yes
OFF002511,8627-EHGIP,2023-10-09,30% Discount,16.18,Yes,2023-10-16,Loyal,Yes
OFF002512,5480-TBGPH,2025-04-07,Loyalty Reward,0.0,No,,Regular,Yes
OFF002513,5480-TBGPH,2024-11-28,Free 3 Months Streaming,0.0,No,,Regular,Yes
OFF002514,5480-TBGPH,2024-06-11,Loyalty Reward,0.0,No,,Regular,Yes
OFF002515,8854-CCVSQ,2024-08-15,Premium Support,0.0,Yes,2024-08-17,Regular,Yes
OFF002516,0511-JTEOY,2023-02-11,Extra 100GB Data,100.0,Yes,2023-02-17,New,Yes
OFF002517,0511-JTEOY,2023-03-04,30% Discount,21.33,No,,New,Yes
OFF002518,0511-JTEOY,2023-02-17,Extra 100GB Data,100.0,Yes,2023-02-22,New,Yes
OFF002519,7067-KSAZT,2023-09-28,20% Discount,21.25,No,,Loyal,Yes
OFF002520,6532-YLWSI,2024-07-14,Free 3 Months Streaming,0.0,No,,Loyal,Yes
OFF002521,9300-AGZNL,2023-04-02,Cashback ₹500,500.0,No,,New,Yes
OFF002522,9300-AGZNL,2023-09-28,Extra 100GB Data,100.0,No,,New,Yes
OFF002523,1112-CUNAO,2025-09-07,30% Discount,8.98,No,,Regular,Yes
OFF002524,1112-CUNAO,2025-01-09,20% Discount,26.95,Yes,2025-01-14,Regular,Yes
OFF002525,5175-AOBHI,2025-06-09,Premium Support,0.0,No,,New,Yes
OFF002526,5175-AOBHI,2025-10-10,30% Discount,9.2,No,,New,Yes
OFF002527,5174-RNGBH,2025-03-15,Free Installation,0.0,No,,New,Yes
OFF002528,5174-RNGBH,2023-05-02,20% Discount,19.88,No,,New,Yes
OFF002529,5174-RNGBH,2025-09-12,Loyalty Reward,0.0,No,,New,Yes
OFF002530,7270-BDIOA,2023-08-25,Cashback ₹500,500.0,Yes,2023-08-27,Regular,Yes
OFF002531,7270-BDIOA,2024-05-08,Free 3 Months Streaming,0.0,Yes,2024-05-10,Regular,Yes
OFF002532,9565-JSNFM,2025-09-06,Premium Support,0.0,No,,Loyal,Yes
OFF002533,9565-JSNFM,2024-06-02,Loyalty Reward,0.0,No,,Loyal,Yes
OFF002534,9565-JSNFM,2023-06-09,Free 3 Months Streaming,0.0,No,,Loyal,Yes
OFF002535,0607-DAAHE,2025-02-26,Free Installation,0.0,No,,Loyal,Yes
OFF002536,9732-KPKBW,2023-04-18,10% Discount,5.4,No,,New,Yes
OFF002537,9732-KPKBW,2025-11-01,Free 3 Months Streaming,0.0,No,,New,Yes
OFF002538,9732-KPKBW,2023-01-14,Free Upgrade,0.0,Yes,2023-01-16,New,Yes
OFF002539,3389-YGYAI,2025-03-06,Loyalty Reward,0.0,No,,New,Yes
OFF002540,3389-YGYAI,2024-07-01,10% Discount,10.55,Yes,2024-07-08,New,Yes
OFF002541,9560-ARGQJ,2025-07-22,Loyalty Reward,0.0,No,,Regular,Yes
OFF002542,5134-IKDAY,2024-09-08,Free Upgrade,0.0,No,,New,Yes
OFF002543,5134-IKDAY,2025-11-26,Premium Support,0.0,No,,New,Yes
OFF002544,5134-IKDAY,2024-10-16,Free Upgrade,0.0,No,,New,Yes
OFF002545,3070-DVEYC,2024-03-14,10% Discount,14.75,No,,New,Yes
OFF002546,3070-DVEYC,2025-11-10,Free Installation,0.0,No,,New,Yes
OFF002547,5707-ORNDZ,2025-12-06,10% Discount,5.46,Yes,2025-12-12,New,Yes
OFF002548,8696-JKZNU,2023-10-26,20% Discount,15.25,No,,Loyal,Yes
OFF002549,8696-JKZNU,2025-02-11,Free Upgrade,0.0,Yes,2025-02-18,Loyal,Yes
OFF002550,5380-AFSSK,2024-05-17,Free Installation,0.0,No,,New,Yes
OFF002551,5380-AFSSK,2024-03-16,10% Discount,28.17,No,,New,Yes
OFF002552,5380-AFSSK,2024-01-09,Free Installation,0.0,No,,New,Yes
OFF002553,2055-PDADH,2025-12-18,Loyalty Reward,0.0,Yes,2025-12-21,New,Yes
OFF002554,2055-PDADH,2025-10-10,Extra 100GB Data,100.0,No,,New,Yes
OFF002555,2055-PDADH,2025-05-11,Free Installation,0.0,No,,New,Yes
OFF002556,8714-EUHJO,2024-06-12,Extra 100GB Data,100.0,No,,Regular,Yes
OFF002557,3721-CNEYS,2024-01-16,20% Discount,7.1,Yes,2024-01-20,New,Yes
OFF002558,3721-CNEYS,2025-11-16,20% Discount,21.29,No,,New,Yes
OFF002559,3721-CNEYS,2025-11-04,Free 3 Months Streaming,0.0,No,,New,Yes
OFF002560,2568-OIADY,2025-01-03,Free 3 Months Streaming,0.0,Yes,2025-01-09,Loyal,Yes
OFF002561,2568-OIADY,2024-06-26,Loyalty Reward,0.0,No,,Loyal,Yes
OFF002562,1193-RTSLK,2024-04-11,Loyalty Reward,0.0,Yes,2024-04-14,Loyal,Yes
OFF002563,1193-RTSLK,2025-07-03,Extra 100GB Data,100.0,Yes,2025-07-04,Loyal,Yes
OFF002564,1193-RTSLK,2023-03-18,Cashback ₹500,500.0,No,,Loyal,Yes
OFF002565,2302-ANTDP,2025-08-25,Extra 100GB Data,100.0,No,,Loyal,Yes
OFF002566,2302-ANTDP,2023-10-24,Cashback ₹500,500.0,No,,Loyal,Yes
OFF002567,2302-ANTDP,2025-08-22,Free Upgrade,0.0,No,,Loyal,Yes
OFF002568,5923-GXUOC,2024-05-04,Free 3 Months Streaming,0.0,No,,New,Yes
OFF002569,5923-GXUOC,2023-03-09,Loyalty Reward,0.0,No,,New,Yes
OFF002570,5233-GEEAX,2024-12-15,Free Upgrade,0.0,No,,New,Yes
OFF002571,5233-GEEAX,2025-02-26,Extra 100GB Data,100.0,No,,New,Yes
OFF002572,4432-ADRLB,2023-11-16,30% Discount,4.46,No,,New,Yes
OFF002573,4432-ADRLB,2023-06-27,Free Installation,0.0,No,,New,Yes
OFF002574,4432-ADRLB,2023-06-24,Extra 100GB Data,100.0,No,,New,Yes
OFF002575,8993-PHFWD,2025-03-07,10% Discount,7.57,Yes,2025-03-11,New,Yes
OFF002576,8993-PHFWD,2023-04-16,Extra 100GB Data,100.0,No,,New,Yes
OFF002577,8993-PHFWD,2024-05-02,Cashback ₹500,500.0,No,,New,Yes
OFF002578,1565-RHDJD,2024-09-17,Free Upgrade,0.0,Yes,2024-09-18,New,Yes
OFF002579,1565-RHDJD,2023-08-12,Extra 100GB Data,100.0,No,,New,Yes
OFF002580,7137-RYLPP,2023-08-01,Premium Support,0.0,Yes,2023-08-02,Loyal,Yes
OFF002581,7137-RYLPP,2023-10-09,Free Installation,0.0,No,,Loyal,Yes
OFF002582,7137-RYLPP,2025-07-17,Loyalty Reward,0.0,Yes,2025-07-22,Loyal,Yes
OFF002583,3765-JXVKY,2024-07-05,30% Discount,22.41,No,,New,Yes
OFF002584,3765-JXVKY,2023-07-17,Free Upgrade,0.0,Yes,2023-07-19,New,Yes
OFF002585,7330-WZLNC,2024-09-04,Free 3 Months Streaming,0.0,No,,New,Yes
OFF002586,7330-WZLNC,2023-06-25,Extra 100GB Data,100.0,No,,New,Yes
OFF002587,3957-LXOLK,2024-08-21,20% Discount,31.84,No,,Regular,Yes
OFF002588,3957-LXOLK,2023-06-14,30% Discount,21.23,No,,Regular,Yes
OFF002589,3957-LXOLK,2023-03-19,Free Upgrade,0.0,Yes,2023-03-25,Regular,Yes
OFF002590,6635-MYYYZ,2023-03-01,Cashback ₹500,500.0,Yes,2023-03-08,Regular,Yes
OFF002591,5281-BUZGT,2023-05-24,30% Discount,9.08,No,,Loyal,Yes
OFF002592,5378-IKEEG,2025-01-22,Free 3 Months Streaming,0.0,Yes,2025-01-27,New,Yes
OFF002593,2718-GAXQD,2025-10-21,Loyalty Reward,0.0,No,,New,Yes
OFF002594,2718-GAXQD,2023-04-23,Free Installation,0.0,Yes,2023-04-28,New,Yes
OFF002595,2718-GAXQD,2024-11-03,30% Discount,4.6,No,,New,Yes
OFF002596,6413-XKKPU,2023-10-01,10% Discount,17.88,No,,Regular,Yes
OFF002597,6413-XKKPU,2025-02-20,Free 3 Months Streaming,0.0,No,,Regular,Yes
OFF002598,1449-XQEMT,2024-09-28,Premium Support,0.0,Yes,2024-09-28,New,Yes
OFF002599,1449-XQEMT,2025-04-06,Extra 100GB Data,100.0,Yes,2025-04-08,New,Yes
OFF002600,2626-URJFX,2024-06-25,Premium Support,0.0,No,,New,Yes
OFF002601,2626-URJFX,2023-11-27,Free Upgrade,0.0,No,,New,Yes
OFF002602,2626-URJFX,2023-06-18,30% Discount,5.09,No,,New,Yes
OFF002603,2612-RRIDN,2023-08-05,Premium Support,0.0,No,,New,Yes
OFF002604,4735-ASGMA,2023-04-14,30% Discount,29.5,Yes,2023-04-20,Regular,Yes
OFF002605,4735-ASGMA,2023-12-28,10% Discount,29.5,No,,Regular,Yes
OFF002606,3669-LVWZB,2023-08-06,Free 3 Months Streaming,0.0,No,,New,Yes
OFF002607,3669-LVWZB,2023-04-06,Loyalty Reward,0.0,Yes,2023-04-08,New,Yes
OFF002608,3669-LVWZB,2025-02-10,30% Discount,10.2,Yes,2025-02-12,New,Yes
OFF002609,6892-EZDTG,2024-02-14,Loyalty Reward,0.0,No,,New,Yes
OFF002610,6892-EZDTG,2024-09-09,20% Discount,18.33,Yes,2024-09-10,New,Yes
OFF002611,9725-SCPZG,2025-03-24,Free Upgrade,0.0,No,,New,Yes
OFF002612,5884-GCYMI,2025-01-11,Free 3 Months Streaming,0.0,No,,New,Yes
OFF002613,5884-GCYMI,2024-03-17,Extra 100GB Data,100.0,No,,New,Yes
OFF002614,3217-FZDMN,2023-06-16,10% Discount,18.89,Yes,2023-06-17,New,Yes
OFF002615,3217-FZDMN,2023-05-27,20% Discount,28.34,No,,New,Yes
OFF002616,3217-FZDMN,2023-01-27,Extra 100GB Data,100.0,No,,New,Yes
OFF002617,7853-GVUDZ,2025-12-19,Cashback ₹500,500.0,No,,New,Yes
OFF002618,7853-GVUDZ,2025-09-22,Cashback ₹500,500.0,No,,New,Yes
OFF002619,7480-QNVZJ,2024-08-15,Cashback ₹500,500.0,No,,Loyal,Yes
OFF002620,7480-QNVZJ,2025-06-08,Extra 100GB Data,100.0,No,,Loyal,Yes
OFF002621,7480-QNVZJ,2024-10-21,Extra 100GB Data,100.0,No,,Loyal,Yes
OFF002622,3943-KDREE,2023-03-05,10% Discount,14.99,Yes,2023-03-07,Regular,Yes
OFF002623,3943-KDREE,2024-05-22,Extra 100GB Data,100.0,No,,Regular,Yes
OFF002624,3943-KDREE,2025-12-26,Free 3 Months Streaming,0.0,Yes,2025-12-28,Regular,Yes
OFF002625,9239-ZBZZV,2024-07-22,Free Upgrade,0.0,No,,New,Yes
OFF002626,9239-ZBZZV,2023-09-08,Cashback ₹500,500.0,Yes,2023-09-11,New,Yes
OFF002627,4398-HSCJH,2025-10-27,Free Installation,0.0,Yes,2025-10-28,New,Yes
OFF002628,4398-HSCJH,2024-03-27,30% Discount,19.08,No,,New,Yes
OFF002629,4398-HSCJH,2024-06-10,Extra 100GB Data,100.0,Yes,2024-06-17,New,Yes
OFF002630,4430-UZIPO,2023-12-28,Free Upgrade,0.0,No,,New,Yes
OFF002631,4430-UZIPO,2023-02-23,20% Discount,11.05,No,,New,Yes
OFF002632,4430-UZIPO,2024-06-13,30% Discount,3.69,No,,New,Yes
OFF002633,4855-SNKMY,2023-08-21,10% Discount,8.82,No,,New,Yes
OFF002634,4855-SNKMY,2023-03-14,Loyalty Reward,0.0,No,,New,Yes
OFF002635,8008-HAWED,2023-09-01,Loyalty Reward,0.0,Yes,2023-09-03,Regular,Yes
OFF002636,8008-HAWED,2024-02-14,Premium Support,0.0,Yes,2024-02-17,Regular,Yes
OFF002637,7124-UGSUR,2024-12-21,Free Upgrade,0.0,No,,Loyal,Yes
OFF002638,7124-UGSUR,2025-04-16,Cashback ₹500,500.0,No,,Loyal,Yes
OFF002639,7124-UGSUR,2023-06-24,Cashback ₹500,500.0,Yes,2023-06-25,Loyal,Yes
OFF002640,1862-SKORY,2025-07-17,Premium Support,0.0,No,,Loyal,Yes
OFF002641,1862-SKORY,2023-03-14,Free Installation,0.0,Yes,2023-03-20,Loyal,Yes
OFF002642,1862-SKORY,2024-05-11,Free 3 Months Streaming,0.0,Yes,2024-05-14,Loyal,Yes
OFF002643,1502-XFCVR,2025-08-15,10% Discount,10.65,Yes,2025-08-16,Loyal,Yes
OFF002644,1502-XFCVR,2024-06-18,Cashback ₹500,500.0,No,,Loyal,Yes
OFF002645,1502-XFCVR,2024-06-18,Free 3 Months Streaming,0.0,No,,Loyal,Yes
OFF002646,9692-TUSXH,2025-10-27,Loyalty Reward,0.0,Yes,2025-10-28,Regular,Yes
OFF002647,9692-TUSXH,2024-07-04,Loyalty Reward,0.0,No,,Regular,Yes
OFF002648,9692-TUSXH,2023-01-14,Free Upgrade,0.0,Yes,2023-01-21,Regular,Yes
OFF002649,7912-SYRQT,2023-02-14,20% Discount,7.51,Yes,2023-02-16,New,Yes
OFF002650,7912-SYRQT,2024-03-28,Loyalty Reward,0.0,No,,New,Yes
OFF002651,7912-SYRQT,2023-07-05,30% Discount,15.02,Yes,2023-07-11,New,Yes
OFF002652,4816-JBHOV,2024-06-16,Loyalty Reward,0.0,Yes,2024-06-23,New,Yes
OFF002653,4816-JBHOV,2025-02-25,Free Upgrade,0.0,Yes,2025-02-28,New,Yes
OFF002654,8292-TYSPY,2025-12-03,Cashback ₹500,500.0,Yes,2025-12-06,Regular,Yes
OFF002655,1867-BDVFH,2023-09-04,Free 3 Months Streaming,0.0,No,,New,Yes
OFF002656,1867-BDVFH,2024-05-24,Cashback ₹500,500.0,No,,New,Yes
OFF002657,2359-QWQUL,2025-07-25,Loyalty Reward,0.0,No,,Loyal,Yes
OFF002658,2359-QWQUL,2024-07-19,10% Discount,20.94,No,,Loyal,Yes
OFF002659,2359-QWQUL,2025-05-21,Cashback ₹500,500.0,Yes,2025-05-28,Loyal,Yes
OFF002660,9103-TCIHJ,2023-06-17,Premium Support,0.0,No,,Regular,Yes
OFF002661,9103-TCIHJ,2024-09-20,Premium Support,0.0,Yes,2024-09-21,Regular,Yes
OFF002662,4140-WJAWW,2023-05-22,Free 3 Months Streaming,0.0,Yes,2023-05-26,New,Yes
OFF002663,4140-WJAWW,2025-08-13,Loyalty Reward,0.0,No,,New,Yes
OFF002664,4140-WJAWW,2023-07-03,Extra 100GB Data,100.0,No,,New,Yes
OFF002665,6653-CBBOM,2023-05-13,Premium Support,0.0,No,,New,Yes
OFF002666,3247-ZVOUO,2023-03-19,Free Installation,0.0,No,,New,Yes
OFF002667,6101-IMRMM,2023-05-03,Extra 100GB Data,100.0,Yes,2023-05-10,New,Yes
OFF002668,6101-IMRMM,2025-07-05,Free Installation,0.0,Yes,2025-07-06,New,Yes
OFF002669,1268-ASBGA,2023-02-24,Cashback ₹500,500.0,No,,Regular,Yes
OFF002670,8943-URTMR,2024-09-26,Cashback ₹500,500.0,No,,New,Yes
OFF002671,8943-URTMR,2023-01-22,Cashback ₹500,500.0,No,,New,Yes
OFF002672,4713-LZDRV,2024-12-21,Extra 100GB Data,100.0,No,,New,Yes
OFF002673,4713-LZDRV,2024-10-14,10% Discount,7.96,Yes,2024-10-19,New,Yes
OFF002674,4325-NFSKC,2025-08-05,Free Upgrade,0.0,No,,Regular,Yes
OFF002675,4325-NFSKC,2024-01-11,Free 3 Months Streaming,0.0,Yes,2024-01-16,Regular,Yes
OFF002676,2955-PSXOE,2023-06-05,Free Upgrade,0.0,No,,New,Yes
OFF002677,7762-URZQH,2024-07-11,Free Installation,0.0,Yes,2024-07-13,Loyal,Yes
OFF002678,7762-URZQH,2023-02-25,Loyalty Reward,0.0,Yes,2023-02-27,Loyal,Yes
OFF002679,7762-URZQH,2024-11-23,20% Discount,10.61,No,,Loyal,Yes
OFF002680,6907-NZZIJ,2023-09-18,Extra 100GB Data,100.0,No,,Loyal,Yes
OFF002681,6907-NZZIJ,2023-04-28,Free Upgrade,0.0,No,,Loyal,Yes
OFF002682,6907-NZZIJ,2025-09-17,10% Discount,19.83,Yes,2025-09-24,Loyal,Yes
OFF002683,2911-UREFD,2024-11-18,Free Installation,0.0,No,,Loyal,Yes
OFF002684,3744-ZRRDZ,2025-10-14,Free 3 Months Streaming,0.0,Yes,2025-10-16,Regular,Yes
OFF002685,5673-TIYIB,2023-05-01,Free Installation,0.0,No,,New,Yes
OFF002686,5673-TIYIB,2024-06-28,Premium Support,0.0,Yes,2024-06-28,New,Yes
OFF002687,1602-IJQQE,2024-11-18,Loyalty Reward,0.0,No,,New,Yes
OFF002688,1602-IJQQE,2023-02-09,30% Discount,15.07,Yes,2023-02-15,New,Yes
OFF002689,1602-IJQQE,2023-06-21,Free 3 Months Streaming,0.0,Yes,2023-06-24,New,Yes
OFF002690,4628-WQCQQ,2024-10-04,Free Installation,0.0,No,,Regular,Yes
OFF002691,4628-WQCQQ,2023-05-20,Extra 100GB Data,100.0,No,,Regular,Yes
OFF002692,4628-WQCQQ,2024-07-12,Cashback ₹500,500.0,No,,Regular,Yes
OFF002693,1644-IRKSF,2023-09-21,Extra 100GB Data,100.0,Yes,2023-09-23,Regular,Yes
OFF002694,1644-IRKSF,2024-05-15,Loyalty Reward,0.0,No,,Regular,Yes
OFF002695,3705-PSNGL,2024-08-15,30% Discount,2.04,No,,Loyal,Yes
OFF002696,3705-PSNGL,2024-09-19,Extra 100GB Data,100.0,No,,Loyal,Yes
OFF002697,6502-HCJTI,2025-05-22,20% Discount,18.94,Yes,2025-05-28,New,Yes
OFF002698,2606-RMDHZ,2024-06-27,10% Discount,3.05,Yes,2024-06-28,New,Yes
OFF002699,2606-RMDHZ,2025-11-06,20% Discount,6.1,No,,New,Yes
OFF002700,8258-GSTJK,2024-11-11,Extra 100GB Data,100.0,Yes,2024-11-12,New,Yes
OFF002701,8258-GSTJK,2025-06-17,Premium Support,0.0,No,,New,Yes
OFF002702,6861-OKBCE,2023-04-05,Extra 100GB Data,100.0,No,,New,Yes
OFF002703,6861-OKBCE,2025-10-05,Loyalty Reward,0.0,No,,New,Yes
OFF002704,6861-OKBCE,2023-05-19,Extra 100GB Data,100.0,Yes,2023-05-22,New,Yes
OFF002705,9940-RHLFB,2025-07-09,Cashback ₹500,500.0,Yes,2025-07-15,New,Yes
OFF002706,9940-RHLFB,2023-11-15,30% Discount,7.53,No,,New,Yes
OFF002707,2995-UPRYS,2024-02-05,Premium Support,0.0,No,,Loyal,Yes
OFF002708,2995-UPRYS,2025-08-11,30% Discount,19.84,No,,Loyal,Yes
OFF002709,6686-YPGHK,2024-05-12,Free Upgrade,0.0,No,,Loyal,Yes
OFF002710,6686-YPGHK,2023-02-10,Cashback ₹500,500.0,Yes,2023-02-14,Loyal,Yes
OFF002711,1383-EZRWL,2025-09-08,20% Discount,4.01,No,,New,Yes
OFF002712,4759-TRPLW,2025-11-13,Free Upgrade,0.0,No,,New,Yes
OFF002713,4759-TRPLW,2023-09-25,Free Installation,0.0,No,,New,Yes
OFF002714,4759-TRPLW,2024-06-10,Cashback ₹500,500.0,No,,New,Yes
OFF002715,8563-IIOXK,2024-09-01,30% Discount,4.98,No,,New,Yes
OFF002716,8020-BWHYL,2024-07-05,Free 3 Months Streaming,0.0,No,,Regular,Yes
OFF002717,8020-BWHYL,2025-07-15,Loyalty Reward,0.0,Yes,2025-07-20,Regular,Yes
OFF002718,8020-BWHYL,2024-05-16,Premium Support,0.0,No,,Regular,Yes
OFF002719,2982-VPSGI,2023-05-02,Premium Support,0.0,No,,New,Yes
OFF002720,2982-VPSGI,2023-08-07,Loyalty Reward,0.0,No,,New,Yes
OFF002721,8199-ZLLSA,2025-12-16,Free Installation,0.0,No,,Loyal,Yes
OFF002722,4625-EWPTF,2025-06-06,Free 3 Months Streaming,0.0,No,,New,Yes
OFF002723,5980-NOPLP,2023-06-28,30% Discount,9.61,Yes,2023-06-28,Loyal,Yes
OFF002724,5980-NOPLP,2025-04-28,Cashback ₹500,500.0,No,,Loyal,Yes
OFF002725,5980-NOPLP,2024-06-08,Cashback ₹500,500.0,No,,Loyal,Yes
OFF002726,6892-XPFPU,2024-03-16,30% Discount,10.43,Yes,2024-03-22,Regular,Yes
OFF002727,8010-EZLOU,2024-04-22,Free 3 Months Streaming,0.0,No,,Regular,Yes
OFF002728,8010-EZLOU,2023-09-27,30% Discount,16.04,No,,Regular,Yes
OFF002729,8010-EZLOU,2023-06-10,Extra 100GB Data,100.0,Yes,2023-06-16,Regular,Yes
OFF002730,9874-QLCLH,2024-11-12,30% Discount,10.42,Yes,2024-11-17,Regular,Yes
OFF002731,9874-QLCLH,2025-11-27,30% Discount,10.42,No,,Regular,Yes
OFF002732,9874-QLCLH,2025-11-19,Free Installation,0.0,No,,Regular,Yes
OFF002733,8062-YBDOE,2025-01-11,Free Upgrade,0.0,Yes,2025-01-14,New,Yes
OFF002734,8062-YBDOE,2025-06-12,Cashback ₹500,500.0,No,,New,Yes
OFF002735,8062-YBDOE,2023-04-12,Loyalty Reward,0.0,Yes,2023-04-19,New,Yes
OFF002736,6000-APYLU,2024-03-08,Free 3 Months Streaming,0.0,No,,New,Yes
OFF002737,6000-APYLU,2025-01-20,10% Discount,8.08,No,,New,Yes
OFF002738,6000-APYLU,2023-09-04,Premium Support,0.0,No,,New,Yes
OFF002739,0947-IDHRQ,2024-08-27,Extra 100GB Data,100.0,No,,New,Yes
OFF002740,0947-IDHRQ,2024-11-20,20% Discount,24.09,No,,New,Yes
OFF002741,3672-YITQD,2023-01-23,30% Discount,8.41,Yes,2023-01-25,Loyal,Yes
OFF002742,3672-YITQD,2024-05-10,Cashback ₹500,500.0,No,,Loyal,Yes
OFF002743,9048-JVYVF,2023-03-01,10% Discount,13.87,Yes,2023-03-04,New,Yes
OFF002744,9048-JVYVF,2025-07-12,Premium Support,0.0,No,,New,Yes
OFF002745,8988-ECPJR,2025-03-06,Cashback ₹500,500.0,No,,Regular,Yes
OFF002746,3776-EKTKM,2024-09-28,Free Upgrade,0.0,No,,New,Yes
OFF002747,1902-XBTFB,2025-02-12,Free Installation,0.0,No,,Regular,Yes
OFF002748,0643-OKLRP,2025-07-01,10% Discount,16.07,Yes,2025-07-07,Loyal,Yes
OFF002749,9381-NDKME,2025-05-10,Cashback ₹500,500.0,Yes,2025-05-14,Regular,Yes
OFF002750,9381-NDKME,2024-03-03,10% Discount,8.13,No,,Regular,Yes
OFF002751,2794-XIMMO,2025-07-20,Cashback ₹500,500.0,Yes,2025-07-21,Loyal,Yes
OFF002752,2794-XIMMO,2024-01-08,Extra 100GB Data,100.0,Yes,2024-01-09,Loyal,Yes
OFF002753,8382-SHQEH,2023-01-15,Loyalty Reward,0.0,No,,New,Yes
OFF002754,2983-ZANRP,2024-11-25,Free Upgrade,0.0,Yes,2024-11-28,New,Yes
OFF002755,2983-ZANRP,2024-04-21,Free Installation,0.0,No,,New,Yes
OFF002756,7845-URHJN,2024-04-02,30% Discount,2.02,No,,New,Yes
OFF002757,7845-URHJN,2025-07-17,Cashback ₹500,500.0,No,,New,Yes
OFF002758,7845-URHJN,2024-12-21,Free 3 Months Streaming,0.0,Yes,2024-12-23,New,Yes
OFF002759,3034-ZBEQN,2025-07-14,Loyalty Reward,0.0,No,,Loyal,Yes
OFF002760,3034-ZBEQN,2025-11-07,Free Upgrade,0.0,Yes,2025-11-10,Loyal,Yes
OFF002761,8327-LZKAS,2023-06-08,Loyalty Reward,0.0,No,,Loyal,Yes
OFF002762,8327-LZKAS,2025-09-13,Free 3 Months Streaming,0.0,No,,Loyal,Yes
OFF002763,1075-BGWOH,2024-04-06,Free Upgrade,0.0,No,,Regular,Yes
OFF002764,1075-BGWOH,2024-03-02,Free Upgrade,0.0,No,,Regular,Yes
OFF002765,1075-BGWOH,2025-06-25,Free 3 Months Streaming,0.0,No,,Regular,Yes
OFF002766,0302-JOIVN,2025-02-01,Free Installation,0.0,Yes,2025-02-06,New,Yes
OFF002767,0302-JOIVN,2025-01-12,Free Installation,0.0,Yes,2025-01-18,New,Yes
OFF002768,5366-IJEQJ,2024-05-17,Free Installation,0.0,No,,Regular,Yes
OFF002769,5366-IJEQJ,2025-08-02,Free Installation,0.0,Yes,2025-08-06,Regular,Yes
OFF002770,1981-INRFU,2024-07-17,Free Upgrade,0.0,No,,New,Yes
OFF002771,1981-INRFU,2023-12-02,30% Discount,23.93,No,,New,Yes
OFF002772,1981-INRFU,2023-05-02,20% Discount,15.95,Yes,2023-05-05,New,Yes
OFF002773,4971-PUYQO,2024-12-01,Free 3 Months Streaming,0.0,Yes,2024-12-07,Regular,Yes
OFF002774,8485-GJCDN,2024-04-17,Free 3 Months Streaming,0.0,Yes,2024-04-23,New,Yes
OFF002775,8485-GJCDN,2023-08-21,10% Discount,20.71,No,,New,Yes
OFF002776,8485-GJCDN,2025-08-20,10% Discount,6.91,Yes,2025-08-22,New,Yes
OFF002777,1527-SXDPN,2024-04-11,Free Upgrade,0.0,No,,Loyal,Yes
OFF002778,1527-SXDPN,2023-01-22,Extra 100GB Data,100.0,Yes,2023-01-28,Loyal,Yes
OFF002779,6029-WTIPC,2023-06-26,Loyalty Reward,0.0,Yes,2023-06-28,Loyal,Yes
OFF002780,8634-CILSZ,2024-07-16,Free 3 Months Streaming,0.0,No,,Loyal,Yes
OFF002781,6682-QJDGB,2025-08-14,30% Discount,16.57,Yes,2025-08-16,Loyal,Yes
OFF002782,8780-IXSTS,2024-07-05,Loyalty Reward,0.0,Yes,2024-07-06,New,Yes
OFF002783,9530-EHPOH,2025-06-15,Cashback ₹500,500.0,No,,New,Yes
OFF002784,0345-HKJVM,2025-04-14,10% Discount,17.86,Yes,2025-04-16,New,Yes
OFF002785,0345-HKJVM,2023-06-22,Loyalty Reward,0.0,No,,New,Yes
OFF002786,3049-SOLAY,2025-06-19,Loyalty Reward,0.0,No,,New,Yes
OFF002787,3049-SOLAY,2024-08-11,Cashback ₹500,500.0,Yes,2024-08-17,New,Yes
OFF002788,3317-HRTNN,2023-09-19,Free Upgrade,0.0,Yes,2023-09-24,New,Yes
OFF002789,3317-HRTNN,2025-04-17,Loyalty Reward,0.0,No,,New,Yes
OFF002790,3317-HRTNN,2023-02-20,Free 3 Months Streaming,0.0,No,,New,Yes
OFF002791,3235-ETOOB,2023-02-01,20% Discount,22.35,Yes,2023-02-04,New,Yes
OFF002792,8058-INTPH,2024-03-21,Premium Support,0.0,No,,New,Yes
OFF002793,8058-INTPH,2025-03-04,30% Discount,7.97,Yes,2025-03-09,New,Yes
OFF002794,8058-INTPH,2023-04-17,Cashback ₹500,500.0,Yes,2023-04-23,New,Yes
OFF002795,5569-OUICF,2025-04-18,Extra 100GB Data,100.0,No,,Regular,Yes
OFF002796,8821-XNHVZ,2024-06-11,Free 3 Months Streaming,0.0,No,,New,Yes
OFF002797,8821-XNHVZ,2023-07-05,Cashback ₹500,500.0,Yes,2023-07-07,New,Yes
OFF002798,8821-XNHVZ,2025-02-09,10% Discount,16.01,Yes,2025-02-10,New,Yes
OFF002799,2082-OJVTK,2024-09-21,Free Upgrade,0.0,Yes,2024-09-27,Regular,Yes
OFF002800,2082-OJVTK,2025-04-05,Premium Support,0.0,No,,Regular,Yes
OFF002801,2082-OJVTK,2023-02-24,Cashback ₹500,500.0,Yes,2023-02-28,Regular,Yes
OFF002802,5940-NFXKV,2024-02-15,Loyalty Reward,0.0,Yes,2024-02-16,Regular,Yes
OFF002803,5940-NFXKV,2025-02-21,Loyalty Reward,0.0,Yes,2025-02-25,Regular,Yes
OFF002804,8053-WWDRO,2023-11-13,Free Upgrade,0.0,Yes,2023-11-19,New,Yes
OFF002805,8053-WWDRO,2024-10-15,20% Discount,1.95,No,,New,Yes
OFF002806,9564-KCLHR,2025-02-01,Free Upgrade,0.0,Yes,2025-02-04,New,Yes
OFF002807,2082-CEFLT,2023-06-16,Free Installation,0.0,No,,New,Yes
OFF002808,2082-CEFLT,2024-02-27,Premium Support,0.0,Yes,2024-02-28,New,Yes
OFF002809,2082-CEFLT,2024-12-27,Cashback ₹500,500.0,No,,New,Yes
OFF002810,1213-NGCUN,2025-04-16,Extra 100GB Data,100.0,No,,New,Yes
OFF002811,5688-KZTSN,2023-11-21,30% Discount,6.0,No,,Regular,Yes
OFF002812,5688-KZTSN,2025-10-13,Free Installation,0.0,Yes,2025-10-17,Regular,Yes
OFF002813,5688-KZTSN,2025-01-13,Free Installation,0.0,No,,Regular,Yes
OFF002814,2894-QOJRX,2024-08-12,Free Installation,0.0,No,,Regular,Yes
OFF002815,5747-PMBSQ,2025-01-28,Loyalty Reward,0.0,Yes,2025-01-28,New,Yes
OFF002816,5747-PMBSQ,2025-05-05,Free 3 Months Streaming,0.0,No,,New,Yes
OFF002817,5747-PMBSQ,2025-06-03,Loyalty Reward,0.0,Yes,2025-06-05,New,Yes
OFF002818,3143-JQEGI,2024-11-20,Premium Support,0.0,Yes,2024-11-23,Regular,Yes
OFF002819,3143-JQEGI,2024-02-11,30% Discount,8.83,Yes,2024-02-14,Regular,Yes
OFF002820,3143-JQEGI,2023-04-22,Free Installation,0.0,No,,Regular,Yes
OFF002821,6386-SZZKH,2023-11-13,20% Discount,10.8,Yes,2023-11-17,Loyal,Yes
OFF002822,6386-SZZKH,2025-05-10,Cashback ₹500,500.0,No,,Loyal,Yes
OFF002823,2982-IHMFT,2025-04-13,20% Discount,7.45,No,,New,Yes
OFF002824,3521-SYVOR,2025-12-01,Premium Support,0.0,No,,Loyal,Yes
OFF002825,3521-SYVOR,2023-06-17,Cashback ₹500,500.0,No,,Loyal,Yes
OFF002826,9526-JAWYF,2023-05-02,20% Discount,26.94,Yes,2023-05-04,Regular,Yes
OFF002827,5649-VUKMC,2023-09-10,10% Discount,9.55,No,,Regular,Yes
OFF002828,5649-VUKMC,2025-12-22,20% Discount,9.55,No,,Regular,Yes
OFF002829,5143-EGQFK,2025-04-27,10% Discount,2.96,Yes,2025-04-28,New,Yes
OFF002830,5143-EGQFK,2025-12-18,Free 3 Months Streaming,0.0,No,,New,Yes
OFF002831,4919-IKATY,2024-02-01,30% Discount,25.35,No,,New,Yes
OFF002832,4919-IKATY,2024-04-20,Extra 100GB Data,100.0,Yes,2024-04-23,New,Yes
OFF002833,4919-IKATY,2023-07-27,10% Discount,25.35,No,,New,Yes
OFF002834,9050-QLROH,2023-08-07,10% Discount,27.21,Yes,2023-08-12,Regular,Yes
OFF002835,6168-WFVVF,2024-04-27,Free Installation,0.0,No,,New,Yes
OFF002836,6168-WFVVF,2024-02-12,Premium Support,0.0,Yes,2024-02-13,New,Yes
OFF002837,0877-SDMBN,2023-08-20,Extra 100GB Data,100.0,Yes,2023-08-27,Loyal,Yes
OFF002838,0877-SDMBN,2024-02-15,Loyalty Reward,0.0,No,,Loyal,Yes
OFF002839,0877-SDMBN,2025-12-16,Cashback ₹500,500.0,No,,Loyal,Yes
OFF002840,8065-YKXKD,2024-04-18,Free Installation,0.0,Yes,2024-04-21,New,Yes
OFF002841,8065-YKXKD,2024-12-05,Extra 100GB Data,100.0,No,,New,Yes
OFF002842,8065-YKXKD,2024-11-07,Cashback ₹500,500.0,No,,New,Yes
OFF002843,9637-EIHEQ,2023-10-03,Free Upgrade,0.0,No,,New,Yes
OFF002844,9637-EIHEQ,2024-07-24,Free Installation,0.0,No,,New,Yes
OFF002845,9689-PTNPG,2024-09-03,30% Discount,16.05,Yes,2024-09-07,New,Yes
OFF002846,9465-RWMXL,2023-04-01,30% Discount,23.67,No,,Regular,Yes
OFF002847,9465-RWMXL,2025-03-27,30% Discount,23.67,No,,Regular,Yes
OFF002848,2362-IBOOY,2024-02-22,20% Discount,8.47,No,,Loyal,Yes
OFF002849,2362-IBOOY,2023-07-24,Cashback ₹500,500.0,No,,Loyal,Yes
OFF002850,2362-IBOOY,2023-04-07,10% Discount,8.47,Yes,2023-04-12,Loyal,Yes
OFF002851,0843-WTBXE,2025-03-21,Free 3 Months Streaming,0.0,No,,Loyal,Yes
OFF002852,5515-IDEJJ,2023-04-25,10% Discount,1.99,No,,New,Yes
OFF002853,7450-NWRTR,2023-11-24,Free Installation,0.0,Yes,2023-11-28,Regular,Yes
OFF002854,5376-DEQCP,2024-01-20,Premium Support,0.0,No,,New,Yes
OFF002855,9095-HFAFX,2024-01-10,10% Discount,8.1,Yes,2024-01-16,New,Yes
OFF002856,9095-HFAFX,2023-05-16,Free Upgrade,0.0,Yes,2023-05-20,New,Yes
OFF002857,9095-HFAFX,2024-05-13,Free Upgrade,0.0,No,,New,Yes
OFF002858,2379-ENZGV,2025-03-13,Free Upgrade,0.0,Yes,2025-03-16,New,Yes
OFF002859,6005-OBZPH,2025-06-03,Free Upgrade,0.0,No,,Regular,Yes
OFF002860,6005-OBZPH,2023-12-07,20% Discount,26.75,Yes,2023-12-08,Regular,Yes
OFF002861,6005-OBZPH,2023-06-05,10% Discount,17.83,Yes,2023-06-07,Regular,Yes
OFF002862,7932-WPTDS,2023-10-10,10% Discount,4.96,No,,New,Yes
OFF002863,7932-WPTDS,2024-06-21,Cashback ₹500,500.0,Yes,2024-06-23,New,Yes
OFF002864,7932-WPTDS,2023-03-13,Cashback ₹500,500.0,No,,New,Yes
OFF002865,2722-VOJQL,2023-01-17,Premium Support,0.0,No,,Loyal,Yes
OFF002866,2722-VOJQL,2025-09-08,Free 3 Months Streaming,0.0,No,,Loyal,Yes
OFF002867,5228-EXCET,2025-10-18,Premium Support,0.0,No,,Regular,Yes
OFF002868,5228-EXCET,2023-11-12,Free Upgrade,0.0,Yes,2023-11-15,Regular,Yes
OFF002869,5228-EXCET,2024-06-17,30% Discount,16.17,No,,Regular,Yes
OFF002870,7394-FKDNK,2023-06-07,Cashback ₹500,500.0,No,,New,Yes
OFF002871,7394-FKDNK,2023-06-02,Premium Support,0.0,No,,New,Yes
OFF002872,7394-FKDNK,2023-08-21,Premium Support,0.0,No,,New,Yes
OFF002873,6331-LWDTQ,2023-10-25,Free Installation,0.0,No,,New,Yes
OFF002874,1597-FZREH,2024-01-01,30% Discount,7.64,No,,New,Yes
OFF002875,7000-WCEVQ,2024-01-05,Free Installation,0.0,Yes,2024-01-08,Regular,Yes
OFF002876,7000-WCEVQ,2024-07-18,10% Discount,12.32,No,,Regular,Yes
OFF002877,0727-IWKVK,2024-06-27,10% Discount,15.98,Yes,2024-06-28,New,Yes
OFF002878,0727-IWKVK,2024-04-02,Free 3 Months Streaming,0.0,No,,New,Yes
OFF002879,5959-BELXA,2025-07-02,30% Discount,9.62,Yes,2025-07-03,Regular,Yes
OFF002880,3512-IZIKN,2024-08-13,30% Discount,6.53,No,,Loyal,Yes
OFF002881,3512-IZIKN,2025-10-12,Cashback ₹500,500.0,Yes,2025-10-13,Loyal,Yes
OFF002882,6141-OOXUQ,2025-04-09,Extra 100GB Data,100.0,Yes,2025-04-11,New,Yes
OFF002883,6141-OOXUQ,2023-10-28,Premium Support,0.0,Yes,2023-10-28,New,Yes
OFF002884,7503-ZGUZJ,2024-01-23,Free Upgrade,0.0,No,,New,Yes
OFF002885,2506-TNFCO,2024-10-02,Cashback ₹500,500.0,No,,New,Yes
OFF002886,2506-TNFCO,2025-12-04,Loyalty Reward,0.0,Yes,2025-12-10,New,Yes
OFF002887,8718-PTMEZ,2025-03-19,Cashback ₹500,500.0,Yes,2025-03-24,Regular,Yes
OFF002888,8718-PTMEZ,2025-07-28,Free 3 Months Streaming,0.0,Yes,2025-07-28,Regular,Yes
OFF002889,2207-OBZNX,2023-06-10,Free Upgrade,0.0,No,,New,Yes
OFF002890,6142-VSJQO,2023-02-18,Cashback ₹500,500.0,No,,New,Yes
OFF002891,6437-UKHMV,2023-04-17,Free 3 Months Streaming,0.0,Yes,2023-04-18,New,Yes
OFF002892,6437-UKHMV,2025-09-04,Free 3 Months Streaming,0.0,Yes,2025-09-06,New,Yes
OFF002893,1114-CENIM,2025-09-15,Free Upgrade,0.0,Yes,2025-09-16,Loyal,Yes
OFF002894,1114-CENIM,2023-04-21,20% Discount,5.5,Yes,2023-04-24,Loyal,Yes
OFF002895,1114-CENIM,2024-01-04,30% Discount,5.5,Yes,2024-01-06,Loyal,Yes
OFF002896,6060-DRTNL,2024-11-27,Free 3 Months Streaming,0.0,No,,New,Yes
OFF002897,6060-DRTNL,2023-01-18,Cashback ₹500,500.0,No,,New,Yes
OFF002898,8473-VUVJN,2023-03-17,Extra 100GB Data,100.0,Yes,2023-03-24,New,Yes
OFF002899,8473-VUVJN,2024-08-13,20% Discount,22.1,No,,New,Yes
OFF002900,8473-VUVJN,2023-11-16,30% Discount,14.73,Yes,2023-11-22,New,Yes
OFF002901,6289-CPNLD,2025-01-08,Premium Support,0.0,Yes,2025-01-14,Regular,Yes
OFF002902,5536-SLHPM,2025-01-12,Extra 100GB Data,100.0,No,,Loyal,Yes
OFF002903,5536-SLHPM,2025-07-07,Free Upgrade,0.0,No,,Loyal,Yes
OFF002904,0196-VULGZ,2025-10-18,20% Discount,25.3,No,,New,Yes
OFF002905,0196-VULGZ,2023-08-25,Premium Support,0.0,No,,New,Yes
OFF002906,0196-VULGZ,2025-12-13,Free Upgrade,0.0,No,,New,Yes
OFF002907,8837-VVWLQ,2025-10-05,30% Discount,25.48,No,,New,Yes
OFF002908,2696-NARTR,2024-05-13,10% Discount,22.15,No,,New,Yes
OFF002909,2696-NARTR,2024-11-01,30% Discount,22.15,No,,New,Yes
OFF002910,7614-QVWQL,2023-10-17,Cashback ₹500,500.0,No,,Loyal,Yes
OFF002911,7614-QVWQL,2023-10-14,30% Discount,10.36,Yes,2023-10-17,Loyal,Yes
OFF002912,1976-CFOCS,2024-08-12,20% Discount,4.6,No,,New,Yes
OFF002913,1976-CFOCS,2024-08-23,30% Discount,4.6,Yes,2024-08-27,New,Yes
OFF002914,4631-OACRM,2023-08-06,Loyalty Reward,0.0,Yes,2023-08-09,Regular,Yes
OFF002915,3755-JBMNH,2024-08-16,Free Upgrade,0.0,No,,Regular,Yes
OFF002916,3755-JBMNH,2023-09-15,Free Installation,0.0,Yes,2023-09-19,Regular,Yes
OFF002917,3755-JBMNH,2025-08-04,20% Discount,21.54,No,,Regular,Yes
OFF002918,6345-ULYRW,2025-12-15,Free Upgrade,0.0,No,,Loyal,Yes
OFF002919,6345-ULYRW,2025-07-07,30% Discount,17.68,Yes,2025-07-14,Loyal,Yes
OFF002920,1809-DMJHQ,2023-12-12,Extra 100GB Data,100.0,No,,New,Yes
OFF002921,1809-DMJHQ,2025-01-20,Free Upgrade,0.0,Yes,2025-01-21,New,Yes
OFF002922,6923-EFPNL,2023-01-20,30% Discount,10.35,Yes,2023-01-26,New,Yes
OFF002923,9574-RKJIF,2023-07-22,Free Installation,0.0,No,,Regular,Yes
OFF002924,9574-RKJIF,2025-12-11,20% Discount,18.88,Yes,2025-12-15,Regular,Yes
OFF002925,2619-WFQWU,2024-12-05,Loyalty Reward,0.0,Yes,2024-12-08,New,Yes
OFF002926,2619-WFQWU,2025-09-20,Loyalty Reward,0.0,No,,New,Yes
OFF002927,0778-NELLA,2024-10-17,Free 3 Months Streaming,0.0,Yes,2024-10-22,New,Yes
OFF002928,0778-NELLA,2025-05-27,Free Upgrade,0.0,Yes,2025-05-28,New,Yes
OFF002929,4614-NUVZD,2025-04-16,Free Upgrade,0.0,No,,New,Yes
OFF002930,3803-KMQFW,2024-05-28,Premium Support,0.0,Yes,2024-05-28,New,Yes
OFF002931,3803-KMQFW,2025-01-04,Extra 100GB Data,100.0,Yes,2025-01-06,New,Yes
OFF002932,6804-GDMOI,2023-07-07,Free 3 Months Streaming,0.0,Yes,2023-07-11,Loyal,Yes
OFF002933,9572-MTILT,2023-01-27,20% Discount,21.35,Yes,2023-01-28,Loyal,Yes
OFF002934,9611-CTWIH,2024-02-11,20% Discount,26.84,Yes,2024-02-12,New,Yes
OFF002935,0329-GTIAJ,2024-10-15,Extra 100GB Data,100.0,Yes,2024-10-20,New,Yes
OFF002936,6629-CZTTH,2025-09-14,Loyalty Reward,0.0,Yes,2025-09-21,New,Yes
OFF002937,5364-EVNIB,2025-11-12,Free Upgrade,0.0,Yes,2025-11-14,Regular,Yes
OFF002938,5364-EVNIB,2024-07-18,Free Installation,0.0,Yes,2024-07-25,Regular,Yes
OFF002939,5364-EVNIB,2025-08-05,Free Upgrade,0.0,No,,Regular,Yes
OFF002940,5087-SUURX,2025-03-03,Loyalty Reward,0.0,Yes,2025-03-04,Regular,Yes
OFF002941,5087-SUURX,2023-05-10,Extra 100GB Data,100.0,No,,Regular,Yes
OFF002942,5087-SUURX,2024-01-07,20% Discount,3.9,Yes,2024-01-13,Regular,Yes
OFF002943,0013-EXCHZ,2025-02-11,10% Discount,8.39,No,,New,Yes
OFF002944,0013-EXCHZ,2024-08-16,Cashback ₹500,500.0,No,,New,Yes
OFF002945,0013-EXCHZ,2025-08-28,Loyalty Reward,0.0,Yes,2025-08-28,New,Yes
OFF002946,5550-VFRLC,2025-09-22,Cashback ₹500,500.0,Yes,2025-09-28,New,Yes
OFF002947,5550-VFRLC,2023-04-08,Free Installation,0.0,Yes,2023-04-11,New,Yes
OFF002948,4929-BSTRX,2024-03-23,20% Discount,10.71,No,,New,Yes
OFF002949,4929-BSTRX,2025-01-26,30% Discount,10.71,No,,New,Yes
OFF002950,2225-ZRGSG,2023-10-07,Free Upgrade,0.0,No,,Loyal,Yes
OFF002951,2225-ZRGSG,2025-01-15,Cashback ₹500,500.0,Yes,2025-01-19,Loyal,Yes
OFF002952,5271-YNWVR,2025-07-11,10% Discount,33.95,No,,Loyal,Yes
OFF002953,5271-YNWVR,2024-09-11,Free 3 Months Streaming,0.0,Yes,2024-09-16,Loyal,Yes
OFF002954,2657-ALMWY,2023-03-21,Loyalty Reward,0.0,No,,Regular,Yes
OFF002955,2657-ALMWY,2025-03-01,Extra 100GB Data,100.0,No,,Regular,Yes
OFF002956,6330-JKLPC,2023-03-21,Extra 100GB Data,100.0,Yes,2023-03-28,New,Yes
OFF002957,6330-JKLPC,2024-02-02,Extra 100GB Data,100.0,Yes,2024-02-07,New,Yes
OFF002958,6330-JKLPC,2024-06-01,20% Discount,8.05,Yes,2024-06-02,New,Yes
OFF002959,4667-OHGKG,2024-06-16,Free 3 Months Streaming,0.0,No,,New,Yes
OFF002960,4667-OHGKG,2023-12-04,10% Discount,3.86,No,,New,Yes
OFF002961,4667-OHGKG,2025-09-19,Cashback ₹500,500.0,No,,New,Yes
OFF002962,1660-HSOOQ,2024-12-22,Free 3 Months Streaming,0.0,Yes,2024-12-28,New,Yes
OFF002963,7253-UVNDW,2023-10-15,Premium Support,0.0,No,,Loyal,Yes
OFF002964,7253-UVNDW,2025-02-05,Extra 100GB Data,100.0,No,,Loyal,Yes
OFF002965,7253-UVNDW,2024-06-08,10% Discount,5.44,No,,Loyal,Yes
OFF002966,7228-OMTPN,2025-10-11,Loyalty Reward,0.0,Yes,2025-10-15,New,Yes
OFF002967,7228-OMTPN,2023-05-17,10% Discount,8.85,No,,New,Yes
OFF002968,6284-AHOOQ,2023-05-28,Free Upgrade,0.0,Yes,2023-05-28,Regular,Yes
OFF002969,2344-JMOGN,2025-12-16,Free Installation,0.0,No,,New,Yes
OFF002970,2344-JMOGN,2023-05-03,20% Discount,18.97,No,,New,Yes
OFF002971,2344-JMOGN,2025-09-21,Free Installation,0.0,No,,New,Yes
OFF002972,3799-ISUZQ,2025-04-16,Premium Support,0.0,No,,New,Yes
OFF002973,3799-ISUZQ,2025-07-01,30% Discount,13.99,Yes,2025-07-04,New,Yes
OFF002974,3799-ISUZQ,2024-11-04,20% Discount,13.99,Yes,2024-11-06,New,Yes
OFF002975,1794-HBQTJ,2023-11-26,Free 3 Months Streaming,0.0,Yes,2023-11-28,New,Yes
OFF002976,1794-HBQTJ,2023-01-08,Loyalty Reward,0.0,No,,New,Yes
OFF002977,2460-FPSYH,2025-10-21,Extra 100GB Data,100.0,No,,Loyal,Yes
OFF002978,4818-DRBQT,2023-12-02,Premium Support,0.0,Yes,2023-12-06,Regular,Yes
OFF002979,4818-DRBQT,2023-05-15,20% Discount,8.02,No,,Regular,Yes
OFF002980,1320-HTRDR,2025-01-28,Free Upgrade,0.0,No,,New,Yes
OFF002981,1320-HTRDR,2024-08-12,Premium Support,0.0,No,,New,Yes
OFF002982,1493-AMTIE,2025-05-17,Loyalty Reward,0.0,Yes,2025-05-19,New,Yes
OFF002983,1493-AMTIE,2023-08-22,10% Discount,6.06,Yes,2023-08-26,New,Yes
OFF002984,1493-AMTIE,2023-10-05,Free Upgrade,0.0,No,,New,Yes
OFF002985,6424-ELEYH,2025-01-01,Free Installation,0.0,Yes,2025-01-06,New,Yes
OFF002986,6424-ELEYH,2023-05-18,Free Upgrade,0.0,No,,New,Yes
OFF002987,4391-RESHN,2025-11-07,Cashback ₹500,500.0,No,,Regular,Yes
OFF002988,4391-RESHN,2024-04-07,Cashback ₹500,500.0,No,,Regular,Yes
OFF002989,6821-BUXUX,2025-07-13,Free Installation,0.0,Yes,2025-07-14,Regular,Yes
OFF002990,6821-BUXUX,2024-12-23,Loyalty Reward,0.0,No,,Regular,Yes
OFF002991,5028-HTLJB,2023-12-05,Free Installation,0.0,Yes,2023-12-07,New,Yes
OFF002992,9801-GDWGV,2023-11-03,Free Installation,0.0,No,,Loyal,Yes
OFF002993,2320-JRSDE,2025-11-07,20% Discount,3.98,No,,New,Yes
OFF002994,2320-JRSDE,2023-12-08,20% Discount,1.99,Yes,2023-12-15,New,Yes
OFF002995,2320-JRSDE,2023-06-27,Free 3 Months Streaming,0.0,No,,New,Yes
OFF002996,0601-WZHJF,2024-04-07,Free Upgrade,0.0,No,,Regular,Yes
OFF002997,0601-WZHJF,2023-11-22,20% Discount,9.27,Yes,2023-11-23,Regular,Yes
OFF002998,5143-WMWOG,2024-04-11,Extra 100GB Data,100.0,Yes,2024-04-17,New,Yes
OFF002999,5143-WMWOG,2024-01-02,10% Discount,5.98,No,,New,Yes
OFF003000,5143-WMWOG,2024-07-08,Loyalty Reward,0.0,Yes,2024-07-09,New,Yes
OFF003001,5393-RXQSZ,2023-02-24,Premium Support,0.0,No,,New,Yes
OFF003002,0231-LXVAP,2023-05-16,Loyalty Reward,0.0,No,,New,Yes
OFF003003,0231-LXVAP,2025-10-17,Free 3 Months Streaming,0.0,Yes,2025-10-19,New,Yes
OFF003004,0231-LXVAP,2023-08-03,Extra 100GB Data,100.0,Yes,2023-08-04,New,Yes
OFF003005,9444-JTXHZ,2024-11-08,30% Discount,22.86,No,,New,Yes
OFF003006,9444-JTXHZ,2023-11-08,Free Installation,0.0,No,,New,Yes
OFF003007,9444-JTXHZ,2023-02-17,Premium Support,0.0,Yes,2023-02-18,New,Yes
OFF003008,5510-BOIUJ,2024-04-19,30% Discount,1.93,Yes,2024-04-24,New,Yes
OFF003009,5510-BOIUJ,2023-06-08,Extra 100GB Data,100.0,Yes,2023-06-10,New,Yes
OFF003010,4471-KXAUH,2023-05-02,Premium Support,0.0,Yes,2023-05-08,Loyal,Yes
OFF003011,4471-KXAUH,2024-01-10,Free Installation,0.0,No,,Loyal,Yes
OFF003012,7638-QVMVY,2025-06-01,Cashback ₹500,500.0,Yes,2025-06-02,New,Yes
OFF003013,7638-QVMVY,2024-10-05,Extra 100GB Data,100.0,No,,New,Yes
OFF003014,3244-DCJWY,2024-06-19,10% Discount,7.03,No,,New,Yes
OFF003015,0875-CABNR,2024-09-12,10% Discount,25.38,Yes,2024-09-16,New,Yes
OFF003016,0875-CABNR,2024-06-14,20% Discount,8.46,Yes,2024-06-20,New,Yes
OFF003017,7812-FZHPE,2025-05-08,Free Upgrade,0.0,Yes,2025-05-15,Regular,Yes
OFF003018,4797-AXPXK,2023-02-13,Free 3 Months Streaming,0.0,No,,New,Yes
OFF003019,4797-AXPXK,2024-03-15,Premium Support,0.0,No,,New,Yes
OFF003020,4797-AXPXK,2023-01-06,Free 3 Months Streaming,0.0,Yes,2023-01-11,New,Yes
OFF003021,5229-PRWKT,2023-03-13,10% Discount,8.65,Yes,2023-03-18,New,Yes
OFF003022,5229-PRWKT,2025-03-23,30% Discount,17.31,Yes,2025-03-26,New,Yes
OFF003023,5229-PRWKT,2024-11-19,Extra 100GB Data,100.0,Yes,2024-11-20,New,Yes
OFF003024,6982-UQZLY,2024-08-16,10% Discount,2.09,No,,New,Yes
OFF003025,5057-LCOUI,2025-03-12,Premium Support,0.0,No,,Loyal,Yes
OFF003026,0193-ESZXP,2023-04-20,Extra 100GB Data,100.0,Yes,2023-04-24,Loyal,Yes
OFF003027,0193-ESZXP,2024-03-21,Free Upgrade,0.0,Yes,2024-03-28,Loyal,Yes
OFF003028,0193-ESZXP,2025-09-22,Extra 100GB Data,100.0,No,,Loyal,Yes
OFF003029,4369-HTUIF,2023-02-22,10% Discount,8.52,No,,New,Yes
OFF003030,4369-HTUIF,2023-05-16,Free Installation,0.0,No,,New,Yes
OFF003031,0156-FVPTA,2025-06-01,Extra 100GB Data,100.0,No,,Regular,Yes
OFF003032,1984-FCOWB,2024-09-08,Extra 100GB Data,100.0,No,,Loyal,Yes
OFF003033,0654-HMSHN,2024-05-23,Cashback ₹500,500.0,Yes,2024-05-25,Regular,Yes
OFF003034,0654-HMSHN,2023-10-22,Cashback ₹500,500.0,No,,Regular,Yes
OFF003035,0654-HMSHN,2025-08-24,Free 3 Months Streaming,0.0,No,,Regular,Yes
OFF003036,5287-QWLKY,2024-01-27,Free Installation,0.0,Yes,2024-01-28,Loyal,Yes
OFF003037,5287-QWLKY,2023-12-26,Cashback ₹500,500.0,Yes,2023-12-28,Loyal,Yes
OFF003038,5196-SGOAK,2025-09-11,Premium Support,0.0,No,,New,Yes
OFF003039,5196-SGOAK,2024-05-25,Premium Support,0.0,Yes,2024-05-28,New,Yes
OFF003040,1891-UAWWU,2024-07-14,30% Discount,27.24,No,,Regular,Yes
OFF003041,1891-UAWWU,2023-07-12,20% Discount,9.08,No,,Regular,Yes
OFF003042,6108-OQZDQ,2025-09-24,Free 3 Months Streaming,0.0,No,,New,Yes
OFF003043,0363-QJVFX,2024-04-07,Extra 100GB Data,100.0,Yes,2024-04-14,Regular,Yes
OFF003044,0363-QJVFX,2024-01-06,30% Discount,21.63,No,,Regular,Yes
OFF003045,0363-QJVFX,2025-04-17,Premium Support,0.0,Yes,2025-04-23,Regular,Yes
OFF003046,9840-DVNDC,2025-12-25,Premium Support,0.0,No,,New,Yes
OFF003047,3096-JRDSO,2023-07-09,20% Discount,20.86,Yes,2023-07-11,Regular,Yes
OFF003048,3096-JRDSO,2024-02-06,Free Upgrade,0.0,No,,Regular,Yes
OFF003049,3096-JRDSO,2025-04-01,Free Upgrade,0.0,No,,Regular,Yes
OFF003050,8042-JVNFH,2024-09-15,Free Installation,0.0,Yes,2024-09-16,New,Yes
OFF003051,3374-LXDEV,2024-01-27,Premium Support,0.0,No,,Regular,Yes
OFF003052,5049-GLYVG,2024-05-03,Extra 100GB Data,100.0,No,,New,Yes
OFF003053,5883-GTGVD,2023-08-23,Extra 100GB Data,100.0,No,,Regular,Yes
OFF003054,4817-QRJSX,2025-11-01,20% Discount,16.2,No,,New,Yes
OFF003055,4817-QRJSX,2024-08-11,20% Discount,16.2,Yes,2024-08-15,New,Yes
OFF003056,4817-QRJSX,2023-03-27,Cashback ₹500,500.0,No,,New,Yes
OFF003057,2398-YPMUR,2025-01-13,Loyalty Reward,0.0,Yes,2025-01-18,Regular,Yes
OFF003058,2398-YPMUR,2025-01-28,Premium Support,0.0,No,,Regular,Yes
OFF003059,2398-YPMUR,2025-12-16,Extra 100GB Data,100.0,Yes,2025-12-22,Regular,Yes
OFF003060,9985-MWVIX,2024-04-07,10% Discount,14.03,No,,New,Yes
OFF003061,1265-XTECC,2023-01-18,20% Discount,9.66,Yes,2023-01-19,Loyal,Yes
OFF003062,1265-XTECC,2023-12-13,Loyalty Reward,0.0,No,,Loyal,Yes
OFF003063,1265-XTECC,2025-05-21,10% Discount,9.66,No,,Loyal,Yes
OFF003064,2237-ZFSMY,2024-02-12,20% Discount,19.11,No,,Loyal,Yes
OFF003065,2237-ZFSMY,2025-10-23,20% Discount,28.66,No,,Loyal,Yes
OFF003066,4871-JTKJF,2025-01-28,30% Discount,6.97,Yes,2025-01-28,New,Yes
OFF003067,4871-JTKJF,2023-10-05,Cashback ₹500,500.0,Yes,2023-10-08,New,Yes
OFF003068,1415-YFWLT,2023-10-14,Free Upgrade,0.0,Yes,2023-10-20,New,Yes
OFF003069,1415-YFWLT,2023-06-02,Premium Support,0.0,No,,New,Yes
OFF003070,6711-VTNRE,2025-04-26,30% Discount,17.51,No,,Loyal,Yes
OFF003071,6711-VTNRE,2025-06-28,10% Discount,17.51,No,,Loyal,Yes
OFF003072,3500-RMZLT,2025-04-05,30% Discount,19.26,Yes,2025-04-11,Regular,Yes
OFF003073,3500-RMZLT,2023-02-16,30% Discount,28.89,No,,Regular,Yes
OFF003074,3500-RMZLT,2025-06-02,30% Discount,9.63,Yes,2025-06-05,Regular,Yes
OFF003075,4548-SDBKE,2023-05-25,Extra 100GB Data,100.0,No,,New,Yes
OFF003076,4548-SDBKE,2025-02-18,30% Discount,25.56,Yes,2025-02-19,New,Yes
OFF003077,8066-POXGX,2025-11-14,Loyalty Reward,0.0,No,,Regular,Yes
OFF003078,8066-POXGX,2025-06-03,20% Discount,10.53,Yes,2025-06-09,Regular,Yes
OFF003079,8066-POXGX,2023-02-23,Loyalty Reward,0.0,Yes,2023-02-26,Regular,Yes
OFF003080,4143-OOBWZ,2025-05-05,Loyalty Reward,0.0,No,,New,Yes
OFF003081,4143-OOBWZ,2023-08-02,20% Discount,8.13,No,,New,Yes
OFF003082,7854-EKTJL,2023-08-02,20% Discount,1.96,Yes,2023-08-03,New,Yes
OFF003083,9102-IAYHT,2024-09-06,Loyalty Reward,0.0,No,,Regular,Yes
OFF003084,9102-IAYHT,2025-07-07,20% Discount,25.64,Yes,2025-07-12,Regular,Yes
OFF003085,3422-LYEPQ,2024-10-19,10% Discount,21.3,Yes,2024-10-21,New,Yes
OFF003086,2642-DTVCO,2025-09-17,Free 3 Months Streaming,0.0,Yes,2025-09-24,New,Yes
OFF003087,2642-DTVCO,2023-04-21,Free Upgrade,0.0,No,,New,Yes
OFF003088,2642-DTVCO,2024-03-20,30% Discount,8.51,Yes,2024-03-27,New,Yes
OFF003089,4361-JEIVL,2024-11-12,Free 3 Months Streaming,0.0,No,,New,Yes
OFF003090,1363-TXLSL,2024-05-22,Free Upgrade,0.0,No,,New,Yes
OFF003091,1363-TXLSL,2025-04-04,Free Upgrade,0.0,No,,New,Yes
OFF003092,1363-TXLSL,2024-03-19,20% Discount,21.09,Yes,2024-03-22,New,Yes
OFF003093,9507-EXLTT,2024-10-18,Premium Support,0.0,No,,New,Yes
OFF003094,9507-EXLTT,2025-04-11,Free Installation,0.0,No,,New,Yes
OFF003095,9846-GKXAS,2025-04-10,Extra 100GB Data,100.0,No,,New,Yes
OFF003096,9846-GKXAS,2025-01-28,Free 3 Months Streaming,0.0,No,,New,Yes
OFF003097,6017-PPLPX,2025-07-18,30% Discount,21.14,No,,Regular,Yes
OFF003098,6017-PPLPX,2023-10-27,Loyalty Reward,0.0,No,,Regular,Yes
OFF003099,6017-PPLPX,2025-07-24,Free 3 Months Streaming,0.0,Yes,2025-07-28,Regular,Yes
OFF003100,7136-RVDTZ,2025-09-07,20% Discount,13.57,No,,Loyal,Yes
OFF003101,4581-SSPWD,2025-04-19,Extra 100GB Data,100.0,No,,New,Yes
OFF003102,4581-SSPWD,2023-05-24,Cashback ₹500,500.0,Yes,2023-05-28,New,Yes
OFF003103,4581-SSPWD,2025-03-10,Loyalty Reward,0.0,No,,New,Yes
OFF003104,6927-WTFIV,2023-03-19,10% Discount,7.13,No,,Regular,Yes
OFF003105,6927-WTFIV,2023-12-17,Free 3 Months Streaming,0.0,Yes,2023-12-24,Regular,Yes
OFF003106,6927-WTFIV,2025-08-09,30% Discount,7.13,Yes,2025-08-13,Regular,Yes
OFF003107,3398-ZOUAA,2023-10-19,Premium Support,0.0,No,,Regular,Yes
OFF003108,0378-NHQXU,2024-07-07,Free Installation,0.0,No,,Regular,Yes
OFF003109,4512-ZUIYL,2025-08-26,20% Discount,21.0,Yes,2025-08-28,New,Yes
OFF003110,4512-ZUIYL,2025-12-03,Loyalty Reward,0.0,Yes,2025-12-04,New,Yes
OFF003111,7969-AULMZ,2023-02-24,Free Upgrade,0.0,No,,Regular,Yes
OFF003112,7969-AULMZ,2023-01-19,10% Discount,9.73,Yes,2023-01-20,Regular,Yes
OFF003113,0568-ONFPC,2024-06-27,Free Installation,0.0,No,,New,Yes
OFF003114,0568-ONFPC,2024-01-26,Loyalty Reward,0.0,Yes,2024-01-28,New,Yes
OFF003115,0733-VUNUW,2025-05-26,Loyalty Reward,0.0,No,,Regular,Yes
OFF003116,0733-VUNUW,2024-11-27,Premium Support,0.0,Yes,2024-11-28,Regular,Yes
OFF003117,0733-VUNUW,2023-08-13,20% Discount,11.13,Yes,2023-08-15,Regular,Yes
OFF003118,4550-EVXNY,2024-04-24,Free Installation,0.0,No,,New,Yes
OFF003119,4550-EVXNY,2024-02-14,Extra 100GB Data,100.0,No,,New,Yes
OFF003120,4550-EVXNY,2023-01-22,Loyalty Reward,0.0,No,,New,Yes
OFF003121,2968-SSGAA,2023-01-27,Free 3 Months Streaming,0.0,No,,New,Yes
OFF003122,4844-JJWUY,2023-04-01,10% Discount,17.2,No,,New,Yes
OFF003123,4844-JJWUY,2024-08-14,Free 3 Months Streaming,0.0,No,,New,Yes
OFF003124,4844-JJWUY,2025-09-09,10% Discount,25.8,Yes,2025-09-14,New,Yes
OFF003125,6777-TGHTM,2025-07-11,Loyalty Reward,0.0,Yes,2025-07-16,Loyal,Yes
OFF003126,6777-TGHTM,2024-06-08,20% Discount,32.09,No,,Loyal,Yes
OFF003127,6777-TGHTM,2025-12-02,Free 3 Months Streaming,0.0,Yes,2025-12-08,Loyal,Yes
OFF003128,3538-WZPHD,2024-12-06,Free 3 Months Streaming,0.0,Yes,2024-12-11,New,Yes
OFF003129,3538-WZPHD,2023-02-23,Loyalty Reward,0.0,Yes,2023-02-25,New,Yes
OFF003130,3538-WZPHD,2024-12-04,Free Installation,0.0,Yes,2024-12-06,New,Yes
OFF003131,4785-QRJHC,2023-08-16,Free Upgrade,0.0,Yes,2023-08-21,Loyal,Yes
OFF003132,8610-WFCJF,2024-08-09,10% Discount,9.56,No,,Loyal,Yes
OFF003133,4905-JEFDW,2025-02-05,Extra 100GB Data,100.0,Yes,2025-02-10,New,Yes
OFF003134,4905-JEFDW,2025-02-20,Loyalty Reward,0.0,No,,New,Yes
OFF003135,4905-JEFDW,2023-06-03,Loyalty Reward,0.0,Yes,2023-06-10,New,Yes
OFF003136,7881-INRLC,2023-06-12,Free 3 Months Streaming,0.0,No,,Loyal,Yes
OFF003137,7881-INRLC,2024-06-11,Premium Support,0.0,Yes,2024-06-13,Loyal,Yes
OFF003138,0117-LFRMW,2024-09-24,Free Upgrade,0.0,Yes,2024-09-28,Loyal,Yes
OFF003139,0117-LFRMW,2023-03-09,10% Discount,4.02,No,,Loyal,Yes
OFF003140,6172-FECYY,2025-09-17,Loyalty Reward,0.0,No,,Loyal,Yes
OFF003141,6172-FECYY,2025-01-24,10% Discount,16.9,Yes,2025-01-28,Loyal,Yes
OFF003142,6172-FECYY,2023-08-02,Extra 100GB Data,100.0,Yes,2023-08-04,Loyal,Yes
OFF003143,1965-AKTSX,2024-08-20,20% Discount,15.79,Yes,2024-08-27,Regular,Yes
OFF003144,4786-UKSNZ,2023-06-25,Extra 100GB Data,100.0,Yes,2023-06-28,New,Yes
OFF003145,4786-UKSNZ,2023-07-14,Cashback ₹500,500.0,No,,New,Yes
OFF003146,7248-VZQLC,2025-09-13,20% Discount,8.52,No,,Loyal,Yes
OFF003147,7248-VZQLC,2025-07-21,30% Discount,25.56,Yes,2025-07-24,Loyal,Yes
OFF003148,0011-IGKFF,2024-10-14,30% Discount,9.8,Yes,2024-10-16,Regular,Yes
OFF003149,0011-IGKFF,2023-05-18,Free Installation,0.0,No,,Regular,Yes
OFF003150,4192-GORJT,2024-11-01,10% Discount,9.45,Yes,2024-11-07,New,Yes
OFF003151,4192-GORJT,2024-03-07,10% Discount,18.89,No,,New,Yes
OFF003152,4192-GORJT,2024-05-24,Premium Support,0.0,No,,New,Yes
OFF003153,6496-SLWHQ,2023-08-28,Free Upgrade,0.0,No,,New,Yes
OFF003154,6496-SLWHQ,2025-12-16,20% Discount,10.5,No,,New,Yes
OFF003155,6496-SLWHQ,2024-01-01,Premium Support,0.0,No,,New,Yes
OFF003156,9912-GVSEQ,2025-04-23,Premium Support,0.0,Yes,2025-04-28,Regular,Yes
OFF003157,9912-GVSEQ,2024-08-16,10% Discount,18.77,No,,Regular,Yes
OFF003158,5383-MMTWC,2025-07-05,10% Discount,16.8,Yes,2025-07-12,New,Yes
OFF003159,5383-MMTWC,2024-10-12,20% Discount,25.2,No,,New,Yes
OFF003160,7240-ETPTR,2024-12-14,Free Upgrade,0.0,Yes,2024-12-18,New,Yes
OFF003161,7240-ETPTR,2025-01-26,30% Discount,9.75,No,,New,Yes
OFF003162,2202-CUYXZ,2024-03-20,Free Upgrade,0.0,No,,New,Yes
OFF003163,2202-CUYXZ,2024-07-08,Cashback ₹500,500.0,No,,New,Yes
OFF003164,2202-CUYXZ,2024-08-24,Extra 100GB Data,100.0,No,,New,Yes
OFF003165,5995-OIGLP,2023-09-25,Free 3 Months Streaming,0.0,Yes,2023-09-28,Regular,Yes
OFF003166,5995-OIGLP,2025-07-15,Extra 100GB Data,100.0,Yes,2025-07-21,Regular,Yes
OFF003167,5995-OIGLP,2023-03-06,Free Upgrade,0.0,Yes,2023-03-12,Regular,Yes
OFF003168,6261-RCVNS,2025-03-06,Loyalty Reward,0.0,Yes,2025-03-08,Loyal,Yes
OFF003169,6261-RCVNS,2025-07-18,Premium Support,0.0,No,,Loyal,Yes
OFF003170,6261-RCVNS,2023-10-07,Free 3 Months Streaming,0.0,No,,Loyal,Yes
OFF003171,7951-QKZPL,2025-06-21,Loyalty Reward,0.0,No,,Regular,Yes
OFF003172,3640-PHQXK,2024-09-15,Extra 100GB Data,100.0,Yes,2024-09-20,Regular,Yes
OFF003173,6877-LGWXO,2023-01-01,10% Discount,7.86,Yes,2023-01-04,Regular,Yes
OFF003174,8019-ENHXU,2024-07-11,Free Installation,0.0,No,,Loyal,Yes
OFF003175,5167-GBFRE,2024-07-17,Premium Support,0.0,No,,New,Yes
OFF003176,5167-GBFRE,2023-05-01,Free 3 Months Streaming,0.0,No,,New,Yes
OFF003177,5167-GBFRE,2025-01-19,20% Discount,5.04,No,,New,Yes
OFF003178,9033-EOXWV,2023-10-27,Loyalty Reward,0.0,Yes,2023-10-28,Regular,Yes
OFF003179,1324-NLTJE,2023-03-15,Cashback ₹500,500.0,Yes,2023-03-16,Regular,Yes
OFF003180,1324-NLTJE,2023-09-18,30% Discount,16.5,No,,Regular,Yes
OFF003181,1522-VVDMG,2023-04-03,30% Discount,8.97,No,,New,Yes
OFF003182,9185-TQCVP,2023-12-22,10% Discount,8.52,Yes,2023-12-28,Regular,Yes
OFF003183,5567-WSELE,2025-04-07,Premium Support,0.0,Yes,2025-04-14,New,Yes
OFF003184,5567-WSELE,2023-11-03,30% Discount,28.38,No,,New,Yes
OFF003185,5567-WSELE,2023-12-07,Free Upgrade,0.0,No,,New,Yes
OFF003186,8063-RJYNF,2024-06-22,20% Discount,28.27,No,,Regular,Yes
OFF003187,0687-ZVTHB,2025-08-22,10% Discount,7.25,No,,Loyal,Yes
OFF003188,0687-ZVTHB,2024-10-20,20% Discount,21.73,No,,Loyal,Yes
OFF003189,0687-ZVTHB,2024-05-11,Premium Support,0.0,No,,Loyal,Yes
OFF003190,9661-ACXBS,2024-12-07,Free 3 Months Streaming,0.0,Yes,2024-12-13,Loyal,Yes
OFF003191,9661-ACXBS,2023-02-18,30% Discount,21.04,No,,Loyal,Yes
OFF003192,3727-RJMEO,2023-05-23,Free Installation,0.0,No,,New,Yes
OFF003193,3727-RJMEO,2024-06-21,Extra 100GB Data,100.0,No,,New,Yes
OFF003194,3727-RJMEO,2023-09-11,Premium Support,0.0,Yes,2023-09-13,New,Yes
OFF003195,6646-VRFOL,2025-01-11,Extra 100GB Data,100.0,Yes,2025-01-17,Loyal,Yes
OFF003196,6646-VRFOL,2025-10-13,Loyalty Reward,0.0,No,,Loyal,Yes
OFF003197,6646-VRFOL,2024-03-04,30% Discount,10.38,No,,Loyal,Yes
OFF003198,5685-IIXLY,2023-01-16,10% Discount,16.72,No,,New,Yes
OFF003199,5685-IIXLY,2024-04-12,Free Installation,0.0,Yes,2024-04-17,New,Yes
OFF003200,5685-IIXLY,2025-11-01,Cashback ₹500,500.0,No,,New,Yes
OFF003201,4250-ZBWLV,2025-02-04,Premium Support,0.0,No,,Loyal,Yes
OFF003202,4250-ZBWLV,2023-01-08,10% Discount,32.53,Yes,2023-01-12,Loyal,Yes
OFF003203,5095-AESKG,2024-12-12,30% Discount,9.15,No,,New,Yes
OFF003204,1871-MOWRM,2025-01-06,20% Discount,8.08,Yes,2025-01-07,Regular,Yes
OFF003205,1871-MOWRM,2024-01-23,Free Upgrade,0.0,No,,Regular,Yes
OFF003206,1871-MOWRM,2023-05-07,Free Upgrade,0.0,Yes,2023-05-12,Regular,Yes
OFF003207,2027-OAQQC,2024-11-14,Extra 100GB Data,100.0,No,,Loyal,Yes
OFF003208,2027-OAQQC,2024-11-20,Free Installation,0.0,Yes,2024-11-27,Loyal,Yes
OFF003209,2027-OAQQC,2024-11-21,Loyalty Reward,0.0,No,,Loyal,Yes
OFF003210,9090-SGQXL,2023-11-28,Extra 100GB Data,100.0,No,,Loyal,Yes
OFF003211,9090-SGQXL,2024-12-26,Free Installation,0.0,No,,Loyal,Yes
OFF003212,9090-SGQXL,2025-01-05,30% Discount,21.06,Yes,2025-01-11,Loyal,Yes
OFF003213,6595-YGXIT,2024-09-20,Free Installation,0.0,No,,Regular,Yes
OFF003214,6595-YGXIT,2023-07-09,Free 3 Months Streaming,0.0,Yes,2023-07-15,Regular,Yes
OFF003215,6595-YGXIT,2023-08-09,Free 3 Months Streaming,0.0,No,,Regular,Yes
OFF003216,9835-ZIITK,2025-08-18,Loyalty Reward,0.0,No,,Loyal,Yes
OFF003217,1555-DJEQW,2024-08-18,20% Discount,22.84,No,,Loyal,Yes
OFF003218,5649-TJHOV,2023-02-19,30% Discount,7.3,No,,Regular,Yes
OFF003219,5649-TJHOV,2024-10-06,Free Installation,0.0,No,,Regular,Yes
OFF003220,0519-XUZJU,2024-06-19,Loyalty Reward,0.0,No,,New,Yes
OFF003221,0519-XUZJU,2025-04-15,Loyalty Reward,0.0,No,,New,Yes
OFF003222,6338-AVWCY,2023-08-01,Extra 100GB Data,100.0,No,,New,Yes
OFF003223,9253-QXKBE,2024-07-03,30% Discount,18.89,Yes,2024-07-04,Regular,Yes
OFF003224,9445-SZLCH,2023-08-05,Premium Support,0.0,Yes,2023-08-09,Loyal,Yes
OFF003225,7568-PODML,2025-03-19,Cashback ₹500,500.0,No,,New,Yes
OFF003226,7568-PODML,2023-05-10,Premium Support,0.0,No,,New,Yes
OFF003227,5349-IECLD,2023-12-12,Free 3 Months Streaming,0.0,Yes,2023-12-15,New,Yes
OFF003228,3945-GFWQL,2025-12-28,30% Discount,4.46,No,,Regular,Yes
OFF003229,3945-GFWQL,2024-02-11,Free Installation,0.0,No,,Regular,Yes
OFF003230,3797-VTIDR,2023-11-08,Cashback ₹500,500.0,No,,New,Yes
OFF003231,3797-VTIDR,2025-09-01,Free 3 Months Streaming,0.0,Yes,2025-09-06,New,Yes
OFF003232,9526-BIHHD,2023-03-22,20% Discount,5.94,No,,New,Yes
OFF003233,9526-BIHHD,2023-05-13,30% Discount,8.91,No,,New,Yes
OFF003234,4523-WXCEF,2024-06-20,Loyalty Reward,0.0,Yes,2024-06-23,Loyal,Yes
OFF003235,4523-WXCEF,2023-11-05,Free Upgrade,0.0,Yes,2023-11-08,Loyal,Yes
OFF003236,4523-WXCEF,2023-10-24,30% Discount,20.22,No,,Loyal,Yes
OFF003237,8364-TRMMK,2025-06-10,Free Upgrade,0.0,Yes,2025-06-15,New,Yes
OFF003238,3063-QFSZL,2023-08-22,Free Installation,0.0,Yes,2023-08-27,New,Yes
OFF003239,3063-QFSZL,2025-11-09,10% Discount,16.62,Yes,2025-11-12,New,Yes
OFF003240,8775-LHDJH,2024-08-13,20% Discount,18.12,No,,New,Yes
OFF003241,3097-NQYSN,2023-04-10,Cashback ₹500,500.0,No,,New,Yes
OFF003242,3097-NQYSN,2024-03-25,Premium Support,0.0,No,,New,Yes
OFF003243,3565-UNOCC,2023-10-02,Loyalty Reward,0.0,No,,Regular,Yes
OFF003244,3565-UNOCC,2024-05-26,Loyalty Reward,0.0,Yes,2024-05-28,Regular,Yes
OFF003245,3565-UNOCC,2024-04-24,Cashback ₹500,500.0,Yes,2024-04-27,Regular,Yes
OFF003246,9249-FXSCK,2025-07-27,Cashback ₹500,500.0,Yes,2025-07-28,Loyal,Yes
OFF003247,9249-FXSCK,2024-06-21,Free Installation,0.0,Yes,2024-06-24,Loyal,Yes
OFF003248,9249-FXSCK,2025-05-26,20% Discount,22.25,Yes,2025-05-27,Loyal,Yes
OFF003249,5493-SDRDQ,2025-11-04,20% Discount,11.02,Yes,2025-11-08,New,Yes
OFF003250,5493-SDRDQ,2025-01-21,Cashback ₹500,500.0,Yes,2025-01-26,New,Yes
OFF003251,0871-URUWO,2025-05-14,10% Discount,30.67,No,,Regular,Yes
OFF003252,9190-MFJLN,2024-10-28,Loyalty Reward,0.0,No,,Regular,Yes
OFF003253,1095-JUDTC,2024-02-17,Free Installation,0.0,No,,Loyal,Yes
OFF003254,0870-VEMYL,2025-10-19,30% Discount,16.16,Yes,2025-10-25,New,Yes
OFF003255,0870-VEMYL,2023-12-05,Free Upgrade,0.0,No,,New,Yes
OFF003256,5385-SUIRI,2025-08-04,Free Installation,0.0,No,,Loyal,Yes
OFF003257,5385-SUIRI,2023-11-10,Loyalty Reward,0.0,No,,Loyal,Yes
OFF003258,3982-XWFZQ,2025-11-04,Free Upgrade,0.0,No,,Loyal,Yes
OFF003259,4009-ALQFH,2025-05-12,10% Discount,29.85,No,,Regular,Yes
OFF003260,3627-FCRDW,2023-03-04,Loyalty Reward,0.0,Yes,2023-03-07,New,Yes
OFF003261,7562-GSUHK,2025-08-25,Cashback ₹500,500.0,Yes,2025-08-26,Regular,Yes
OFF003262,7562-GSUHK,2024-11-14,Free Upgrade,0.0,No,,Regular,Yes
OFF003263,7562-GSUHK,2024-11-28,Cashback ₹500,500.0,No,,Regular,Yes
OFF003264,4903-UYAVB,2024-04-13,Free Upgrade,0.0,Yes,2024-04-14,New,Yes
OFF003265,4903-UYAVB,2024-02-28,Cashback ₹500,500.0,No,,New,Yes
OFF003266,6776-TLWOI,2023-08-28,20% Discount,1.99,No,,New,Yes
OFF003267,6776-TLWOI,2024-04-04,30% Discount,5.96,Yes,2024-04-08,New,Yes
OFF003268,4077-CROMM,2024-01-07,Loyalty Reward,0.0,Yes,2024-01-11,Regular,Yes
OFF003269,4077-CROMM,2025-02-02,Premium Support,0.0,No,,Regular,Yes
OFF003270,2868-MZAGQ,2025-10-05,20% Discount,23.77,No,,New,Yes
OFF003271,2868-MZAGQ,2023-06-12,30% Discount,15.85,No,,New,Yes
OFF003272,4847-QNOKA,2024-02-15,20% Discount,4.49,Yes,2024-02-22,New,Yes
OFF003273,4847-QNOKA,2024-01-05,Free Upgrade,0.0,Yes,2024-01-09,New,Yes
OFF003274,4847-QNOKA,2025-02-07,30% Discount,4.49,No,,New,Yes
OFF003275,6379-RXJRQ,2025-06-20,Loyalty Reward,0.0,Yes,2025-06-26,New,Yes
OFF003276,8650-RHRKE,2025-11-01,Free Installation,0.0,No,,New,Yes
OFF003277,8650-RHRKE,2023-03-20,Free Upgrade,0.0,Yes,2023-03-23,New,Yes
OFF003278,0475-RIJEP,2024-03-11,Loyalty Reward,0.0,No,,Loyal,Yes
OFF003279,0475-RIJEP,2024-10-26,20% Discount,15.57,No,,Loyal,Yes
OFF003280,1260-TTRXI,2023-01-23,Free Installation,0.0,No,,New,Yes
OFF003281,6328-ZPBGN,2024-12-04,Free Upgrade,0.0,No,,New,Yes
OFF003282,4789-KWMXN,2025-03-22,20% Discount,22.17,No,,Loyal,Yes
OFF003283,2867-UIMSS,2023-01-17,Free Installation,0.0,No,,New,Yes
OFF003284,8111-RKSPX,2023-12-06,Extra 100GB Data,100.0,Yes,2023-12-09,New,Yes
OFF003285,1585-MQSSU,2024-07-07,Premium Support,0.0,No,,Regular,Yes
OFF003286,1585-MQSSU,2025-07-22,Free Installation,0.0,Yes,2025-07-24,Regular,Yes
OFF003287,1585-MQSSU,2025-02-10,Free 3 Months Streaming,0.0,No,,Regular,Yes
OFF003288,2856-NNASM,2025-02-09,10% Discount,8.96,No,,Loyal,Yes
OFF003289,2856-NNASM,2024-08-13,Premium Support,0.0,Yes,2024-08-19,Loyal,Yes
OFF003290,2856-NNASM,2023-06-04,Premium Support,0.0,Yes,2023-06-10,Loyal,Yes
OFF003291,8559-CIZFV,2024-04-02,Extra 100GB Data,100.0,Yes,2024-04-03,Regular,Yes
OFF003292,8559-CIZFV,2023-03-12,Free Upgrade,0.0,No,,Regular,Yes
OFF003293,7547-EKNFS,2025-05-03,10% Discount,28.57,Yes,2025-05-10,Loyal,Yes
OFF003294,6769-DYBQN,2025-04-14,10% Discount,8.5,Yes,2025-04-17,Loyal,Yes
OFF003295,4439-JMPMT,2023-10-16,10% Discount,8.58,Yes,2023-10-23,New,Yes
OFF003296,4439-JMPMT,2023-10-20,Free 3 Months Streaming,0.0,No,,New,Yes
OFF003297,4439-JMPMT,2023-07-23,Free 3 Months Streaming,0.0,Yes,2023-07-24,New,Yes
OFF003298,2446-BEGGB,2023-05-16,Cashback ₹500,500.0,No,,New,Yes
OFF003299,2446-BEGGB,2024-12-24,Cashback ₹500,500.0,Yes,2024-12-28,New,Yes
OFF003300,2446-BEGGB,2025-11-27,Free Upgrade,0.0,No,,New,Yes
OFF003301,1496-GGSUK,2025-03-12,Loyalty Reward,0.0,Yes,2025-03-19,New,Yes
OFF003302,1496-GGSUK,2024-04-11,30% Discount,5.14,Yes,2024-04-12,New,Yes
OFF003303,2575-GFSOE,2025-10-24,Free 3 Months Streaming,0.0,No,,New,Yes
OFF003304,2842-JTCCU,2024-05-09,Cashback ₹500,500.0,Yes,2024-05-11,New,Yes
OFF003305,2842-JTCCU,2024-08-07,Extra 100GB Data,100.0,No,,New,Yes
OFF003306,3296-SILRA,2023-03-27,Extra 100GB Data,100.0,No,,New,Yes
OFF003307,3296-SILRA,2024-06-08,10% Discount,7.64,No,,New,Yes
OFF003308,9681-OXGVC,2023-11-16,20% Discount,20.1,Yes,2023-11-18,New,Yes
OFF003309,5180-UCIIQ,2024-06-14,30% Discount,12.01,Yes,2024-06-16,Regular,Yes
OFF003310,5180-UCIIQ,2023-01-25,Extra 100GB Data,100.0,Yes,2023-01-28,Regular,Yes
OFF003311,7153-OANIO,2024-07-21,10% Discount,13.99,Yes,2024-07-22,New,Yes
OFF003312,7153-OANIO,2023-11-06,Loyalty Reward,0.0,Yes,2023-11-12,New,Yes
OFF003313,6521-YYTYI,2023-01-07,Extra 100GB Data,100.0,No,,New,Yes
OFF003314,8878-HMWBV,2024-10-11,Premium Support,0.0,No,,New,Yes
OFF003315,8878-HMWBV,2025-01-14,Extra 100GB Data,100.0,No,,New,Yes
OFF003316,8878-HMWBV,2023-08-22,Free 3 Months Streaming,0.0,No,,New,Yes
OFF003317,3751-KTZEL,2025-08-14,Extra 100GB Data,100.0,No,,New,Yes
OFF003318,1977-STDKI,2024-02-14,20% Discount,14.6,Yes,2024-02-21,New,Yes
OFF003319,1977-STDKI,2023-12-18,Free Installation,0.0,No,,New,Yes
OFF003320,1977-STDKI,2024-08-02,Loyalty Reward,0.0,No,,New,Yes
OFF003321,5813-UECBU,2024-08-16,Cashback ₹500,500.0,Yes,2024-08-18,Regular,Yes
OFF003322,5813-UECBU,2023-02-06,10% Discount,25.15,No,,Regular,Yes
OFF003323,5813-UECBU,2024-05-10,Free Upgrade,0.0,No,,Regular,Yes
OFF003324,0328-GRPMV,2024-05-03,Cashback ₹500,500.0,Yes,2024-05-07,New,Yes
OFF003325,0328-GRPMV,2023-10-10,Free 3 Months Streaming,0.0,Yes,2023-10-12,New,Yes
OFF003326,4342-HENTK,2025-11-16,Free Installation,0.0,No,,New,Yes
OFF003327,4342-HENTK,2025-07-24,20% Discount,7.07,No,,New,Yes
OFF003328,4342-HENTK,2023-03-22,Premium Support,0.0,No,,New,Yes
OFF003329,4195-SMMNX,2023-02-07,Extra 100GB Data,100.0,No,,New,Yes
OFF003330,6956-SMUCM,2023-04-24,Free 3 Months Streaming,0.0,No,,New,Yes
OFF003331,3223-WZWJM,2024-02-13,30% Discount,8.4,No,,Regular,Yes
OFF003332,3223-WZWJM,2024-03-11,Free Installation,0.0,No,,Regular,Yes
OFF003333,3223-WZWJM,2023-11-10,Free 3 Months Streaming,0.0,No,,Regular,Yes
OFF003334,9053-JZFKV,2023-04-08,Free Upgrade,0.0,Yes,2023-04-14,Loyal,Yes
OFF003335,9053-JZFKV,2023-02-09,Extra 100GB Data,100.0,Yes,2023-02-11,Loyal,Yes
OFF003336,9053-JZFKV,2023-06-13,Loyalty Reward,0.0,No,,Loyal,Yes
OFF003337,2530-ENDWQ,2025-04-02,Free Upgrade,0.0,Yes,2025-04-08,Loyal,Yes
OFF003338,2530-ENDWQ,2025-12-01,20% Discount,28.11,No,,Loyal,Yes
OFF003339,2530-ENDWQ,2025-04-13,Extra 100GB Data,100.0,Yes,2025-04-18,Loyal,Yes
OFF003340,6615-ZGEDR,2025-11-22,30% Discount,1.97,No,,New,Yes
OFF003341,6615-ZGEDR,2023-10-09,20% Discount,5.91,Yes,2023-10-14,New,Yes
OFF003342,9250-WYPLL,2024-07-23,Free Upgrade,0.0,Yes,2024-07-26,New,Yes
OFF003343,2754-XBHTB,2024-08-27,Free Installation,0.0,Yes,2024-08-28,New,Yes
OFF003344,1597-LHYNC,2024-12-21,Free Upgrade,0.0,Yes,2024-12-28,Regular,Yes
OFF003345,1597-LHYNC,2025-03-12,Free 3 Months Streaming,0.0,Yes,2025-03-19,Regular,Yes
OFF003346,1597-LHYNC,2023-10-16,Premium Support,0.0,No,,Regular,Yes
OFF003347,7055-VKGDA,2023-03-03,Premium Support,0.0,Yes,2023-03-07,Loyal,Yes
OFF003348,7055-VKGDA,2024-10-11,Extra 100GB Data,100.0,No,,Loyal,Yes
OFF003349,0754-UKWQP,2024-11-23,Cashback ₹500,500.0,Yes,2024-11-28,New,Yes
OFF003350,7493-TPUWZ,2023-04-19,Loyalty Reward,0.0,No,,New,Yes
OFF003351,7493-TPUWZ,2023-02-02,Loyalty Reward,0.0,Yes,2023-02-06,New,Yes
OFF003352,7493-TPUWZ,2023-07-23,Free Installation,0.0,No,,New,Yes
OFF003353,1577-HKTFG,2024-10-13,Free Installation,0.0,No,,Regular,Yes
OFF003354,1577-HKTFG,2024-12-13,Free Upgrade,0.0,No,,Regular,Yes
OFF003355,8752-STIVR,2023-10-18,20% Discount,15.8,Yes,2023-10-20,New,Yes
OFF003356,8752-STIVR,2024-10-01,Loyalty Reward,0.0,No,,New,Yes
OFF003357,4558-FANTW,2025-02-06,Free Upgrade,0.0,Yes,2025-02-10,Regular,Yes
OFF003358,4558-FANTW,2024-08-06,30% Discount,9.19,No,,Regular,Yes
OFF003359,4558-FANTW,2023-04-25,Free 3 Months Streaming,0.0,No,,Regular,Yes
OFF003360,8651-ENBZX,2025-01-28,Loyalty Reward,0.0,No,,Loyal,Yes
OFF003361,7623-TRNQN,2024-10-14,20% Discount,14.97,No,,New,Yes
OFF003362,7623-TRNQN,2024-10-10,20% Discount,14.97,Yes,2024-10-13,New,Yes
OFF003363,7623-TRNQN,2023-09-02,20% Discount,9.98,Yes,2023-09-07,New,Yes
OFF003364,9330-IJWIO,2025-12-02,10% Discount,30.1,Yes,2025-12-04,Regular,Yes
OFF003365,9330-IJWIO,2024-05-09,Loyalty Reward,0.0,Yes,2024-05-12,Regular,Yes
OFF003366,9286-DOJGF,2023-03-24,Cashback ₹500,500.0,No,,Loyal,Yes
OFF003367,9286-DOJGF,2023-01-26,10% Discount,22.48,Yes,2023-01-28,Loyal,Yes
OFF003368,9661-MHUMO,2024-03-14,30% Discount,9.85,Yes,2024-03-16,New,Yes
OFF003369,1842-EZJMK,2025-06-23,10% Discount,31.11,No,,Loyal,Yes
OFF003370,1842-EZJMK,2024-11-11,Free Upgrade,0.0,No,,Loyal,Yes
OFF003371,1842-EZJMK,2024-03-09,10% Discount,10.37,No,,Loyal,Yes
OFF003372,8079-XRJRS,2023-03-22,Loyalty Reward,0.0,No,,Loyal,Yes
OFF003373,8073-IJDCM,2023-10-19,Free Installation,0.0,Yes,2023-10-24,New,Yes
OFF003374,8073-IJDCM,2023-06-11,Extra 100GB Data,100.0,Yes,2023-06-15,New,Yes
OFF003375,8884-ADFVN,2024-11-16,Loyalty Reward,0.0,No,,New,Yes
OFF003376,2720-WGKHP,2023-09-19,Cashback ₹500,500.0,No,,New,Yes
OFF003377,2720-WGKHP,2025-06-17,Extra 100GB Data,100.0,Yes,2025-06-19,New,Yes
OFF003378,2720-WGKHP,2024-06-21,Extra 100GB Data,100.0,Yes,2024-06-28,New,Yes
OFF003379,2869-ADAWR,2025-10-19,Premium Support,0.0,Yes,2025-10-25,Loyal,Yes
OFF003380,2869-ADAWR,2023-03-27,Free Upgrade,0.0,Yes,2023-03-28,Loyal,Yes
OFF003381,2869-ADAWR,2024-07-09,Free Upgrade,0.0,Yes,2024-07-12,Loyal,Yes
OFF003382,9894-EZEWG,2024-11-08,Free Installation,0.0,Yes,2024-11-09,New,Yes
OFF003383,7851-FLGGQ,2023-08-24,20% Discount,4.46,Yes,2023-08-28,New,Yes
OFF003384,7851-FLGGQ,2024-03-14,30% Discount,13.39,No,,New,Yes
OFF003385,0637-UBJRP,2024-10-13,30% Discount,8.4,No,,Regular,Yes
OFF003386,0637-UBJRP,2024-01-14,Cashback ₹500,500.0,Yes,2024-01-18,Regular,Yes
OFF003387,0637-UBJRP,2024-04-14,20% Discount,16.81,No,,Regular,Yes
OFF003388,0940-OUQEC,2024-07-07,10% Discount,16.14,No,,New,Yes
OFF003389,0702-PGIBZ,2023-05-11,30% Discount,10.17,Yes,2023-05-15,New,Yes
OFF003390,1963-VAUKV,2024-06-10,Extra 100GB Data,100.0,No,,New,Yes
OFF003391,1963-VAUKV,2023-11-21,Cashback ₹500,500.0,No,,New,Yes
OFF003392,1963-VAUKV,2023-09-25,Extra 100GB Data,100.0,No,,New,Yes
OFF003393,3058-HJCUY,2023-03-18,10% Discount,30.78,Yes,2023-03-24,Loyal,Yes
OFF003394,3259-FDWOY,2025-04-17,30% Discount,21.2,No,,Loyal,Yes
OFF003395,3259-FDWOY,2023-03-26,30% Discount,31.8,No,,Loyal,Yes
OFF003396,3259-FDWOY,2023-02-16,20% Discount,10.6,No,,Loyal,Yes
OFF003397,0807-ZABDG,2024-02-04,Free 3 Months Streaming,0.0,No,,New,Yes
OFF003398,0807-ZABDG,2023-07-17,10% Discount,11.02,No,,New,Yes
OFF003399,5748-RNCJT,2025-01-21,Cashback ₹500,500.0,Yes,2025-01-28,Loyal,Yes
OFF003400,5748-RNCJT,2025-12-25,Premium Support,0.0,Yes,2025-12-27,Loyal,Yes
OFF003401,7739-LAXOG,2023-03-12,Cashback ₹500,500.0,No,,Regular,Yes
OFF003402,7739-LAXOG,2025-03-01,10% Discount,9.11,No,,Regular,Yes
OFF003403,7739-LAXOG,2023-11-25,Premium Support,0.0,No,,Regular,Yes
OFF003404,9776-CLUJA,2023-12-24,Extra 100GB Data,100.0,Yes,2023-12-25,Loyal,Yes
OFF003405,9776-CLUJA,2025-10-14,Free Installation,0.0,Yes,2025-10-15,Loyal,Yes
OFF003406,6034-ZRYCV,2023-04-03,Free 3 Months Streaming,0.0,Yes,2023-04-10,Loyal,Yes
OFF003407,6034-ZRYCV,2025-11-27,Free 3 Months Streaming,0.0,No,,Loyal,Yes
OFF003408,6034-ZRYCV,2023-01-13,Free Installation,0.0,Yes,2023-01-20,Loyal,Yes
OFF003409,2079-FBMZK,2025-08-01,Free Upgrade,0.0,Yes,2025-08-06,New,Yes
OFF003410,2079-FBMZK,2023-10-24,Premium Support,0.0,Yes,2023-10-26,New,Yes
OFF003411,6608-QQLVK,2023-03-11,Loyalty Reward,0.0,No,,New,Yes
OFF003412,3551-HUAZH,2023-08-09,10% Discount,14.88,No,,New,Yes
OFF003413,6302-JGYRJ,2025-05-10,Cashback ₹500,500.0,No,,Regular,Yes
OFF003414,6302-JGYRJ,2025-05-04,Free Upgrade,0.0,Yes,2025-05-06,Regular,Yes
OFF003415,3685-YLCMQ,2024-11-21,30% Discount,20.93,Yes,2024-11-25,Loyal,Yes
OFF003416,8634-MPHTR,2023-11-03,20% Discount,30.01,No,,Loyal,Yes
OFF003417,8634-MPHTR,2023-02-20,Free Upgrade,0.0,Yes,2023-02-25,Loyal,Yes
OFF003418,8634-MPHTR,2025-10-23,Free Upgrade,0.0,No,,Loyal,Yes
OFF003419,8761-NSOBC,2023-08-23,Premium Support,0.0,No,,Loyal,Yes
OFF003420,8761-NSOBC,2024-08-19,Extra 100GB Data,100.0,No,,Loyal,Yes
OFF003421,8413-VONUO,2023-02-04,20% Discount,9.57,No,,New,Yes
OFF003422,8413-VONUO,2024-06-20,20% Discount,19.13,Yes,2024-06-27,New,Yes
OFF003423,8413-VONUO,2023-03-16,Extra 100GB Data,100.0,No,,New,Yes
OFF003424,9223-UCPVT,2025-07-06,20% Discount,9.44,Yes,2025-07-07,New,Yes
OFF003425,9223-UCPVT,2024-07-15,Extra 100GB Data,100.0,No,,New,Yes
OFF003426,9223-UCPVT,2023-05-15,Extra 100GB Data,100.0,No,,New,Yes
OFF003427,4351-QLCSU,2024-11-24,Free Upgrade,0.0,Yes,2024-11-26,New,Yes
OFF003428,4351-QLCSU,2024-09-12,20% Discount,11.0,Yes,2024-09-14,New,Yes
OFF003429,5419-JPRRN,2023-10-23,Premium Support,0.0,No,,New,Yes
OFF003430,5419-JPRRN,2023-04-13,Free 3 Months Streaming,0.0,No,,New,Yes
OFF003431,2100-BDNSN,2023-10-10,20% Discount,6.8,Yes,2023-10-12,New,Yes
OFF003432,2100-BDNSN,2025-06-04,Premium Support,0.0,No,,New,Yes
OFF003433,0488-GSLFR,2024-04-06,Loyalty Reward,0.0,No,,New,Yes
OFF003434,0488-GSLFR,2024-08-16,20% Discount,20.85,No,,New,Yes
OFF003435,9318-NKNFC,2023-01-08,Cashback ₹500,500.0,Yes,2023-01-11,New,Yes
OFF003436,9728-FTTVZ,2025-08-16,Free Installation,0.0,Yes,2025-08-19,New,Yes
OFF003437,9728-FTTVZ,2024-03-15,10% Discount,6.92,No,,New,Yes
OFF003438,9728-FTTVZ,2025-01-14,30% Discount,13.84,No,,New,Yes
OFF003439,7254-IQWOZ,2023-05-28,30% Discount,13.93,No,,New,Yes
OFF003440,7254-IQWOZ,2024-06-25,Free Installation,0.0,No,,New,Yes
OFF003441,2474-BRUCM,2023-12-18,Premium Support,0.0,No,,Loyal,Yes
OFF003442,2474-BRUCM,2024-01-20,20% Discount,20.37,No,,Loyal,Yes
OFF003443,2474-BRUCM,2023-10-28,30% Discount,30.55,Yes,2023-10-28,Loyal,Yes
OFF003444,0742-NXBGR,2025-01-17,10% Discount,8.23,No,,New,Yes
OFF003445,0742-NXBGR,2024-03-20,10% Discount,16.46,No,,New,Yes
OFF003446,6110-OHIHY,2025-01-04,Loyalty Reward,0.0,No,,New,Yes
OFF003447,6110-OHIHY,2023-05-01,Free Upgrade,0.0,No,,New,Yes
OFF003448,5889-LFOLL,2025-07-23,Premium Support,0.0,Yes,2025-07-25,Regular,Yes
OFF003449,5889-LFOLL,2024-08-02,Extra 100GB Data,100.0,No,,Regular,Yes
OFF003450,5889-LFOLL,2023-01-17,Free Installation,0.0,No,,Regular,Yes
OFF003451,5708-EVONK,2025-01-15,20% Discount,28.02,Yes,2025-01-19,Loyal,Yes
OFF003452,8708-XPXHZ,2024-05-09,Free Installation,0.0,Yes,2024-05-16,Loyal,Yes
OFF003453,8708-XPXHZ,2024-12-01,Extra 100GB Data,100.0,No,,Loyal,Yes
OFF003454,0616-ATFGB,2025-03-04,Loyalty Reward,0.0,No,,New,Yes
OFF003455,0616-ATFGB,2025-12-13,Loyalty Reward,0.0,No,,New,Yes
OFF003456,0616-ATFGB,2023-12-24,Loyalty Reward,0.0,Yes,2023-12-28,New,Yes
OFF003457,7016-BPGEU,2025-08-23,Free Upgrade,0.0,No,,Regular,Yes
OFF003458,7016-BPGEU,2025-04-18,Extra 100GB Data,100.0,No,,Regular,Yes
OFF003459,6876-ADESB,2025-02-05,30% Discount,4.9,No,,New,Yes
OFF003460,6876-ADESB,2023-05-18,Free 3 Months Streaming,0.0,Yes,2023-05-20,New,Yes
OFF003461,1963-SVUCV,2025-04-12,Free Installation,0.0,No,,New,Yes
OFF003462,1963-SVUCV,2024-05-04,30% Discount,4.53,No,,New,Yes
OFF003463,1963-SVUCV,2023-03-10,20% Discount,4.53,No,,New,Yes
OFF003464,0220-EBGCE,2025-01-20,Free Installation,0.0,Yes,2025-01-23,New,Yes
OFF003465,2754-VDLTR,2023-06-05,Extra 100GB Data,100.0,No,,New,Yes
OFF003466,2754-VDLTR,2023-01-23,Cashback ₹500,500.0,No,,New,Yes
OFF003467,3190-XFANI,2024-08-01,20% Discount,20.12,No,,Loyal,Yes
OFF003468,3190-XFANI,2025-06-03,Premium Support,0.0,Yes,2025-06-09,Loyal,Yes
OFF003469,7551-DACSP,2025-01-04,20% Discount,11.06,No,,New,Yes
OFF003470,7235-NXZCP,2025-01-17,10% Discount,14.97,No,,New,Yes
OFF003471,0520-FDVVT,2025-03-23,Extra 100GB Data,100.0,No,,Regular,Yes
OFF003472,0520-FDVVT,2024-09-10,10% Discount,20.47,Yes,2024-09-11,Regular,Yes
OFF003473,0520-FDVVT,2024-02-28,Free 3 Months Streaming,0.0,Yes,2024-02-28,Regular,Yes
OFF003474,1444-VVSGW,2024-06-07,Extra 100GB Data,100.0,No,,Loyal,Yes
OFF003475,1444-VVSGW,2023-11-12,Free 3 Months Streaming,0.0,Yes,2023-11-13,Loyal,Yes
OFF003476,5712-PTIWW,2023-10-04,20% Discount,23.95,No,,New,Yes
OFF003477,5712-PTIWW,2025-12-28,Extra 100GB Data,100.0,No,,New,Yes
OFF003478,3315-TOTBP,2025-06-28,Free 3 Months Streaming,0.0,No,,Regular,Yes
OFF003479,3315-TOTBP,2025-08-16,Free 3 Months Streaming,0.0,No,,Regular,Yes
OFF003480,3315-TOTBP,2023-08-01,Free Installation,0.0,No,,Regular,Yes
OFF003481,6661-HBGWL,2025-04-21,30% Discount,31.42,Yes,2025-04-27,Loyal,Yes
OFF003482,1518-VOWAV,2025-06-10,20% Discount,7.47,No,,New,Yes
OFF003483,1518-VOWAV,2025-09-14,Loyalty Reward,0.0,Yes,2025-09-17,New,Yes
OFF003484,1518-VOWAV,2025-12-28,Loyalty Reward,0.0,Yes,2025-12-28,New,Yes
OFF003485,5909-ECHUI,2025-11-27,Free Upgrade,0.0,Yes,2025-11-28,New,Yes
OFF003486,1309-BXVOQ,2023-09-06,Extra 100GB Data,100.0,Yes,2023-09-09,Regular,Yes
OFF003487,9317-WZPGV,2023-10-28,10% Discount,15.95,Yes,2023-10-28,New,Yes
OFF003488,2856-HYAPG,2023-12-21,Free Upgrade,0.0,Yes,2023-12-23,New,Yes
OFF003489,2856-HYAPG,2024-10-27,Premium Support,0.0,No,,New,Yes
OFF003490,4488-PSYCG,2024-06-16,Extra 100GB Data,100.0,No,,Regular,Yes
OFF003491,3621-CEOVK,2024-04-07,Cashback ₹500,500.0,No,,Regular,Yes
OFF003492,3621-CEOVK,2024-08-12,Cashback ₹500,500.0,No,,Regular,Yes
OFF003493,6906-ANDWJ,2025-08-02,Free Installation,0.0,Yes,2025-08-06,Regular,Yes
OFF003494,1031-IIDEO,2025-12-08,Free Installation,0.0,No,,New,Yes
OFF003495,1031-IIDEO,2023-05-28,Free 3 Months Streaming,0.0,No,,New,Yes
OFF003496,1031-IIDEO,2024-12-21,20% Discount,7.08,No,,New,Yes
OFF003497,5832-XKAES,2025-12-25,Extra 100GB Data,100.0,No,,New,Yes
OFF003498,5832-XKAES,2025-04-02,Loyalty Reward,0.0,No,,New,Yes
OFF003499,4701-AHWMW,2023-06-11,Free 3 Months Streaming,0.0,Yes,2023-06-12,Loyal,Yes
OFF003500,4701-AHWMW,2025-02-11,Extra 100GB Data,100.0,No,,Loyal,Yes
OFF003501,4701-AHWMW,2025-01-24,Free Installation,0.0,No,,Loyal,Yes
OFF003502,9210-IAHGH,2023-06-11,20% Discount,14.15,Yes,2023-06-15,New,Yes
OFF003503,9210-IAHGH,2025-05-09,Extra 100GB Data,100.0,No,,New,Yes
OFF003504,9210-IAHGH,2024-07-14,Free 3 Months Streaming,0.0,Yes,2024-07-15,New,Yes
OFF003505,0023-XUOPT,2023-10-03,Extra 100GB Data,100.0,Yes,2023-10-10,Regular,Yes
OFF003506,0023-XUOPT,2024-01-12,Free 3 Months Streaming,0.0,Yes,2024-01-19,Regular,Yes
OFF003507,4592-IWTJI,2023-08-02,Extra 100GB Data,100.0,No,,New,Yes
OFF003508,4592-IWTJI,2024-07-02,Free Upgrade,0.0,No,,New,Yes
OFF003509,7632-MNYOY,2025-10-25,Cashback ₹500,500.0,No,,Loyal,Yes
OFF003510,7632-MNYOY,2023-08-03,20% Discount,22.18,Yes,2023-08-04,Loyal,Yes
OFF003511,7632-MNYOY,2024-05-13,Cashback ₹500,500.0,No,,Loyal,Yes
OFF003512,6518-LGAOV,2023-10-26,Free Installation,0.0,Yes,2023-10-28,Loyal,Yes
OFF003513,7242-QZLXF,2025-10-28,Free 3 Months Streaming,0.0,No,,New,Yes
OFF003514,4576-CSAJH,2024-08-28,Cashback ₹500,500.0,Yes,2024-08-28,Regular,Yes
OFF003515,1000-AJSLD,2024-03-24,Premium Support,0.0,No,,New,Yes
OFF003516,1062-LHZOD,2025-08-20,20% Discount,20.97,Yes,2025-08-26,New,Yes
OFF003517,1062-LHZOD,2024-04-26,Extra 100GB Data,100.0,No,,New,Yes
OFF003518,9600-NAXZN,2025-05-20,Cashback ₹500,500.0,No,,Loyal,Yes
OFF003519,6457-USBER,2025-09-11,Free Installation,0.0,Yes,2025-09-12,New,Yes
OFF003520,6457-USBER,2025-11-18,30% Discount,16.16,Yes,2025-11-25,New,Yes
OFF003521,6457-USBER,2023-12-21,20% Discount,24.24,No,,New,Yes
OFF003522,4662-EKDPQ,2025-08-07,10% Discount,12.41,Yes,2025-08-11,New,Yes
OFF003523,9248-OJYKK,2024-07-15,Free Installation,0.0,Yes,2024-07-20,New,Yes
OFF003524,9248-OJYKK,2025-01-16,Free Upgrade,0.0,Yes,2025-01-18,New,Yes
OFF003525,9248-OJYKK,2023-05-19,Free 3 Months Streaming,0.0,No,,New,Yes
OFF003526,3398-FSHON,2024-10-17,Extra 100GB Data,100.0,Yes,2024-10-19,Regular,Yes
OFF003527,3398-FSHON,2025-12-07,Free Upgrade,0.0,Yes,2025-12-14,Regular,Yes
OFF003528,3398-FSHON,2023-08-13,Extra 100GB Data,100.0,No,,Regular,Yes
OFF003529,3319-DWOEP,2025-07-01,Extra 100GB Data,100.0,No,,New,Yes
OFF003530,3319-DWOEP,2025-09-03,Free 3 Months Streaming,0.0,Yes,2025-09-09,New,Yes
OFF003531,3319-DWOEP,2024-12-27,30% Discount,19.15,Yes,2024-12-28,New,Yes
OFF003532,9259-PACGQ,2025-12-26,30% Discount,6.27,No,,Regular,Yes
OFF003533,4415-IJZTP,2024-01-14,20% Discount,7.45,Yes,2024-01-21,New,Yes
OFF003534,1465-VINDH,2023-09-28,10% Discount,10.21,No,,New,Yes
OFF003535,2810-FTLEM,2025-03-21,Free Installation,0.0,No,,Regular,Yes
OFF003536,2810-FTLEM,2025-02-13,10% Discount,15.04,Yes,2025-02-16,Regular,Yes
OFF003537,1925-TIBLE,2023-01-20,Extra 100GB Data,100.0,No,,New,Yes
OFF003538,1925-TIBLE,2023-02-21,20% Discount,8.65,No,,New,Yes
OFF003539,0818-OCPZO,2025-04-23,Free Upgrade,0.0,No,,Regular,Yes
OFF003540,0818-OCPZO,2025-02-15,Premium Support,0.0,Yes,2025-02-21,Regular,Yes
OFF003541,1447-GIQMR,2025-11-15,10% Discount,6.92,No,,New,Yes
OFF003542,0872-NXJYS,2024-07-17,10% Discount,23.86,No,,New,Yes
OFF003543,0872-NXJYS,2025-09-05,Loyalty Reward,0.0,Yes,2025-09-08,New,Yes
OFF003544,0872-NXJYS,2023-10-11,Free Installation,0.0,Yes,2023-10-18,New,Yes
OFF003545,9412-ARGBX,2023-10-12,Loyalty Reward,0.0,No,,Loyal,Yes
OFF003546,1389-CXMLU,2023-03-25,Loyalty Reward,0.0,No,,New,Yes
OFF003547,1389-CXMLU,2025-02-22,Free Installation,0.0,No,,New,Yes
OFF003548,5561-NWEVX,2024-12-05,20% Discount,23.76,Yes,2024-12-09,New,Yes
OFF003549,2737-WFVYW,2023-05-10,Free Installation,0.0,Yes,2023-05-12,New,Yes
OFF003550,2272-QAGFO,2025-11-28,Premium Support,0.0,No,,Regular,Yes
OFF003551,2272-QAGFO,2023-08-07,20% Discount,7.43,No,,Regular,Yes
OFF003552,2272-QAGFO,2024-01-18,Extra 100GB Data,100.0,Yes,2024-01-23,Regular,Yes
OFF003553,9850-OWRHQ,2024-03-16,Free Upgrade,0.0,No,,New,Yes
OFF003554,9850-OWRHQ,2023-02-04,10% Discount,22.23,No,,New,Yes
OFF003555,9850-OWRHQ,2024-04-23,Free Upgrade,0.0,No,,New,Yes
OFF003556,3768-NLUBH,2025-10-01,10% Discount,20.12,Yes,2025-10-06,Loyal,Yes
OFF003557,8676-TRMJS,2025-02-11,Cashback ₹500,500.0,Yes,2025-02-14,New,Yes
OFF003558,7359-SSBJK,2025-10-21,Loyalty Reward,0.0,Yes,2025-10-26,Loyal,Yes
OFF003559,7359-SSBJK,2025-10-06,Premium Support,0.0,No,,Loyal,Yes
OFF003560,7359-SSBJK,2023-03-18,Premium Support,0.0,Yes,2023-03-19,Loyal,Yes
OFF003561,0685-MLYYM,2025-10-25,Free Upgrade,0.0,Yes,2025-10-28,New,Yes
OFF003562,0685-MLYYM,2025-03-15,Free Installation,0.0,No,,New,Yes
OFF003563,8182-PNAGI,2023-01-04,Premium Support,0.0,Yes,2023-01-11,Regular,Yes
OFF003564,8182-PNAGI,2025-04-06,Free 3 Months Streaming,0.0,No,,Regular,Yes
OFF003565,7957-RYHQD,2023-03-14,Loyalty Reward,0.0,No,,Loyal,Yes
OFF003566,7957-RYHQD,2025-08-12,30% Discount,15.84,No,,Loyal,Yes
OFF003567,7957-RYHQD,2025-06-01,30% Discount,7.92,Yes,2025-06-03,Loyal,Yes
OFF003568,2180-DXNEG,2025-11-01,Free Upgrade,0.0,Yes,2025-11-08,Regular,Yes
OFF003569,5515-AKOAJ,2024-12-05,20% Discount,20.02,No,,Loyal,Yes
OFF003570,8976-OQHGT,2025-06-23,Extra 100GB Data,100.0,No,,New,Yes
OFF003571,6230-BSUXY,2023-06-10,Premium Support,0.0,No,,New,Yes
OFF003572,6230-BSUXY,2025-09-01,Free Installation,0.0,No,,New,Yes
OFF003573,5294-CDGWY,2024-01-01,Free 3 Months Streaming,0.0,No,,Loyal,Yes
OFF003574,5294-CDGWY,2025-06-18,Loyalty Reward,0.0,Yes,2025-06-25,Loyal,Yes
OFF003575,5295-PCJOO,2024-04-15,20% Discount,4.94,Yes,2024-04-17,New,Yes
OFF003576,5295-PCJOO,2024-08-27,30% Discount,4.94,No,,New,Yes
OFF003577,5295-PCJOO,2025-09-27,Cashback ₹500,500.0,Yes,2025-09-28,New,Yes
OFF003578,9863-JZAIC,2024-02-18,Free Installation,0.0,Yes,2024-02-22,Regular,Yes
OFF003579,9863-JZAIC,2023-04-24,10% Discount,11.0,Yes,2023-04-28,Regular,Yes
OFF003580,9863-JZAIC,2024-11-25,20% Discount,16.5,Yes,2024-11-27,Regular,Yes
OFF003581,7660-HDPJV,2025-07-25,Free 3 Months Streaming,0.0,No,,New,Yes
OFF003582,7660-HDPJV,2025-02-20,20% Discount,13.84,No,,New,Yes
OFF003583,7660-HDPJV,2025-07-09,20% Discount,6.92,No,,New,Yes
OFF003584,7931-PXHFC,2025-08-27,20% Discount,18.69,Yes,2025-08-28,Loyal,Yes
OFF003585,7931-PXHFC,2023-07-06,Cashback ₹500,500.0,Yes,2023-07-09,Loyal,Yes
OFF003586,7931-PXHFC,2024-04-18,Extra 100GB Data,100.0,Yes,2024-04-24,Loyal,Yes
OFF003587,3990-QYKBE,2023-03-04,30% Discount,9.25,No,,Loyal,Yes
OFF003588,4919-MOAVT,2025-07-08,Free 3 Months Streaming,0.0,No,,New,Yes
OFF003589,4919-MOAVT,2024-08-18,Extra 100GB Data,100.0,No,,New,Yes
OFF003590,3090-HAWSU,2023-04-11,Premium Support,0.0,No,,Loyal,Yes
OFF003591,9820-RMCQV,2024-01-15,Loyalty Reward,0.0,No,,New,Yes
OFF003592,9820-RMCQV,2023-12-09,30% Discount,9.71,No,,New,Yes
OFF003593,9820-RMCQV,2025-05-27,Extra 100GB Data,100.0,Yes,2025-05-28,New,Yes
OFF003594,7839-QRKXN,2024-09-22,Free Upgrade,0.0,No,,New,Yes
OFF003595,7839-QRKXN,2024-09-18,Loyalty Reward,0.0,No,,New,Yes
OFF003596,7839-QRKXN,2024-12-22,30% Discount,4.04,No,,New,Yes
OFF003597,5204-QZXPU,2023-09-13,Free Installation,0.0,No,,Regular,Yes
OFF003598,5204-QZXPU,2023-01-12,Free 3 Months Streaming,0.0,Yes,2023-01-14,Regular,Yes
OFF003599,5204-QZXPU,2025-11-11,10% Discount,11.89,No,,Regular,Yes
OFF003600,4597-ELFTS,2023-11-24,Loyalty Reward,0.0,No,,Loyal,Yes
OFF003601,8450-JOVAH,2025-08-07,Cashback ₹500,500.0,No,,New,Yes
OFF003602,1113-IUJYX,2023-08-10,Premium Support,0.0,No,,Regular,Yes
OFF003603,1113-IUJYX,2024-02-14,Free 3 Months Streaming,0.0,No,,Regular,Yes
OFF003604,1113-IUJYX,2024-11-08,Free Installation,0.0,No,,Regular,Yes
OFF003605,9274-CNFMO,2025-09-16,Free Installation,0.0,Yes,2025-09-19,New,Yes
OFF003606,9274-CNFMO,2023-03-28,20% Discount,14.99,No,,New,Yes
OFF003607,9274-CNFMO,2024-06-25,10% Discount,7.5,No,,New,Yes
OFF003608,7758-XKCBS,2023-07-02,Free Upgrade,0.0,Yes,2023-07-05,Regular,Yes
OFF003609,7758-XKCBS,2025-01-17,Extra 100GB Data,100.0,No,,Regular,Yes
OFF003610,8992-JQYUN,2023-02-02,Free 3 Months Streaming,0.0,Yes,2023-02-04,New,Yes
OFF003611,0617-AQNWT,2023-12-24,20% Discount,9.57,No,,Loyal,Yes
OFF003612,2446-PLQVO,2023-12-20,30% Discount,21.09,Yes,2023-12-21,New,Yes
OFF003613,2446-PLQVO,2023-06-12,Free Installation,0.0,No,,New,Yes
OFF003614,3005-NFMTA,2024-10-17,Free Installation,0.0,Yes,2024-10-24,Loyal,Yes
OFF003615,3005-NFMTA,2025-05-28,20% Discount,19.76,Yes,2025-05-28,Loyal,Yes
OFF003616,3005-NFMTA,2024-04-20,Free Installation,0.0,No,,Loyal,Yes
OFF003617,8784-CGILN,2024-09-07,Extra 100GB Data,100.0,Yes,2024-09-13,Regular,Yes
OFF003618,5389-FFVKB,2024-03-12,Extra 100GB Data,100.0,No,,Regular,Yes
OFF003619,8444-WRIDW,2025-09-17,Free Upgrade,0.0,No,,Loyal,Yes
OFF003620,8444-WRIDW,2023-06-18,10% Discount,24.14,No,,Loyal,Yes
OFF003621,8444-WRIDW,2024-06-07,Premium Support,0.0,Yes,2024-06-10,Loyal,Yes
OFF003622,9451-LPGOO,2024-10-15,Free Upgrade,0.0,No,,New,Yes
OFF003623,5868-YWPDW,2023-08-04,Free 3 Months Streaming,0.0,Yes,2023-08-09,New,Yes
OFF003624,2025-JKFWI,2025-11-20,Free Installation,0.0,Yes,2025-11-25,Regular,Yes
OFF003625,4078-SAYYN,2023-04-17,10% Discount,30.22,No,,New,Yes
OFF003626,4078-SAYYN,2024-11-22,Free Upgrade,0.0,Yes,2024-11-28,New,Yes
OFF003627,9940-HPQPG,2025-02-27,Premium Support,0.0,Yes,2025-02-28,New,Yes
OFF003628,9940-HPQPG,2025-07-12,Cashback ₹500,500.0,No,,New,Yes
OFF003629,9940-HPQPG,2025-11-13,10% Discount,9.18,Yes,2025-11-15,New,Yes
OFF003630,6618-RYATB,2025-10-20,Extra 100GB Data,100.0,Yes,2025-10-22,New,Yes
OFF003631,6618-RYATB,2025-12-25,Free Installation,0.0,Yes,2025-12-28,New,Yes
OFF003632,9079-YEXQJ,2023-06-01,Cashback ₹500,500.0,No,,Loyal,Yes
OFF003633,9079-YEXQJ,2023-04-08,30% Discount,11.11,Yes,2023-04-10,Loyal,Yes
OFF003634,9079-YEXQJ,2024-11-11,Cashback ₹500,500.0,No,,Loyal,Yes
OFF003635,2685-SREOM,2025-05-26,Loyalty Reward,0.0,No,,Regular,Yes
OFF003636,0402-CQAJN,2023-03-28,Loyalty Reward,0.0,No,,Loyal,Yes
OFF003637,0402-CQAJN,2025-02-23,20% Discount,20.38,No,,Loyal,Yes
OFF003638,6692-UDPJC,2024-05-05,10% Discount,9.17,Yes,2024-05-06,Regular,Yes
OFF003639,6692-UDPJC,2024-11-24,30% Discount,18.33,No,,Regular,Yes
OFF003640,6692-UDPJC,2025-01-11,Free 3 Months Streaming,0.0,Yes,2025-01-12,Regular,Yes
OFF003641,1273-MTETI,2023-04-14,20% Discount,26.65,Yes,2023-04-18,New,Yes
OFF003642,5480-HPRRX,2024-05-06,10% Discount,5.06,Yes,2024-05-09,New,Yes
OFF003643,5480-HPRRX,2023-11-27,Extra 100GB Data,100.0,Yes,2023-11-28,New,Yes
OFF003644,5480-HPRRX,2025-09-24,Extra 100GB Data,100.0,No,,New,Yes
OFF003645,0295-PPHDO,2025-03-23,Free 3 Months Streaming,0.0,No,,New,Yes
OFF003646,0295-PPHDO,2024-02-23,Free Upgrade,0.0,No,,New,Yes
OFF003647,0295-PPHDO,2024-06-17,Free 3 Months Streaming,0.0,No,,New,Yes
OFF003648,1195-OIYEJ,2024-01-06,Free 3 Months Streaming,0.0,No,,Regular,Yes
OFF003649,1195-OIYEJ,2024-02-04,Cashback ₹500,500.0,No,,Regular,Yes
OFF003650,1195-OIYEJ,2024-12-07,Free Installation,0.0,Yes,2024-12-11,Regular,Yes
OFF003651,5906-CVLHP,2023-05-10,20% Discount,10.83,No,,Loyal,Yes
OFF003652,4501-EQDRN,2025-12-03,Extra 100GB Data,100.0,Yes,2025-12-04,New,Yes
OFF003653,2990-HWIML,2025-12-09,Loyalty Reward,0.0,No,,New,Yes
OFF003654,2990-HWIML,2024-03-23,Cashback ₹500,500.0,No,,New,Yes
OFF003655,7384-GHBPI,2025-11-12,Loyalty Reward,0.0,Yes,2025-11-18,New,Yes
OFF003656,7384-GHBPI,2023-05-02,Free 3 Months Streaming,0.0,Yes,2023-05-06,New,Yes
OFF003657,7603-USHJS,2025-05-24,Free Upgrade,0.0,Yes,2025-05-28,Regular,Yes
OFF003658,7603-USHJS,2024-09-03,Cashback ₹500,500.0,No,,Regular,Yes
OFF003659,7603-USHJS,2024-03-23,Free 3 Months Streaming,0.0,Yes,2024-03-24,Regular,Yes
OFF003660,7234-FECYN,2025-04-05,Extra 100GB Data,100.0,No,,New,Yes
OFF003661,7234-FECYN,2025-11-28,30% Discount,10.13,Yes,2025-11-28,New,Yes
OFF003662,7234-FECYN,2023-12-10,Premium Support,0.0,No,,New,Yes
OFF003663,5876-HZVZM,2025-05-23,Loyalty Reward,0.0,Yes,2025-05-24,New,Yes
OFF003664,5876-HZVZM,2023-01-12,Free Installation,0.0,Yes,2023-01-16,New,Yes
OFF003665,1400-MMYXY,2024-12-08,Free Upgrade,0.0,No,,New,Yes
OFF003666,1400-MMYXY,2025-01-09,Extra 100GB Data,100.0,No,,New,Yes
OFF003667,1400-MMYXY,2025-04-22,Loyalty Reward,0.0,No,,New,Yes
OFF003668,3085-QUOZK,2025-11-25,10% Discount,4.4,No,,New,Yes
OFF003669,3085-QUOZK,2025-07-21,Extra 100GB Data,100.0,No,,New,Yes
OFF003670,3926-CUQZX,2025-04-26,Extra 100GB Data,100.0,Yes,2025-04-28,New,Yes
OFF003671,1041-RXHRA,2025-12-17,Free Upgrade,0.0,No,,Loyal,Yes
OFF003672,1041-RXHRA,2024-06-09,Premium Support,0.0,No,,Loyal,Yes
OFF003673,1041-RXHRA,2024-08-11,Free Upgrade,0.0,Yes,2024-08-14,Loyal,Yes
OFF003674,1750-CSKKM,2023-06-03,Extra 100GB Data,100.0,No,,New,Yes
OFF003675,1750-CSKKM,2023-05-25,Extra 100GB Data,100.0,No,,New,Yes
OFF003676,1750-CSKKM,2025-07-25,Free Installation,0.0,No,,New,Yes
OFF003677,7142-HVGBG,2023-09-14,10% Discount,20.6,No,,Loyal,Yes
OFF003678,7142-HVGBG,2025-02-12,Premium Support,0.0,Yes,2025-02-17,Loyal,Yes
OFF003679,8267-ZNYVZ,2025-04-03,Premium Support,0.0,No,,Regular,Yes
OFF003680,6457-GIRWB,2023-07-23,30% Discount,20.8,No,,New,Yes
OFF003681,6457-GIRWB,2024-03-09,10% Discount,20.8,No,,New,Yes
OFF003682,1450-SKCVI,2025-12-15,20% Discount,14.77,Yes,2025-12-18,Loyal,Yes
OFF003683,1450-SKCVI,2024-09-24,Free 3 Months Streaming,0.0,No,,Loyal,Yes
OFF003684,5570-PTWEH,2025-08-26,Free Installation,0.0,Yes,2025-08-28,New,Yes
OFF003685,6502-MJQAE,2025-05-02,Loyalty Reward,0.0,Yes,2025-05-07,New,Yes
OFF003686,6502-MJQAE,2024-07-27,Cashback ₹500,500.0,No,,New,Yes
OFF003687,7693-LCKZL,2023-08-05,Loyalty Reward,0.0,No,,New,Yes
OFF003688,0032-PGELS,2024-12-25,Premium Support,0.0,No,,New,Yes
OFF003689,0032-PGELS,2023-08-06,20% Discount,6.1,No,,New,Yes
OFF003690,6797-LNAQX,2024-01-05,Free 3 Months Streaming,0.0,No,,Loyal,Yes
OFF003691,6394-MFYNG,2023-07-24,10% Discount,10.74,No,,Loyal,Yes
OFF003692,1564-NTYXF,2023-11-11,10% Discount,16.4,Yes,2023-11-12,Regular,Yes
OFF003693,1564-NTYXF,2025-12-06,Free 3 Months Streaming,0.0,No,,Regular,Yes
OFF003694,8155-IBNHG,2023-01-21,Extra 100GB Data,100.0,No,,Regular,Yes
OFF003695,0886-QGENL,2024-11-14,Cashback ₹500,500.0,No,,Regular,Yes
OFF003696,0886-QGENL,2024-11-04,Free 3 Months Streaming,0.0,No,,Regular,Yes
OFF003697,0886-QGENL,2025-08-07,Loyalty Reward,0.0,No,,Regular,Yes
OFF003698,8739-WWKDU,2024-03-13,20% Discount,26.85,No,,Regular,Yes
OFF003699,8685-WHQPW,2023-04-27,Free Upgrade,0.0,No,,Regular,Yes
OFF003700,4745-LSPLO,2024-12-25,Cashback ₹500,500.0,No,,New,Yes
OFF003701,4745-LSPLO,2023-10-02,Free 3 Months Streaming,0.0,Yes,2023-10-03,New,Yes
OFF003702,8083-YTZES,2025-04-02,Loyalty Reward,0.0,No,,New,Yes
OFF003703,8083-YTZES,2023-07-27,Loyalty Reward,0.0,No,,New,Yes
OFF003704,7240-FQLHE,2023-08-12,Premium Support,0.0,No,,Regular,Yes
OFF003705,7240-FQLHE,2024-07-07,Free Installation,0.0,Yes,2024-07-13,Regular,Yes
OFF003706,6664-FPDAC,2024-11-12,30% Discount,33.59,No,,Loyal,Yes
OFF003707,6664-FPDAC,2023-04-21,Premium Support,0.0,Yes,2023-04-27,Loyal,Yes
OFF003708,6664-FPDAC,2025-01-14,Free 3 Months Streaming,0.0,No,,Loyal,Yes
OFF003709,0786-VSSUD,2025-02-27,Loyalty Reward,0.0,No,,Regular,Yes
OFF003710,0786-VSSUD,2024-08-18,Extra 100GB Data,100.0,Yes,2024-08-19,Regular,Yes
OFF003711,0786-VSSUD,2025-04-17,20% Discount,3.9,Yes,2025-04-24,Regular,Yes
OFF003712,3976-BWUCK,2024-03-25,Free Installation,0.0,No,,Regular,Yes
OFF003713,3976-BWUCK,2024-08-25,30% Discount,18.82,No,,Regular,Yes
OFF003714,3976-BWUCK,2024-07-20,Extra 100GB Data,100.0,No,,Regular,Yes
OFF003715,3585-ISXZP,2024-03-05,Cashback ₹500,500.0,No,,New,Yes
OFF003716,6583-QGCSI,2024-06-17,Free Upgrade,0.0,No,,Loyal,Yes
OFF003717,6583-QGCSI,2024-01-03,10% Discount,17.61,No,,Loyal,Yes
OFF003718,6583-QGCSI,2024-04-07,Free Installation,0.0,Yes,2024-04-10,Loyal,Yes
OFF003719,4174-LPGTI,2023-02-18,Premium Support,0.0,No,,Loyal,Yes
OFF003720,4174-LPGTI,2024-11-27,Free 3 Months Streaming,0.0,No,,Loyal,Yes
OFF003721,4174-LPGTI,2024-09-05,Premium Support,0.0,No,,Loyal,Yes
OFF003722,2108-XWMPY,2025-03-28,Extra 100GB Data,100.0,No,,New,Yes
OFF003723,2108-XWMPY,2025-11-27,Loyalty Reward,0.0,Yes,2025-11-28,New,Yes
OFF003724,2108-XWMPY,2025-04-23,Premium Support,0.0,Yes,2025-04-27,New,Yes
OFF003725,6304-IJFSQ,2023-07-18,Free 3 Months Streaming,0.0,No,,New,Yes
OFF003726,0093-XWZFY,2023-06-24,10% Discount,10.45,Yes,2023-06-26,Loyal,Yes
OFF003727,0093-XWZFY,2023-03-20,20% Discount,20.9,No,,Loyal,Yes
OFF003728,1980-KXVPM,2023-05-21,Cashback ₹500,500.0,Yes,2023-05-22,New,Yes
OFF003729,1980-KXVPM,2024-04-01,30% Discount,22.51,No,,New,Yes
OFF003730,7703-ZEKEF,2023-05-24,30% Discount,16.2,No,,Regular,Yes
OFF003731,0723-DRCLG,2023-12-12,Premium Support,0.0,No,,New,Yes
OFF003732,0723-DRCLG,2025-04-20,Loyalty Reward,0.0,Yes,2025-04-24,New,Yes
OFF003733,0723-DRCLG,2025-07-10,30% Discount,7.45,Yes,2025-07-12,New,Yes
OFF003734,5482-NUPNA,2025-06-23,Cashback ₹500,500.0,Yes,2025-06-27,New,Yes
OFF003735,1122-JWTJW,2023-07-08,10% Discount,14.13,No,,New,Yes
OFF003736,1122-JWTJW,2023-12-12,Cashback ₹500,500.0,Yes,2023-12-18,New,Yes
OFF003737,1699-HPSBG,2025-12-21,Loyalty Reward,0.0,Yes,2025-12-28,Regular,Yes
OFF003738,8775-CEBBJ,2024-10-04,Premium Support,0.0,No,,New,Yes
OFF003739,6894-LFHLY,2025-12-24,10% Discount,15.15,No,,New,Yes
OFF003740,6894-LFHLY,2024-02-02,20% Discount,22.72,No,,New,Yes
OFF003741,0639-TSIQW,2024-08-02,Free 3 Months Streaming,0.0,Yes,2024-08-06,Loyal,Yes
OFF003742,0639-TSIQW,2025-03-03,10% Discount,30.88,No,,Loyal,Yes
OFF003743,8361-LTMKD,2025-01-08,10% Discount,7.44,Yes,2025-01-13,New,Yes
OFF003744,7590-VHVEG,2025-12-07,Extra 100GB Data,100.0,No,,New,No
OFF003745,7590-VHVEG,2024-03-01,10% Discount,2.99,Yes,2024-03-04,New,No
OFF003746,1452-KIOVK,2024-05-11,30% Discount,17.82,Yes,2024-05-13,Regular,No
OFF003747,7469-LKBCI,2023-12-21,Free Upgrade,0.0,Yes,2023-12-27,Regular,No
OFF003748,8091-TTVAX,2025-07-25,30% Discount,20.07,Yes,2025-07-28,Loyal,No
OFF003749,5129-JLPIS,2023-06-21,10% Discount,31.65,No,,Regular,No
OFF003750,8191-XWSZG,2025-08-01,Free 3 Months Streaming,0.0,No,,Loyal,No
OFF003751,9959-WOFKT,2024-07-26,Free Installation,0.0,Yes,2024-07-28,Loyal,No
OFF003752,5248-YGIJN,2025-11-18,Free Installation,0.0,Yes,2025-11-19,Loyal,No
OFF003753,3841-NFECX,2024-04-28,Extra 100GB Data,100.0,No,,Loyal,No
OFF003754,4929-XIHVW,2024-04-23,10% Discount,28.65,Yes,2024-04-28,New,No
OFF003755,4929-XIHVW,2023-03-04,Extra 100GB Data,100.0,No,,New,No
OFF003756,7310-EGVHZ,2024-01-27,Free 3 Months Streaming,0.0,Yes,2024-01-28,New,No
OFF003757,3413-BMNZE,2025-05-15,10% Discount,9.05,No,,New,No
OFF003758,6234-RAAPL,2025-10-16,Premium Support,0.0,Yes,2025-10-21,Loyal,No
OFF003759,6572-ADKRS,2023-04-18,Free Upgrade,0.0,Yes,2023-04-25,Loyal,No
OFF003760,9489-DEDVP,2024-01-02,Free Upgrade,0.0,Yes,2024-01-05,Loyal,No
OFF003761,9867-JCZSP,2025-06-11,10% Discount,2.08,Yes,2025-06-12,Regular,No
OFF003762,3714-NTNFO,2024-08-03,Loyalty Reward,0.0,Yes,2024-08-04,Loyal,No
OFF003763,7639-LIAYI,2024-01-12,Extra 100GB Data,100.0,Yes,2024-01-13,Loyal,No
OFF003764,2954-PIBKO,2023-11-14,20% Discount,19.25,Yes,2023-11-20,Loyal,No
OFF003765,6575-SUVOI,2024-12-26,Extra 100GB Data,100.0,No,,Regular,No
OFF003766,8769-KKTPH,2024-12-09,Cashback ₹500,500.0,No,,Loyal,No
OFF003767,5067-XJQFU,2025-11-23,Premium Support,0.0,Yes,2025-11-28,Loyal,No
OFF003768,5954-BDFSG,2025-12-05,Loyalty Reward,0.0,No,,Loyal,No
OFF003769,0434-CSFON,2024-10-25,20% Discount,30.15,No,,Loyal,No
OFF003770,1215-FIGMP,2025-04-12,Premium Support,0.0,Yes,2025-04-16,Loyal,No
OFF003771,0526-SXDJP,2023-06-15,Premium Support,0.0,Yes,2023-06-18,Loyal,No
OFF003772,5122-CYFXA,2023-09-16,Extra 100GB Data,100.0,Yes,2023-09-21,New,No
OFF003773,3410-YOQBQ,2025-01-09,Cashback ₹500,500.0,No,,Regular,No
OFF003774,3170-NMYVV,2023-01-07,Free Installation,0.0,Yes,2023-01-10,Loyal,No
OFF003775,7410-OIEDU,2023-05-16,Loyalty Reward,0.0,Yes,2023-05-23,New,No
OFF003776,2273-QCKXA,2023-03-18,30% Discount,4.91,No,,New,No
OFF003777,2273-QCKXA,2025-07-01,Free Installation,0.0,Yes,2025-07-07,New,No
OFF003778,0731-EBJQB,2023-06-14,30% Discount,2.04,Yes,2023-06-19,Loyal,No
OFF003779,1891-QRQSA,2023-12-12,Premium Support,0.0,No,,Loyal,No
OFF003780,8028-PNXHQ,2023-12-26,Extra 100GB Data,100.0,Yes,2023-12-28,Loyal,No
OFF003781,5630-AHZIL,2023-11-24,Cashback ₹500,500.0,Yes,2023-11-28,New,No
OFF003782,5630-AHZIL,2025-08-13,Free Installation,0.0,No,,New,No
OFF003783,2673-CXQEU,2023-11-27,10% Discount,11.05,Yes,2023-11-28,Loyal,No
OFF003784,6416-JNVRK,2023-05-13,30% Discount,11.13,Yes,2023-05-17,Loyal,No
OFF003785,5590-ZSKRV,2023-09-09,Premium Support,0.0,Yes,2023-09-15,New,No
OFF003786,3887-PBQAO,2024-10-12,10% Discount,2.59,No,,Loyal,No
OFF003787,8108-UXRQN,2025-03-04,10% Discount,10.11,Yes,2025-03-08,New,No
OFF003788,8108-UXRQN,2023-07-20,20% Discount,5.05,Yes,2023-07-22,New,No
OFF003789,9919-YLNNG,2025-04-24,Free Upgrade,0.0,Yes,2025-04-28,Loyal,No
OFF003790,0318-ZOPWS,2024-05-14,Cashback ₹500,500.0,No,,Loyal,No
OFF003791,3016-KSVCP,2024-11-23,Loyalty Reward,0.0,Yes,2024-11-28,Regular,No
OFF003792,7233-PAHHL,2025-04-27,Premium Support,0.0,Yes,2025-04-28,Loyal,No
OFF003793,6067-NGCEU,2025-10-26,Extra 100GB Data,100.0,Yes,2025-10-28,Loyal,No
OFF003794,9848-JQJTX,2024-06-13,10% Discount,30.27,Yes,2024-06-18,Loyal,No
OFF003795,9803-FTJCG,2024-01-04,Extra 100GB Data,100.0,No,,Loyal,No
OFF003796,6380-ARCEH,2025-10-02,20% Discount,2.02,No,,New,No
OFF003797,6380-ARCEH,2024-12-25,Premium Support,0.0,No,,New,No
OFF003798,6180-YBIQI,2025-10-17,Cashback ₹500,500.0,Yes,2025-10-22,New,No
OFF003799,6728-DKUCO,2025-08-18,Extra 100GB Data,100.0,Yes,2025-08-25,Loyal,No
OFF003800,2848-YXSMW,2023-10-23,Premium Support,0.0,No,,Loyal,No
OFF003801,5256-SKJGO,2023-11-03,30% Discount,5.46,Yes,2023-11-10,Loyal,No
OFF003802,3071-VBYPO,2023-11-11,Extra 100GB Data,100.0,Yes,2023-11-12,New,No
OFF003803,3071-VBYPO,2025-02-24,Loyalty Reward,0.0,Yes,2025-02-28,New,No
OFF003804,9560-BBZXK,2025-10-12,Premium Support,0.0,Yes,2025-10-13,Loyal,No
OFF003805,2928-HLDBA,2023-03-21,Free 3 Months Streaming,0.0,Yes,2023-03-25,New,No
OFF003806,6497-TILVL,2025-06-22,30% Discount,15.21,Yes,2025-06-26,New,No
OFF003807,6734-PSBAW,2025-01-15,30% Discount,7.07,Yes,2025-01-16,Loyal,No
OFF003808,3930-ZGWVE,2024-09-24,10% Discount,5.92,Yes,2024-09-27,New,No
OFF003809,8587-XYZSF,2024-04-11,20% Discount,15.16,No,,Loyal,No
OFF003810,3774-VBNXY,2023-05-27,Extra 100GB Data,100.0,No,,Loyal,No
OFF003811,6837-BJYDQ,2025-10-25,Loyalty Reward,0.0,Yes,2025-10-26,New,No
OFF003812,3466-BYAVD,2023-05-14,30% Discount,20.85,Yes,2023-05-15,Regular,No
OFF003813,3780-YVMFA,2025-06-11,Free 3 Months Streaming,0.0,No,,New,No
OFF003814,3780-YVMFA,2025-06-11,30% Discount,13.71,Yes,2025-06-13,New,No
OFF003815,3077-RSNTJ,2023-01-15,Free Upgrade,0.0,No,,New,No
OFF003816,3077-RSNTJ,2025-01-13,Extra 100GB Data,100.0,Yes,2025-01-14,New,No
OFF003817,6551-GNYDG,2023-09-01,Free Installation,0.0,No,,Regular,No
OFF003818,6371-NZYEG,2023-12-06,Cashback ₹500,500.0,Yes,2023-12-09,Regular,No
OFF003819,7554-NEWDD,2024-01-19,10% Discount,7.71,Yes,2024-01-24,New,No
OFF003820,7554-NEWDD,2023-03-11,Cashback ₹500,500.0,Yes,2023-03-12,New,No
OFF003821,8992-VONJD,2025-05-27,Extra 100GB Data,100.0,Yes,2025-05-28,Regular,No
OFF003822,4482-EWFMI,2025-10-11,30% Discount,13.94,Yes,2025-10-12,New,No
OFF003823,2907-ILJBN,2024-12-26,10% Discount,4.12,No,,New,No
OFF003824,6345-FZOQH,2025-03-14,Premium Support,0.0,Yes,2025-03-20,Loyal,No
OFF003825,5997-OPVFA,2025-02-10,30% Discount,8.9,Yes,2025-02-16,Loyal,No
OFF003826,1744-JHKYS,2025-11-21,30% Discount,7.41,Yes,2025-11-24,Regular,No
OFF003827,5947-SGKCL,2023-01-17,Cashback ₹500,500.0,Yes,2023-01-19,Regular,No
OFF003828,3712-PKXZA,2024-06-12,Free 3 Months Streaming,0.0,Yes,2024-06-14,Loyal,No
OFF003829,6582-OIVSP,2023-04-23,Cashback ₹500,500.0,No,,New,No
OFF003830,6582-OIVSP,2025-09-08,20% Discount,4.53,Yes,2025-09-10,New,No
OFF003831,5524-KHNJP,2024-03-01,Extra 100GB Data,100.0,No,,Regular,No
OFF003832,4827-USJHP,2024-05-07,Free Upgrade,0.0,Yes,2024-05-08,Regular,No
OFF003833,8167-GJLRN,2023-01-21,Loyalty Reward,0.0,Yes,2023-01-22,New,No
OFF003834,2984-RGEYA,2024-04-05,Loyalty Reward,0.0,Yes,2024-04-11,Loyal,No
OFF003835,9680-NIAUV,2024-05-10,Free Upgrade,0.0,No,,Loyal,No
OFF003836,6168-YBYNP,2024-11-03,Premium Support,0.0,Yes,2024-11-04,Loyal,No
OFF003837,3645-DEYGF,2024-03-10,20% Discount,2.08,Yes,2024-03-12,New,No
OFF003838,9323-HGFWY,2023-09-21,30% Discount,10.19,Yes,2023-09-25,Regular,No
OFF003839,8544-GOQSH,2024-11-01,10% Discount,8.01,Yes,2024-11-06,Regular,No
OFF003840,9142-KZXOP,2023-05-15,10% Discount,13.77,Yes,2023-05-16,Loyal,No
OFF003841,1347-KTTTA,2024-12-25,Extra 100GB Data,100.0,Yes,2024-12-27,Loyal,No
OFF003842,2504-DSHIH,2025-03-02,20% Discount,8.68,Yes,2025-03-04,Regular,No
OFF003843,0699-NDKJM,2023-06-22,Free 3 Months Streaming,0.0,Yes,2023-06-23,Loyal,No
OFF003844,0230-WEQUW,2023-09-19,Cashback ₹500,500.0,Yes,2023-09-21,Loyal,No
OFF003845,2040-LDIWQ,2025-02-12,20% Discount,16.84,Yes,2025-02-15,Loyal,No
OFF003846,4443-EMBNA,2023-04-26,Loyalty Reward,0.0,Yes,2023-04-28,Loyal,No
OFF003847,5961-VUSRV,2025-01-27,Premium Support,0.0,No,,Regular,No
OFF003848,6778-JFCMK,2024-07-21,30% Discount,15.18,Yes,2024-07-24,Regular,No
OFF003849,6341-JVQGF,2025-02-27,Loyalty Reward,0.0,Yes,2025-02-28,Regular,No
OFF003850,7083-MIOPC,2024-01-09,Free Upgrade,0.0,Yes,2024-01-11,Loyal,No
OFF003851,1984-GPTEH,2024-07-14,Premium Support,0.0,Yes,2024-07-19,Regular,No
OFF003852,0621-JFHOL,2024-03-17,Loyalty Reward,0.0,No,,New,No
OFF003853,0621-JFHOL,2023-12-23,Loyalty Reward,0.0,No,,New,No
OFF003854,9227-UAQFT,2025-05-04,Free Upgrade,0.0,Yes,2025-05-10,Regular,No
OFF003855,6614-FHDBO,2025-09-19,Free 3 Months Streaming,0.0,Yes,2025-09-22,Loyal,No
OFF003856,7576-ASEJU,2025-01-10,Free Upgrade,0.0,No,,Loyal,No
OFF003857,9058-HRZSV,2025-02-21,20% Discount,28.32,Yes,2025-02-24,Loyal,No
OFF003858,4075-JFPGR,2024-09-22,Free Installation,0.0,No,,Loyal,No
OFF003859,3675-YDUPJ,2025-02-26,Free Installation,0.0,Yes,2025-02-28,New,No
OFF003860,7017-VFHAY,2024-08-03,30% Discount,11.51,Yes,2024-08-05,Loyal,No
OFF003861,6655-LHBYW,2025-03-19,30% Discount,22.87,Yes,2025-03-26,Loyal,No
OFF003862,5046-NUHWD,2023-11-20,30% Discount,13.5,Yes,2023-11-21,Regular,No
OFF003863,7605-BDWDC,2025-02-05,Free 3 Months Streaming,0.0,Yes,2025-02-07,Regular,No
OFF003864,0123-CRBRT,2023-10-17,Premium Support,0.0,Yes,2023-10-20,Loyal,No
OFF003865,3197-ARFOY,2024-03-18,Free Installation,0.0,Yes,2024-03-21,Regular,No
OFF003866,4716-HHKQH,2023-11-19,30% Discount,21.41,Yes,2023-11-24,Regular,No
OFF003867,3179-GBRWV,2023-03-01,Free Upgrade,0.0,Yes,2023-03-05,Regular,No
OFF003868,8229-MYEJZ,2025-04-01,30% Discount,5.12,Yes,2025-04-07,New,No
OFF003869,9577-WJVCQ,2025-11-23,30% Discount,16.34,Yes,2025-11-26,Loyal,No
OFF003870,3808-HFKDE,2023-08-21,Free 3 Months Streaming,0.0,Yes,2023-08-28,Regular,No
OFF003871,2294-SALNE,2023-07-18,Free Installation,0.0,No,,Regular,No
OFF003872,4847-TAJYI,2023-12-20,30% Discount,8.94,No,,New,No
OFF003873,1563-IWQEX,2023-02-12,20% Discount,1.97,Yes,2023-02-14,Regular,No
OFF003874,6851-WEFYX,2024-11-04,Extra 100GB Data,100.0,No,,Regular,No
OFF003875,8266-VBFQL,2023-09-15,20% Discount,9.04,Yes,2023-09-20,New,No
OFF003876,4115-BNPJY,2025-01-25,Loyalty Reward,0.0,Yes,2025-01-28,Regular,No
OFF003877,3167-SNQPL,2023-05-02,Free 3 Months Streaming,0.0,Yes,2023-05-08,Loyal,No
OFF003878,2799-ARNLO,2025-07-18,Loyalty Reward,0.0,Yes,2025-07-24,New,No
OFF003879,5027-YOCXN,2023-02-03,Cashback ₹500,500.0,No,,Loyal,No
OFF003880,3973-SKMLN,2023-11-01,30% Discount,1.99,No,,Loyal,No
OFF003881,8626-PTQGE,2023-04-07,Free Upgrade,0.0,Yes,2023-04-11,Loyal,No
OFF003882,4983-CLMLV,2023-06-26,30% Discount,30.81,Yes,2023-06-28,Loyal,No
OFF003883,5701-YVSVF,2023-02-14,Free Installation,0.0,Yes,2023-02-18,New,No
OFF003884,5697-GOMBF,2025-03-28,Loyalty Reward,0.0,Yes,2025-03-28,Regular,No
OFF003885,9385-EHGDO,2025-04-18,Free 3 Months Streaming,0.0,No,,Regular,No
OFF003886,9498-FIMXL,2023-08-05,Free Installation,0.0,Yes,2023-08-08,New,No
OFF003887,2088-IEBAU,2025-06-11,Cashback ₹500,500.0,No,,Loyal,No
OFF003888,6885-PKOAM,2023-12-27,Free Upgrade,0.0,Yes,2023-12-28,Loyal,No
OFF003889,5924-SNGKP,2024-06-11,Premium Support,0.0,No,,Loyal,No
OFF003890,0021-IKXGC,2024-01-21,Cashback ₹500,500.0,No,,New,No
OFF003891,0021-IKXGC,2024-06-20,Free 3 Months Streaming,0.0,No,,New,No
OFF003892,6243-OZGFH,2023-10-15,Free Installation,0.0,Yes,2023-10-19,Regular,No
OFF003893,4654-DLAMQ,2025-06-12,10% Discount,9.7,No,,Loyal,No
OFF003894,0513-RBGPE,2025-10-25,Extra 100GB Data,100.0,Yes,2025-10-27,Loyal,No
OFF003895,5160-UXJED,2023-12-24,Free Installation,0.0,No,,Regular,No
OFF003896,5229-DTFYB,2023-10-13,30% Discount,29.64,No,,Loyal,No
OFF003897,0104-PPXDV,2023-09-15,Premium Support,0.0,Yes,2023-09-16,Loyal,No
OFF003898,3583-KRKMD,2025-01-28,Free Installation,0.0,Yes,2025-01-28,Regular,No
OFF003899,9069-LGEUL,2025-08-26,Free Upgrade,0.0,No,,Regular,No
OFF003900,6122-EFVKN,2024-01-09,Cashback ₹500,500.0,Yes,2024-01-10,Regular,No
OFF003901,7156-MXBJE,2025-11-19,Free 3 Months Streaming,0.0,Yes,2025-11-24,Loyal,No
OFF003902,5686-CMAWK,2023-11-19,Premium Support,0.0,Yes,2023-11-21,Regular,No
OFF003903,6583-SZVGP,2025-10-06,30% Discount,21.62,Yes,2025-10-08,Loyal,No
OFF003904,1708-PBBOA,2025-01-18,30% Discount,16.43,Yes,2025-01-25,Loyal,No
OFF003905,8782-LKFPK,2025-01-20,Loyalty Reward,0.0,Yes,2025-01-25,Loyal,No
OFF003906,5522-JBWMO,2024-03-01,30% Discount,8.8,Yes,2024-03-05,New,No
OFF003907,0224-RLWWD,2025-07-14,Loyalty Reward,0.0,Yes,2025-07-17,New,No
OFF003908,9967-ATRFS,2023-01-23,Loyalty Reward,0.0,Yes,2023-01-27,Regular,No
OFF003909,2977-CEBSX,2024-07-25,Loyalty Reward,0.0,Yes,2024-07-28,Loyal,No
OFF003910,0177-PXBAT,2025-01-28,30% Discount,32.97,Yes,2025-01-28,Regular,No
OFF003911,7606-BPHHN,2023-01-08,Free Upgrade,0.0,Yes,2023-01-13,Loyal,No
OFF003912,4163-NCJAK,2024-07-12,Premium Support,0.0,Yes,2024-07-14,Loyal,No
OFF003913,5973-EJGDP,2024-04-14,Loyalty Reward,0.0,Yes,2024-04-17,Loyal,No
OFF003914,1996-DBMUS,2025-08-14,30% Discount,21.2,No,,Loyal,No
OFF003915,5249-QYHEX,2024-06-08,20% Discount,4.96,No,,Loyal,No
OFF003916,2233-FAGXV,2025-09-24,Loyalty Reward,0.0,Yes,2025-09-26,New,No
OFF003917,7663-ZTEGJ,2023-11-22,30% Discount,30.16,No,,Regular,No
OFF003918,2055-SIFSS,2025-02-03,Loyalty Reward,0.0,Yes,2025-02-08,Loyal,No
OFF003919,8734-DKSTZ,2025-07-14,Extra 100GB Data,100.0,No,,New,No
OFF003920,8734-DKSTZ,2025-02-03,20% Discount,8.6,No,,New,No
OFF003921,4360-PNRQB,2024-06-02,Cashback ₹500,500.0,Yes,2024-06-08,Regular,No
OFF003922,6152-ONASV,2025-08-03,10% Discount,5.83,Yes,2025-08-06,Loyal,No
OFF003923,7781-HVGMK,2023-05-11,Cashback ₹500,500.0,Yes,2023-05-15,Loyal,No
OFF003924,2181-UAESM,2025-02-19,Free 3 Months Streaming,0.0,Yes,2025-02-26,New,No
OFF003925,2181-UAESM,2023-01-03,Premium Support,0.0,Yes,2023-01-09,New,No
OFF003926,4376-KFVRS,2023-07-25,Premium Support,0.0,No,,Loyal,No
OFF003927,5886-VLQVU,2024-01-27,Extra 100GB Data,100.0,No,,Regular,No
OFF003928,3577-AMVUX,2023-04-15,Premium Support,0.0,Yes,2023-04-17,New,No
OFF003929,0206-TBWLC,2023-12-15,10% Discount,22.93,Yes,2023-12-19,Loyal,No
OFF003930,2937-FTHUR,2024-05-13,Extra 100GB Data,100.0,No,,Regular,No
OFF003931,1090-ESELR,2023-10-14,Free Upgrade,0.0,Yes,2023-10-16,Loyal,No
OFF003932,4785-FCIFB,2024-04-21,Free Installation,0.0,Yes,2024-04-22,Loyal,No
OFF003933,8313-NDOIA,2024-05-09,Free Installation,0.0,No,,Regular,No
OFF003934,5149-CUZUJ,2023-11-24,Free Upgrade,0.0,Yes,2023-11-28,Regular,No
OFF003935,0942-KOWSM,2024-07-24,Loyalty Reward,0.0,Yes,2024-07-28,Regular,No
OFF003936,4237-CLSMM,2023-01-06,10% Discount,6.0,No,,New,No
OFF003937,4719-UMSIY,2025-07-06,Free Upgrade,0.0,Yes,2025-07-12,New,No
OFF003938,4719-UMSIY,2024-01-06,Cashback ₹500,500.0,Yes,2024-01-07,New,No
OFF003939,6614-VBEGU,2025-09-12,Premium Support,0.0,Yes,2025-09-13,Regular,No
OFF003940,1480-BKXGA,2024-09-10,30% Discount,23.21,Yes,2024-09-17,Loyal,No
OFF003941,2996-XAUVF,2023-09-13,Extra 100GB Data,100.0,Yes,2023-09-18,Loyal,No
OFF003942,9076-AXYIK,2025-12-26,20% Discount,20.42,No,,Loyal,No
OFF003943,4933-IKULF,2023-12-28,Premium Support,0.0,Yes,2023-12-28,Regular,No
OFF003944,1304-BCCFO,2024-12-27,Free Upgrade,0.0,Yes,2024-12-28,New,No
OFF003945,1304-BCCFO,2025-10-02,Free Installation,0.0,No,,New,No
OFF003946,4104-PVRPS,2023-05-18,Free Installation,0.0,No,,Regular,No
OFF003947,0486-LGCCH,2024-05-15,Free 3 Months Streaming,0.0,Yes,2024-05-18,New,No
OFF003948,5168-MQQCA,2025-01-17,Premium Support,0.0,No,,Loyal,No
OFF003949,7971-HLVXI,2024-03-22,20% Discount,25.35,No,,Loyal,No
OFF003950,9094-AZPHK,2025-04-26,Premium Support,0.0,Yes,2025-04-28,Regular,No
OFF003951,6778-YSNIH,2025-01-11,Free Installation,0.0,Yes,2025-01-14,New,No
OFF003952,5756-OZRIO,2024-01-15,30% Discount,6.41,No,,Loyal,No
OFF003953,4374-YMUSQ,2025-10-19,Extra 100GB Data,100.0,Yes,2025-10-26,Regular,No
OFF003954,5736-YEJAX,2024-11-19,Loyalty Reward,0.0,Yes,2024-11-23,Loyal,No
OFF003955,8981-FJGLA,2023-11-02,Free 3 Months Streaming,0.0,Yes,2023-11-08,New,No
OFF003956,8981-FJGLA,2024-09-15,Free 3 Months Streaming,0.0,Yes,2024-09-21,New,No
OFF003957,1135-LMECX,2025-07-15,10% Discount,3.97,Yes,2025-07-17,New,No
OFF003958,4332-MUOEZ,2024-11-03,Free 3 Months Streaming,0.0,Yes,2024-11-06,Regular,No
OFF003959,8677-HDZEE,2025-01-19,20% Discount,31.63,No,,Loyal,No
OFF003960,2475-MROZF,2024-12-11,Loyalty Reward,0.0,Yes,2024-12-16,Regular,No
OFF003961,3482-ABPKK,2023-07-21,Free 3 Months Streaming,0.0,Yes,2023-07-22,Regular,No
OFF003962,7531-GQHME,2024-05-28,Free Upgrade,0.0,Yes,2024-05-28,Regular,No
OFF003963,4109-CYRBD,2025-03-23,Free 3 Months Streaming,0.0,Yes,2025-03-28,Regular,No
OFF003964,8067-NIOYM,2025-10-09,Premium Support,0.0,Yes,2025-10-11,Regular,No
OFF003965,1403-GYAFU,2024-06-23,Loyalty Reward,0.0,Yes,2024-06-27,Loyal,No
OFF003966,5348-CAGXB,2023-08-17,Free 3 Months Streaming,0.0,Yes,2023-08-23,Regular,No
OFF003967,0621-HJWXJ,2025-02-24,Premium Support,0.0,Yes,2025-02-28,Loyal,No
OFF003968,2782-LFZVW,2024-07-20,Loyalty Reward,0.0,Yes,2024-07-25,New,No
OFF003969,7129-AZJDE,2023-12-21,Free Installation,0.0,No,,Regular,No
OFF003970,2560-PPCHE,2024-12-13,Free 3 Months Streaming,0.0,No,,Loyal,No
OFF003971,4676-MQUEA,2025-03-03,Free Upgrade,0.0,No,,Loyal,No
OFF003972,5791-KAJFD,2024-10-02,Free Installation,0.0,Yes,2024-10-03,Loyal,No
OFF003973,3716-UVSPD,2023-08-17,Free Upgrade,0.0,Yes,2023-08-23,New,No
OFF003974,3701-SFMUH,2025-04-27,Free Upgrade,0.0,No,,New,No
OFF003975,3701-SFMUH,2025-09-01,20% Discount,20.91,Yes,2025-09-08,New,No
OFF003976,7319-VENRZ,2023-02-08,Free 3 Months Streaming,0.0,Yes,2023-02-09,New,No
OFF003977,7319-VENRZ,2024-02-09,Free 3 Months Streaming,0.0,No,,New,No
OFF003978,5846-NEQVZ,2024-06-05,Free Installation,0.0,Yes,2024-06-09,Loyal,No
OFF003979,6967-QIQRV,2023-12-05,20% Discount,30.57,No,,Regular,No
OFF003980,5781-RFZRP,2024-11-06,10% Discount,22.05,No,,Loyal,No
OFF003981,0308-IVGOK,2025-12-22,Extra 100GB Data,100.0,Yes,2025-12-24,New,No
OFF003982,7025-WCBNE,2025-10-23,Free Upgrade,0.0,Yes,2025-10-25,Loyal,No
OFF003983,5756-JYOJT,2024-10-12,Free Installation,0.0,Yes,2024-10-19,New,No
OFF003984,5756-JYOJT,2025-07-17,Free Upgrade,0.0,No,,New,No
OFF003985,6030-REHUX,2024-04-22,Extra 100GB Data,100.0,No,,Regular,No
OFF003986,8270-RKSAP,2025-02-28,Loyalty Reward,0.0,Yes,2025-02-28,New,No
OFF003987,8270-RKSAP,2024-07-25,30% Discount,14.1,Yes,2024-07-28,New,No
OFF003988,6522-YRBXD,2023-11-04,Free Installation,0.0,Yes,2023-11-05,Regular,No
OFF003989,1423-BMPBQ,2025-11-26,Premium Support,0.0,Yes,2025-11-28,New,No
OFF003990,4568-KNYWR,2025-05-05,Free 3 Months Streaming,0.0,Yes,2025-05-07,Loyal,No
OFF003991,8752-IMQOS,2024-05-24,10% Discount,2.01,Yes,2024-05-28,New,No
OFF003992,8752-IMQOS,2024-12-25,Extra 100GB Data,100.0,Yes,2024-12-28,New,No
OFF003993,0619-OLYUR,2024-05-21,Free Installation,0.0,No,,Loyal,No
OFF003994,8208-EUMTE,2023-02-06,20% Discount,5.49,Yes,2023-02-09,Regular,No
OFF003995,5172-MIGPM,2023-03-15,Loyalty Reward,0.0,Yes,2023-03-17,New,No
OFF003996,1710-RCXUS,2023-11-27,Free Installation,0.0,Yes,2023-11-28,Loyal,No
OFF003997,5173-ZXXXL,2025-08-18,Premium Support,0.0,Yes,2025-08-23,New,No
OFF003998,5173-ZXXXL,2025-11-08,Free Installation,0.0,Yes,2025-11-13,New,No
OFF003999,6516-NKQBO,2025-02-14,30% Discount,16.2,Yes,2025-02-15,Loyal,No
OFF004000,8672-OAUPW,2025-12-16,Extra 100GB Data,100.0,No,,Loyal,No
OFF004001,2804-ETQDK,2024-12-10,Cashback ₹500,500.0,Yes,2024-12-12,Loyal,No
OFF004002,9396-ZSFLL,2023-02-21,10% Discount,14.65,Yes,2023-02-23,Regular,No
OFF004003,7134-MJPDY,2024-10-07,Free Installation,0.0,Yes,2024-10-09,Loyal,No
OFF004004,5240-CAOYT,2023-05-14,Free Upgrade,0.0,No,,Loyal,No
OFF004005,4059-IIEBK,2025-07-19,Loyalty Reward,0.0,Yes,2025-07-21,New,No
OFF004006,5148-HKFIR,2023-09-14,Loyalty Reward,0.0,Yes,2023-09-17,Regular,No
OFF004007,5016-IBERQ,2025-06-18,Cashback ₹500,500.0,Yes,2025-06-25,Regular,No
OFF004008,9931-KGHOA,2023-04-05,Cashback ₹500,500.0,No,,Loyal,No
OFF004009,1775-KWJKQ,2025-02-28,Extra 100GB Data,100.0,Yes,2025-02-28,Loyal,No
OFF004010,9411-TPQQV,2024-07-05,30% Discount,10.91,No,,Loyal,No
OFF004011,8404-VLQFB,2023-12-15,30% Discount,7.57,No,,Regular,No
OFF004012,2391-IPLOP,2025-03-03,Free 3 Months Streaming,0.0,No,,Loyal,No
OFF004013,3509-GWQGF,2023-07-07,Loyalty Reward,0.0,Yes,2023-07-10,Regular,No
OFF004014,5183-SNMJQ,2025-08-04,Loyalty Reward,0.0,No,,New,No
OFF004015,7838-LAZFO,2024-08-15,Loyalty Reward,0.0,Yes,2024-08-18,Loyal,No
OFF004016,3030-ZKIWL,2025-03-07,Extra 100GB Data,100.0,Yes,2025-03-10,New,No
OFF004017,9565-FLVCG,2023-09-15,Premium Support,0.0,Yes,2023-09-19,Loyal,No
OFF004018,2800-VEQXM,2025-11-01,10% Discount,7.48,Yes,2025-11-07,New,No
OFF004019,0214-JHPFW,2025-04-13,Loyalty Reward,0.0,Yes,2025-04-16,Loyal,No
OFF004020,9092-GDZKO,2025-12-02,Free Upgrade,0.0,Yes,2025-12-06,Regular,No
OFF004021,2324-AALNO,2023-07-20,Premium Support,0.0,No,,Loyal,No
OFF004022,5760-IFJOZ,2023-04-16,Extra 100GB Data,100.0,Yes,2023-04-23,New,No
OFF004023,5760-IFJOZ,2025-05-09,Cashback ₹500,500.0,No,,New,No
OFF004024,2826-UWHIS,2025-12-18,Premium Support,0.0,No,,Loyal,No
OFF004025,7501-IWUNG,2024-08-28,30% Discount,22.14,Yes,2024-08-28,Loyal,No
OFF004026,4957-TREIR,2024-05-07,20% Discount,12.88,Yes,2024-05-10,New,No
OFF004027,7251-LJBQN,2024-02-05,Cashback ₹500,500.0,No,,Loyal,No
OFF004028,8040-MNRTF,2024-06-13,Free Upgrade,0.0,Yes,2024-06-17,New,No
OFF004029,8040-MNRTF,2024-11-18,Free 3 Months Streaming,0.0,No,,New,No
OFF004030,1536-HBSWP,2025-11-09,Cashback ₹500,500.0,Yes,2025-11-15,New,No
OFF004031,5076-YVXCM,2025-03-15,Extra 100GB Data,100.0,Yes,2025-03-22,Loyal,No
OFF004032,6663-JOCQO,2025-04-19,Free Upgrade,0.0,No,,Regular,No
OFF004033,2682-KEVRP,2023-02-20,20% Discount,4.01,Yes,2023-02-25,Regular,No
OFF004034,2480-JZOSN,2023-05-01,20% Discount,4.13,No,,New,No
OFF004035,2480-JZOSN,2024-12-12,Cashback ₹500,500.0,Yes,2024-12-15,New,No
OFF004036,0078-XZMHT,2025-08-10,Free 3 Months Streaming,0.0,Yes,2025-08-14,Loyal,No
OFF004037,9978-HYCIN,2024-11-19,Free Upgrade,0.0,No,,Loyal,No
OFF004038,6942-LBFDP,2024-09-03,Loyalty Reward,0.0,Yes,2024-09-07,New,No
OFF004039,1456-TWCGB,2024-06-10,Free Installation,0.0,Yes,2024-06-11,New,No
OFF004040,3014-WJKSM,2023-03-11,Premium Support,0.0,Yes,2023-03-16,Regular,No
OFF004041,7929-DMBCV,2023-12-15,30% Discount,24.3,Yes,2023-12-22,Regular,No
OFF004042,5433-KYGHE,2024-07-01,Loyalty Reward,0.0,No,,Regular,No
OFF004043,4312-KFRXN,2024-07-04,Cashback ₹500,500.0,No,,Loyal,No
OFF004044,0114-IGABW,2025-01-02,Loyalty Reward,0.0,Yes,2025-01-03,Loyal,No
OFF004045,4697-LUPSU,2025-01-20,Premium Support,0.0,Yes,2025-01-22,New,No
OFF004046,6549-YMFAW,2024-01-20,Free Installation,0.0,Yes,2024-01-27,New,No
OFF004047,6621-YOBKI,2025-07-21,Free Upgrade,0.0,Yes,2025-07-26,New,No
OFF004048,7564-GHCVB,2025-10-14,20% Discount,15.81,Yes,2025-10-15,Loyal,No
OFF004049,1173-NOEYG,2024-09-22,Cashback ₹500,500.0,Yes,2024-09-28,Regular,No
OFF004050,7595-EHCDL,2023-07-06,Extra 100GB Data,100.0,Yes,2023-07-09,Regular,No
OFF004051,6647-ZEDXT,2023-12-09,Extra 100GB Data,100.0,Yes,2023-12-13,Regular,No
OFF004052,2521-NPUZR,2023-11-23,Free Installation,0.0,Yes,2023-11-28,Loyal,No
OFF004053,1307-TVUFB,2024-09-17,Extra 100GB Data,100.0,No,,Loyal,No
OFF004054,7503-MIOGA,2025-11-13,Free Installation,0.0,Yes,2025-11-16,Loyal,No
OFF004055,8405-IGQFX,2025-01-02,Loyalty Reward,0.0,No,,Loyal,No
OFF004056,9477-LGWQI,2024-11-22,Cashback ₹500,500.0,Yes,2024-11-28,Loyal,No
OFF004057,1410-RSCMR,2023-02-22,Free Installation,0.0,No,,New,No
OFF004058,1410-RSCMR,2024-12-05,Free Installation,0.0,Yes,2024-12-10,New,No
OFF004059,0139-IVFJG,2025-05-23,10% Discount,9.04,Yes,2025-05-28,New,No
OFF004060,0139-IVFJG,2023-05-11,Free 3 Months Streaming,0.0,Yes,2023-05-18,New,No
OFF004061,0030-FNXPP,2023-03-17,Loyalty Reward,0.0,No,,New,No
OFF004062,4013-GUXND,2025-09-08,Loyalty Reward,0.0,Yes,2025-09-12,New,No
OFF004063,4013-GUXND,2024-10-10,Free 3 Months Streaming,0.0,Yes,2024-10-14,New,No
OFF004064,1266-NZYUI,2023-11-21,Free 3 Months Streaming,0.0,No,,Loyal,No
OFF004065,7969-FFOWG,2025-05-28,10% Discount,3.98,Yes,2025-05-28,Loyal,No
OFF004066,4718-DHSMV,2025-11-11,Free 3 Months Streaming,0.0,No,,New,No
OFF004067,5175-WLYXL,2023-10-06,20% Discount,7.88,Yes,2023-10-07,Regular,No
OFF004068,7817-OMJNA,2023-05-19,Extra 100GB Data,100.0,Yes,2023-05-22,Regular,No
OFF004069,3137-NYQQI,2023-08-01,10% Discount,6.48,Yes,2023-08-02,Regular,No
OFF004070,7706-DZNKK,2024-05-26,30% Discount,4.09,No,,New,No
OFF004071,7706-DZNKK,2024-10-16,30% Discount,4.09,Yes,2024-10-22,New,No
OFF004072,9505-SQFSW,2025-11-25,30% Discount,12.09,Yes,2025-11-28,New,No
OFF004073,5676-CFLYY,2025-03-21,Extra 100GB Data,100.0,No,,Loyal,No
OFF004074,7521-AFHAB,2023-08-08,20% Discount,4.48,Yes,2023-08-13,New,No
OFF004075,7521-AFHAB,2025-05-25,Free Upgrade,0.0,No,,New,No
OFF004076,5125-CNDSP,2025-06-17,Free Installation,0.0,Yes,2025-06-23,Loyal,No
OFF004077,2202-OUTMO,2024-11-28,30% Discount,6.09,Yes,2024-11-28,Regular,No
OFF004078,0810-BDHAW,2024-07-18,Free 3 Months Streaming,0.0,Yes,2024-07-24,Regular,No
OFF004079,0229-LFJAF,2025-10-24,Free Installation,0.0,Yes,2025-10-28,Loyal,No
OFF004080,7131-ZQZNK,2025-02-07,Free Installation,0.0,Yes,2025-02-13,Loyal,No
OFF004081,9871-ELEYA,2024-05-27,Free Installation,0.0,No,,Regular,No
OFF004082,5173-WXOQV,2025-01-04,Extra 100GB Data,100.0,Yes,2025-01-09,New,No
OFF004083,6286-ZHAOK,2024-07-19,20% Discount,5.11,Yes,2024-07-24,Regular,No
OFF004084,8859-AXJZP,2024-05-18,20% Discount,2.38,No,,Loyal,No
OFF004085,9926-PJHDQ,2024-09-06,Extra 100GB Data,100.0,Yes,2024-09-12,Loyal,No
OFF004086,2798-NYLMZ,2023-04-14,Free Installation,0.0,Yes,2023-04-20,Loyal,No
OFF004087,0036-IHMOT,2023-07-03,Free Installation,0.0,Yes,2023-07-06,Loyal,No
OFF004088,4220-TINQT,2024-08-05,Free 3 Months Streaming,0.0,Yes,2024-08-11,Loyal,No
OFF004089,5318-YKDPV,2024-11-06,Loyalty Reward,0.0,Yes,2024-11-12,Loyal,No
OFF004090,0295-QVKPB,2024-12-05,Loyalty Reward,0.0,Yes,2024-12-07,New,No
OFF004091,4335-BSMJS,2025-04-05,Premium Support,0.0,Yes,2025-04-07,Loyal,No
OFF004092,5337-IIWKZ,2023-01-08,20% Discount,13.46,No,,Regular,No
OFF004093,9650-VBUOG,2025-04-16,30% Discount,5.01,Yes,2025-04-19,Loyal,No
OFF004094,3487-EARAT,2025-07-12,30% Discount,14.82,No,,Loyal,No
OFF004095,2672-TGEFF,2025-08-03,Extra 100GB Data,100.0,No,,Loyal,No
OFF004096,4250-WAROZ,2025-06-09,10% Discount,27.97,Yes,2025-06-15,Loyal,No
OFF004097,8184-WMOFI,2025-04-18,10% Discount,21.42,Yes,2025-04-25,Loyal,No
OFF004098,0392-BZIUW,2024-08-24,Free Installation,0.0,Yes,2024-08-28,Loyal,No
OFF004099,6916-HIJSE,2025-07-25,Free Installation,0.0,Yes,2025-07-27,Loyal,No
OFF004100,2316-ESMLS,2023-08-03,Free 3 Months Streaming,0.0,Yes,2023-08-07,Regular,No
OFF004101,6007-TCTST,2024-07-06,Free 3 Months Streaming,0.0,Yes,2024-07-07,Loyal,No
OFF004102,2252-NKNSI,2025-01-01,Loyalty Reward,0.0,Yes,2025-01-05,Loyal,No
OFF004103,8713-IGZSO,2023-08-02,Free Installation,0.0,No,,New,No
OFF004104,8713-IGZSO,2025-02-10,Cashback ₹500,500.0,Yes,2025-02-16,New,No
OFF004105,7905-TVXTA,2024-11-13,10% Discount,6.43,Yes,2024-11-17,New,No
OFF004106,7905-TVXTA,2023-01-03,Loyalty Reward,0.0,Yes,2023-01-06,New,No
OFF004107,5275-PMFUT,2023-09-02,10% Discount,6.48,Yes,2023-09-08,Loyal,No
OFF004108,9777-IQHWP,2025-12-27,Premium Support,0.0,Yes,2025-12-28,Loyal,No
OFF004109,4713-ZBURT,2025-11-10,Free 3 Months Streaming,0.0,No,,Loyal,No
OFF004110,3050-GBUSH,2025-05-25,Loyalty Reward,0.0,Yes,2025-05-28,New,No
OFF004111,3050-GBUSH,2025-10-25,Cashback ₹500,500.0,Yes,2025-10-27,New,No
OFF004112,7876-AEHIG,2023-01-28,20% Discount,12.03,Yes,2023-01-28,Loyal,No
OFF004113,9342-VNIMQ,2024-04-22,Loyalty Reward,0.0,Yes,2024-04-23,Regular,No
OFF004114,3523-BRGUW,2025-12-24,Cashback ₹500,500.0,Yes,2025-12-28,Regular,No
OFF004115,2123-AGEEN,2023-05-16,Loyalty Reward,0.0,Yes,2023-05-19,New,No
OFF004116,5898-IGSLP,2023-04-09,10% Discount,26.79,No,,Regular,No
OFF004117,7997-EASSD,2024-10-14,Free Upgrade,0.0,No,,Loyal,No
OFF004118,0730-KOAVE,2023-09-26,Cashback ₹500,500.0,Yes,2023-09-28,Regular,No
OFF004119,2267-FPIMA,2023-01-25,Loyalty Reward,0.0,Yes,2023-01-28,Loyal,No
OFF004120,1051-GEJLJ,2023-03-28,20% Discount,1.95,Yes,2023-03-28,New,No
OFF004121,1051-GEJLJ,2023-11-24,10% Discount,1.95,No,,New,No
OFF004122,5285-MVEHD,2024-07-16,20% Discount,10.56,Yes,2024-07-19,Loyal,No
OFF004123,5543-QDCRY,2025-02-21,Free Installation,0.0,Yes,2025-02-26,New,No
OFF004124,0297-RBCSG,2023-04-17,Free Upgrade,0.0,Yes,2023-04-23,Regular,No
OFF004125,4694-PHWFW,2023-09-11,Free Upgrade,0.0,Yes,2023-09-12,New,No
OFF004126,5993-BQHEA,2024-11-03,Cashback ₹500,500.0,No,,Regular,No
OFF004127,6024-RUGGH,2025-05-27,Extra 100GB Data,100.0,No,,Loyal,No
OFF004128,3956-CJUST,2023-11-08,Free Upgrade,0.0,Yes,2023-11-15,Regular,No
OFF004129,4079-WWQQQ,2024-11-10,Loyalty Reward,0.0,Yes,2024-11-11,Loyal,No
OFF004130,6103-BOCOU,2023-02-23,Loyalty Reward,0.0,Yes,2023-02-28,Regular,No
OFF004131,7471-WNSUF,2025-04-12,Loyalty Reward,0.0,No,,Loyal,No
OFF004132,8942-DBMHZ,2023-08-23,Cashback ₹500,500.0,Yes,2023-08-26,Regular,No
OFF004133,4301-VVZKA,2023-08-04,Loyalty Reward,0.0,No,,Regular,No
OFF004134,9199-PWQVC,2023-09-04,Loyalty Reward,0.0,Yes,2023-09-10,Loyal,No
OFF004135,4824-GUCBY,2023-10-26,10% Discount,24.51,No,,Regular,No
OFF004136,5393-HJZSM,2023-08-08,Free Installation,0.0,Yes,2023-08-10,Regular,No
OFF004137,0454-OKRCT,2023-03-03,10% Discount,8.06,Yes,2023-03-07,Regular,No
OFF004138,4198-VFOEA,2023-09-12,Cashback ₹500,500.0,No,,Regular,No
OFF004139,2692-AQCPF,2025-09-20,Free Upgrade,0.0,Yes,2025-09-23,Loyal,No
OFF004140,0811-GSDTP,2024-01-21,10% Discount,3.02,Yes,2024-01-27,Regular,No
OFF004141,6115-ZTBFQ,2023-10-21,Cashback ₹500,500.0,Yes,2023-10-28,Loyal,No
OFF004142,9904-EHEVJ,2024-02-13,Free Upgrade,0.0,No,,Regular,No
OFF004143,8584-KMVXD,2023-11-10,Cashback ₹500,500.0,Yes,2023-11-16,New,No
OFF004144,8584-KMVXD,2023-03-12,30% Discount,7.56,Yes,2023-03-14,New,No
OFF004145,5382-SOYZL,2024-04-25,30% Discount,9.51,Yes,2024-04-28,Regular,No
OFF004146,4002-BQWPQ,2024-06-13,Free Upgrade,0.0,No,,Regular,No
OFF004147,5651-YLPRD,2023-04-02,20% Discount,8.61,Yes,2023-04-06,Regular,No
OFF004148,2826-DXLQO,2024-09-26,Free 3 Months Streaming,0.0,No,,New,No
OFF004149,2826-DXLQO,2024-11-28,10% Discount,5.96,No,,New,No
OFF004150,9489-UTFKA,2025-02-13,20% Discount,18.27,Yes,2025-02-14,New,No
OFF004151,7764-BDPEE,2024-04-28,20% Discount,6.25,Yes,2024-04-28,New,No
OFF004152,3429-IFLEM,2024-02-02,30% Discount,15.47,No,,Loyal,No
OFF004153,0556-FJEGU,2023-03-26,Free 3 Months Streaming,0.0,Yes,2023-03-28,Loyal,No
OFF004154,0604-THJFP,2023-03-11,Free Installation,0.0,Yes,2023-03-16,Loyal,No
OFF004155,5879-SESNB,2024-07-22,Free Installation,0.0,Yes,2024-07-28,New,No
OFF004156,5879-SESNB,2024-08-08,10% Discount,7.53,No,,New,No
OFF004157,9046-JBFWA,2024-07-16,20% Discount,1.92,Yes,2024-07-22,Regular,No
OFF004158,3280-NMUVX,2025-06-02,Extra 100GB Data,100.0,Yes,2025-06-08,Regular,No
OFF004159,1206-EHBDD,2023-10-19,30% Discount,16.06,No,,Loyal,No
OFF004160,9108-EQPNQ,2025-10-20,Free Installation,0.0,No,,New,No
OFF004161,7277-KAMWT,2025-12-06,Cashback ₹500,500.0,No,,Regular,No
OFF004162,3234-VKACU,2024-04-10,20% Discount,7.03,No,,New,No
OFF004163,3234-VKACU,2024-01-06,Cashback ₹500,500.0,Yes,2024-01-11,New,No
OFF004164,2858-EIMXH,2025-10-23,Free 3 Months Streaming,0.0,No,,Loyal,No
OFF004165,6419-ZTTLE,2024-01-17,Loyalty Reward,0.0,Yes,2024-01-21,Regular,No
OFF004166,7426-RHZGU,2025-10-13,10% Discount,9.59,No,,New,No
OFF004167,7426-RHZGU,2024-04-16,Cashback ₹500,500.0,Yes,2024-04-17,New,No
OFF004168,4065-JJAVA,2024-05-11,Premium Support,0.0,No,,New,No
OFF004169,9361-YNQWJ,2024-12-19,30% Discount,7.32,Yes,2024-12-21,Loyal,No
OFF004170,3748-FVMZZ,2023-11-11,30% Discount,4.0,Yes,2023-11-12,New,No
OFF004171,3422-WJOYD,2024-06-03,Free Upgrade,0.0,Yes,2024-06-04,Regular,No
OFF004172,8242-SOQUO,2023-10-06,Loyalty Reward,0.0,No,,New,No
OFF004173,7460-ITWWP,2023-04-08,Free Installation,0.0,No,,Loyal,No
OFF004174,7147-AYBAA,2024-11-07,Extra 100GB Data,100.0,Yes,2024-11-14,Loyal,No
OFF004175,6732-FZUGP,2025-05-08,Cashback ₹500,500.0,No,,Loyal,No
OFF004176,8329-GWVPJ,2024-08-19,Free Installation,0.0,Yes,2024-08-23,Loyal,No
OFF004177,1352-VHKAJ,2023-05-24,Free Installation,0.0,Yes,2023-05-28,Regular,No
OFF004178,8146-QQKZH,2025-04-18,Free 3 Months Streaming,0.0,Yes,2025-04-19,Loyal,No
OFF004179,1767-CJKBA,2023-09-24,Premium Support,0.0,Yes,2023-09-28,Loyal,No
OFF004180,6445-TNRXS,2024-05-08,Free Installation,0.0,Yes,2024-05-13,Loyal,No
OFF004181,4581-LNWUM,2025-08-25,Free Installation,0.0,No,,Regular,No
OFF004182,4869-EPIUS,2023-05-28,Free Upgrade,0.0,Yes,2023-05-28,Loyal,No
OFF004183,1915-OAKWD,2025-08-18,Cashback ₹500,500.0,Yes,2025-08-19,Regular,No
OFF004184,3354-OADJP,2025-09-10,Free Installation,0.0,Yes,2025-09-13,New,No
OFF004185,3354-OADJP,2025-12-19,Cashback ₹500,500.0,Yes,2025-12-23,New,No
OFF004186,3524-WQDSG,2023-04-05,30% Discount,9.93,Yes,2023-04-08,Loyal,No
OFF004187,0810-DHDBD,2024-06-18,20% Discount,22.2,No,,Loyal,No
OFF004188,4026-SKKHW,2023-08-13,10% Discount,10.05,No,,New,No
OFF004189,3845-JHAMY,2024-10-13,Free Upgrade,0.0,Yes,2024-10-14,Regular,No
OFF004190,6100-FJZDG,2025-01-22,Free 3 Months Streaming,0.0,No,,Regular,No
OFF004191,4829-ZLJTK,2023-05-27,20% Discount,22.48,No,,Loyal,No
OFF004192,1730-VFMWO,2025-01-16,Free 3 Months Streaming,0.0,Yes,2025-01-23,Regular,No
OFF004193,9646-NMHXE,2025-08-25,Free Upgrade,0.0,Yes,2025-08-28,Loyal,No
OFF004194,7771-ZONAT,2025-04-06,30% Discount,11.35,Yes,2025-04-12,Regular,No
OFF004195,2111-DWYHN,2025-11-13,Free 3 Months Streaming,0.0,Yes,2025-11-18,New,No
OFF004196,2111-DWYHN,2024-11-22,Premium Support,0.0,Yes,2024-11-25,New,No
OFF004197,4121-AGSIN,2023-02-26,Cashback ₹500,500.0,No,,Loyal,No
OFF004198,9845-PEEKO,2025-12-12,Loyalty Reward,0.0,No,,Loyal,No
OFF004199,0301-KOBTQ,2024-02-23,Premium Support,0.0,Yes,2024-02-27,Regular,No
OFF004200,1751-NCDLI,2023-11-22,Free Installation,0.0,No,,Loyal,No
OFF004201,4367-NUYAO,2023-06-16,Free Upgrade,0.0,Yes,2023-06-23,New,No
OFF004202,8659-IOOPU,2025-10-07,Free Upgrade,0.0,Yes,2025-10-09,Loyal,No
OFF004203,1338-CECEE,2023-09-23,Free Upgrade,0.0,No,,Loyal,No
OFF004204,7439-DKZTW,2025-05-23,20% Discount,24.16,Yes,2025-05-27,New,No
OFF004205,7439-DKZTW,2025-04-15,Free Installation,0.0,Yes,2025-04-20,New,No
OFF004206,9578-FOMUK,2023-08-16,30% Discount,4.96,Yes,2023-08-23,Regular,No
OFF004207,8717-VCTXJ,2023-09-06,Free Upgrade,0.0,Yes,2023-09-10,Loyal,No
OFF004208,7363-QTBIW,2025-10-13,Free Installation,0.0,No,,New,No
OFF004209,7363-QTBIW,2023-12-15,Premium Support,0.0,No,,New,No
OFF004210,1271-UODNO,2024-01-11,Premium Support,0.0,Yes,2024-01-13,Loyal,No
OFF004211,6900-RBKER,2024-04-06,20% Discount,26.84,No,,Loyal,No
OFF004212,1459-QNFQT,2024-07-01,Premium Support,0.0,No,,Loyal,No
OFF004213,3696-XRIEN,2023-11-15,20% Discount,8.25,Yes,2023-11-19,Loyal,No
OFF004214,0074-HDKDG,2023-05-20,20% Discount,12.32,Yes,2023-05-27,Regular,No
OFF004215,8791-GFXLZ,2025-07-01,Free Upgrade,0.0,Yes,2025-07-05,Regular,No
OFF004216,9330-DHBFL,2023-08-10,20% Discount,13.25,Yes,2023-08-11,Regular,No
OFF004217,3156-QLHBO,2024-12-05,Free Installation,0.0,Yes,2024-12-08,New,No
OFF004218,1779-PWPMG,2023-07-26,Free 3 Months Streaming,0.0,No,,Loyal,No
OFF004219,6621-NRZAK,2024-08-28,Loyalty Reward,0.0,Yes,2024-08-28,Loyal,No
OFF004220,0774-IFUVM,2025-09-23,Extra 100GB Data,100.0,Yes,2025-09-28,New,No
OFF004221,0774-IFUVM,2024-09-15,Cashback ₹500,500.0,No,,New,No
OFF004222,9553-DLCLU,2024-07-18,20% Discount,8.9,Yes,2024-07-25,Regular,No
OFF004223,2460-NGXBJ,2023-12-21,Free Upgrade,0.0,Yes,2023-12-28,New,No
OFF004224,2460-NGXBJ,2023-10-26,Free 3 Months Streaming,0.0,Yes,2023-10-28,New,No
OFF004225,0411-EZJZE,2024-08-27,Free 3 Months Streaming,0.0,Yes,2024-08-28,New,No
OFF004226,4320-QMLLA,2025-09-21,Cashback ₹500,500.0,Yes,2025-09-26,New,No
OFF004227,4320-QMLLA,2024-07-14,Extra 100GB Data,100.0,Yes,2024-07-15,New,No
OFF004228,8292-ITGYJ,2023-02-09,Extra 100GB Data,100.0,Yes,2023-02-10,Loyal,No
OFF004229,5268-DSMNQ,2024-02-15,Free Upgrade,0.0,No,,Loyal,No
OFF004230,6242-MBHPK,2025-04-25,Free 3 Months Streaming,0.0,No,,Regular,No
OFF004231,4782-OSFXZ,2025-09-10,30% Discount,16.54,Yes,2025-09-14,Loyal,No
OFF004232,6479-OAUSD,2025-05-13,Free Installation,0.0,Yes,2025-05-14,Regular,No
OFF004233,7129-ACFOG,2025-12-22,10% Discount,16.14,No,,New,No
OFF004234,7129-ACFOG,2024-07-13,20% Discount,10.76,Yes,2024-07-17,New,No
OFF004235,1641-RQDAY,2024-09-14,Cashback ₹500,500.0,Yes,2024-09-21,Regular,No
OFF004236,1346-UFHAX,2024-11-21,Loyalty Reward,0.0,No,,Regular,No
OFF004237,3164-YAXFY,2025-03-02,Premium Support,0.0,No,,Loyal,No
OFF004238,4660-IRIBM,2024-10-08,Extra 100GB Data,100.0,No,,Regular,No
OFF004239,7670-ZBPOQ,2025-01-25,30% Discount,6.11,Yes,2025-01-28,Loyal,No
OFF004240,0080-OROZO,2024-08-27,Loyalty Reward,0.0,No,,Regular,No
OFF004241,6807-SIWJI,2025-07-06,Free Installation,0.0,No,,Loyal,No
OFF004242,8221-HVAYI,2025-08-25,20% Discount,20.75,Yes,2025-08-28,Regular,No
OFF004243,5232-NXPAY,2024-02-02,Loyalty Reward,0.0,Yes,2024-02-06,Loyal,No
OFF004244,4468-KAZHE,2025-10-07,Free Installation,0.0,Yes,2025-10-08,Regular,No
OFF004245,8944-AILEF,2024-01-17,Free 3 Months Streaming,0.0,Yes,2024-01-24,Regular,No
OFF004246,5542-NKVRU,2025-01-04,30% Discount,4.15,Yes,2025-01-10,Loyal,No
OFF004247,7126-RBHSD,2023-08-13,Extra 100GB Data,100.0,Yes,2023-08-17,Regular,No
OFF004248,5370-IIVVL,2025-02-06,10% Discount,20.9,Yes,2025-02-13,Loyal,No
OFF004249,6077-BDPXA,2025-11-11,Loyalty Reward,0.0,Yes,2025-11-14,New,No
OFF004250,3055-MJDSB,2025-11-24,30% Discount,2.46,No,,New,No
OFF004251,8496-DMZUK,2025-04-21,Free Upgrade,0.0,Yes,2025-04-22,Regular,No
OFF004252,0384-RVBPI,2025-05-01,20% Discount,12.88,Yes,2025-05-06,Regular,No
OFF004253,4525-VZCZG,2023-12-21,Extra 100GB Data,100.0,No,,Loyal,No
OFF004254,1543-LLLFT,2024-12-07,Free Upgrade,0.0,Yes,2024-12-14,Loyal,No
OFF004255,2788-CJQAQ,2023-06-16,Free 3 Months Streaming,0.0,Yes,2023-06-23,Regular,No
OFF004256,0096-FCPUF,2023-02-27,Premium Support,0.0,Yes,2023-02-28,Regular,No
OFF004257,9408-HRXRK,2025-09-13,30% Discount,31.55,Yes,2025-09-18,Loyal,No
OFF004258,6766-HFKLA,2024-01-28,Free 3 Months Streaming,0.0,Yes,2024-01-28,Loyal,No
OFF004259,9220-ZNKJI,2024-04-19,Free Upgrade,0.0,Yes,2024-04-20,Loyal,No
OFF004260,5529-GIBVH,2025-06-18,Free 3 Months Streaming,0.0,Yes,2025-06-19,Loyal,No
OFF004261,4741-WWJQZ,2025-05-27,Loyalty Reward,0.0,Yes,2025-05-28,New,No
OFF004262,1004-NOZNR,2024-03-25,Loyalty Reward,0.0,Yes,2024-03-28,Loyal,No
OFF004263,2612-PHGOX,2024-12-28,Extra 100GB Data,100.0,Yes,2024-12-28,Loyal,No
OFF004264,1257-SXUXQ,2025-10-21,20% Discount,1.95,No,,New,No
OFF004265,1257-SXUXQ,2023-10-26,10% Discount,3.89,Yes,2023-10-28,New,No
OFF004266,5095-ETBRJ,2024-04-05,Free 3 Months Streaming,0.0,No,,Loyal,No
OFF004267,7005-CYUIL,2025-07-04,Free 3 Months Streaming,0.0,Yes,2025-07-07,Loyal,No
OFF004268,4821-WQOYN,2024-09-10,Cashback ₹500,500.0,No,,Loyal,No
OFF004269,9531-NSBMR,2024-09-09,Cashback ₹500,500.0,Yes,2024-09-11,Loyal,No
OFF004270,6260-ONULR,2023-01-24,Cashback ₹500,500.0,No,,New,No
OFF004271,8800-ZKRFW,2023-04-04,Loyalty Reward,0.0,Yes,2023-04-09,Regular,No
OFF004272,8390-FESFV,2023-06-19,Loyalty Reward,0.0,Yes,2023-06-26,Loyal,No
OFF004273,6248-TKCQV,2024-05-20,30% Discount,8.06,Yes,2024-05-24,Loyal,No
OFF004274,6729-GDNGC,2024-05-27,Loyalty Reward,0.0,Yes,2024-05-28,Regular,No
OFF004275,1291-CUOCY,2025-11-10,Free Installation,0.0,Yes,2025-11-17,Loyal,No
OFF004276,3230-IUALN,2023-10-02,10% Discount,16.2,No,,Loyal,No
OFF004277,1866-NXPSP,2024-11-18,Loyalty Reward,0.0,Yes,2024-11-25,Loyal,No
OFF004278,1661-CZBAU,2025-03-26,Free Installation,0.0,Yes,2025-03-28,Loyal,No
OFF004279,9277-JOOMO,2025-11-05,Free Upgrade,0.0,Yes,2025-11-09,New,No
OFF004280,8947-YRTDV,2024-05-11,Free Installation,0.0,Yes,2024-05-17,Regular,No
OFF004281,3161-ONRWK,2024-03-02,20% Discount,13.17,Yes,2024-03-04,Loyal,No
OFF004282,4565-NLZBV,2023-02-28,Premium Support,0.0,Yes,2023-02-28,Loyal,No
OFF004283,7537-RBWEA,2024-07-07,Free Upgrade,0.0,No,,New,No
OFF004284,3733-LSYCE,2025-09-12,20% Discount,7.54,No,,Regular,No
OFF004285,6265-FRMTQ,2023-01-21,Loyalty Reward,0.0,Yes,2023-01-26,Regular,No
OFF004286,2017-CCBLH,2023-02-05,Free Upgrade,0.0,Yes,2023-02-07,New,No
OFF004287,2017-CCBLH,2024-05-17,Cashback ₹500,500.0,No,,New,No
OFF004288,7690-KPNCU,2024-09-18,Free Installation,0.0,No,,Loyal,No
OFF004289,0536-BGFMZ,2024-10-07,Free 3 Months Streaming,0.0,No,,Regular,No
OFF004290,7266-GSSJX,2025-08-18,Free Upgrade,0.0,Yes,2025-08-21,New,No
OFF004291,7073-QETQY,2024-08-26,10% Discount,2.04,Yes,2024-08-28,Loyal,No
OFF004292,5624-RYAMH,2024-04-11,Loyalty Reward,0.0,Yes,2024-04-18,New,No
OFF004293,0196-JTUQI,2023-01-01,Cashback ₹500,500.0,Yes,2023-01-06,New,No
OFF004294,9272-LSVYH,2025-01-16,Extra 100GB Data,100.0,Yes,2025-01-17,New,No
OFF004295,6250-CGGUN,2025-01-18,Cashback ₹500,500.0,Yes,2025-01-19,Loyal,No
OFF004296,9793-WECQC,2023-12-02,Free 3 Months Streaming,0.0,Yes,2023-12-05,Regular,No
OFF004297,4291-HPAXL,2024-07-22,Free 3 Months Streaming,0.0,Yes,2024-07-23,New,No
OFF004298,1131-SUEKT,2025-11-15,Free Upgrade,0.0,No,,Loyal,No
OFF004299,3717-OEAUQ,2024-07-11,Loyalty Reward,0.0,No,,New,No
OFF004300,7684-XSZIY,2025-06-16,Premium Support,0.0,Yes,2025-06-21,Loyal,No
OFF004301,8039-ACLPL,2024-01-05,20% Discount,20.62,Yes,2024-01-08,Loyal,No
OFF004302,8714-CTZJW,2024-02-15,Premium Support,0.0,No,,New,No
OFF004303,3569-EDBPQ,2024-07-03,Cashback ₹500,500.0,No,,Regular,No
OFF004304,9337-SRRNI,2025-10-24,Free Installation,0.0,No,,Loyal,No
OFF004305,0895-UADGO,2025-03-27,20% Discount,13.36,No,,New,No
OFF004306,0895-UADGO,2025-01-21,10% Discount,8.91,No,,New,No
OFF004307,5678-VFNEQ,2023-04-16,Cashback ₹500,500.0,Yes,2023-04-21,Loyal,No
OFF004308,5977-CKHON,2025-08-19,Loyalty Reward,0.0,Yes,2025-08-21,Loyal,No
OFF004309,1830-GGFNM,2024-09-17,20% Discount,9.46,Yes,2024-09-24,Loyal,No
OFF004310,5302-BDJNT,2024-09-20,10% Discount,28.65,Yes,2024-09-22,Regular,No
OFF004311,5223-UZAVK,2024-01-20,Free 3 Months Streaming,0.0,Yes,2024-01-23,Loyal,No
OFF004312,4859-ZSRDZ,2025-05-21,Free Upgrade,0.0,Yes,2025-05-23,Loyal,No
OFF004313,5651-WYIPH,2025-08-17,Free Installation,0.0,Yes,2025-08-19,Regular,No
OFF004314,9350-VLHMB,2024-09-03,20% Discount,17.91,No,,Loyal,No
OFF004315,3498-LZGQZ,2023-07-27,20% Discount,3.83,Yes,2023-07-28,Loyal,No
OFF004316,7560-QRBXH,2024-03-27,30% Discount,5.98,Yes,2024-03-28,Loyal,No
OFF004317,7077-XJMET,2024-07-05,Cashback ₹500,500.0,Yes,2024-07-07,Regular,No
OFF004318,8752-GHJFU,2025-01-20,Extra 100GB Data,100.0,Yes,2025-01-21,Loyal,No
OFF004319,6896-SRVYQ,2024-06-16,Premium Support,0.0,Yes,2024-06-21,Loyal,No
OFF004320,6718-BDGHG,2025-11-17,30% Discount,12.97,Yes,2025-11-21,Loyal,No
OFF004321,6439-LAJXL,2024-08-09,Cashback ₹500,500.0,No,,New,No
OFF004322,9052-VKDUW,2023-08-15,20% Discount,32.82,Yes,2023-08-22,Loyal,No
OFF004323,1666-JZPZT,2023-01-20,Free Installation,0.0,Yes,2023-01-26,Regular,No
OFF004324,7055-HNEOJ,2025-09-07,10% Discount,11.16,Yes,2025-09-13,New,No
OFF004325,7055-HNEOJ,2025-05-16,30% Discount,16.74,Yes,2025-05-23,New,No
OFF004326,3211-AAPKX,2023-08-22,Extra 100GB Data,100.0,Yes,2023-08-24,Regular,No
OFF004327,6806-YDEUL,2025-02-20,Loyalty Reward,0.0,Yes,2025-02-23,New,No
OFF004328,1735-XMJVH,2023-07-02,Premium Support,0.0,No,,New,No
OFF004329,6890-PFRQX,2024-02-13,10% Discount,20.85,Yes,2024-02-19,Regular,No
OFF004330,8681-ICONS,2025-03-18,Extra 100GB Data,100.0,Yes,2025-03-23,Regular,No
OFF004331,1621-YNCJH,2025-11-22,Free 3 Months Streaming,0.0,No,,Loyal,No
OFF004332,6362-QHAFM,2025-03-27,10% Discount,10.83,No,,Loyal,No
OFF004333,3070-BDOQC,2024-10-25,Free 3 Months Streaming,0.0,Yes,2024-10-28,Loyal,No
OFF004334,9824-QCJPK,2024-05-11,20% Discount,6.0,No,,Loyal,No
OFF004335,4283-IVYCI,2025-01-13,Free Installation,0.0,No,,New,No
OFF004336,4283-IVYCI,2024-11-17,Free 3 Months Streaming,0.0,Yes,2024-11-21,New,No
OFF004337,8205-MQUGY,2024-08-26,20% Discount,14.76,No,,Regular,No
OFF004338,9777-WJJPR,2024-11-05,Loyalty Reward,0.0,Yes,2024-11-08,Regular,No
OFF004339,9495-SKLKD,2024-08-02,20% Discount,28.79,Yes,2024-08-07,Loyal,No
OFF004340,9242-TKFSV,2024-10-02,Free Installation,0.0,No,,Loyal,No
OFF004341,9290-SHCMB,2024-02-01,30% Discount,19.37,Yes,2024-02-07,Regular,No
OFF004342,0743-HNPFG,2023-12-09,30% Discount,13.95,Yes,2023-12-14,Loyal,No
OFF004343,2277-BKJKN,2025-03-07,30% Discount,9.92,No,,Loyal,No
OFF004344,5035-PGZXH,2023-09-22,Free Installation,0.0,Yes,2023-09-27,Loyal,No
OFF004345,8695-WDYEA,2025-11-17,30% Discount,5.12,Yes,2025-11-24,New,No
OFF004346,6543-JXSOO,2023-05-22,Free 3 Months Streaming,0.0,Yes,2023-05-26,Regular,No
OFF004347,8605-ITULD,2024-02-12,10% Discount,5.87,No,,New,No
OFF004348,8605-ITULD,2023-05-24,20% Discount,1.96,Yes,2023-05-28,New,No
OFF004349,6416-YJTTB,2023-08-17,Free 3 Months Streaming,0.0,Yes,2023-08-21,New,No
OFF004350,3128-YOVTD,2025-11-13,Extra 100GB Data,100.0,No,,Loyal,No
OFF004351,7041-TXQJH,2023-04-04,Free 3 Months Streaming,0.0,Yes,2023-04-09,Loyal,No
OFF004352,5014-GSOUQ,2023-01-02,Cashback ₹500,500.0,No,,Regular,No
OFF004353,5724-BIDBU,2023-07-27,Premium Support,0.0,Yes,2023-07-28,Loyal,No
OFF004354,0481-SUMCB,2023-11-24,Loyalty Reward,0.0,Yes,2023-11-28,Loyal,No
OFF004355,8819-WFGGJ,2025-05-27,10% Discount,16.23,Yes,2025-05-28,Loyal,No
OFF004356,7427-AUFPY,2025-01-02,Cashback ₹500,500.0,Yes,2025-01-03,Loyal,No
OFF004357,9972-EWRJS,2024-07-21,Extra 100GB Data,100.0,Yes,2024-07-28,Loyal,No
OFF004358,9314-IJWSQ,2025-01-28,Cashback ₹500,500.0,Yes,2025-01-28,Regular,No
OFF004359,1921-KYSAY,2025-01-22,Premium Support,0.0,No,,Loyal,No
OFF004360,2924-KHUVI,2025-08-20,30% Discount,20.11,No,,Loyal,No
OFF004361,9327-QSDED,2024-02-18,Extra 100GB Data,100.0,Yes,2024-02-21,New,No
OFF004362,3012-VFFMN,2023-09-28,Extra 100GB Data,100.0,Yes,2023-09-28,New,No
OFF004363,3012-VFFMN,2024-08-18,Loyalty Reward,0.0,Yes,2024-08-19,New,No
OFF004364,2984-AFWNC,2024-06-21,Extra 100GB Data,100.0,No,,New,No
OFF004365,9764-REAFF,2024-05-22,Cashback ₹500,500.0,No,,Loyal,No
OFF004366,7107-UBYKY,2024-12-14,Loyalty Reward,0.0,Yes,2024-12-20,Regular,No
OFF004367,7876-DNYAP,2023-09-16,Free 3 Months Streaming,0.0,Yes,2023-09-19,Loyal,No
OFF004368,7905-NJMXS,2023-12-09,Free Upgrade,0.0,No,,New,No
OFF004369,2091-GPPIQ,2025-12-18,20% Discount,15.79,No,,Loyal,No
OFF004370,5071-FBJFS,2024-06-17,Free 3 Months Streaming,0.0,Yes,2024-06-18,New,No
OFF004371,2429-AYKKO,2023-12-03,Free Upgrade,0.0,Yes,2023-12-09,Loyal,No
OFF004372,9798-OPFEM,2023-12-14,10% Discount,4.22,Yes,2023-12-21,Loyal,No
OFF004373,3794-NFNCH,2025-01-15,Free Installation,0.0,No,,Regular,No
OFF004374,7114-AEOZE,2025-06-13,Free Upgrade,0.0,No,,Loyal,No
OFF004375,4672-FOTSD,2024-03-01,Premium Support,0.0,Yes,2024-03-02,Regular,No
OFF004376,9818-XQCUV,2024-11-07,Free 3 Months Streaming,0.0,Yes,2024-11-08,New,No
OFF004377,8259-NFJTV,2024-11-27,10% Discount,3.46,Yes,2024-11-28,New,No
OFF004378,8259-NFJTV,2024-09-21,20% Discount,6.93,Yes,2024-09-28,New,No
OFF004379,3223-DWFIO,2024-04-13,Premium Support,0.0,Yes,2024-04-20,New,No
OFF004380,3223-DWFIO,2023-08-13,Loyalty Reward,0.0,Yes,2023-08-17,New,No
OFF004381,6968-GMKPR,2024-12-07,20% Discount,16.31,Yes,2024-12-09,Loyal,No
OFF004382,4751-ERMAN,2024-10-18,Premium Support,0.0,No,,Loyal,No
OFF004383,1436-ZMJAN,2023-04-26,10% Discount,13.56,Yes,2023-04-28,New,No
OFF004384,2812-SFXMJ,2023-02-24,Free 3 Months Streaming,0.0,No,,New,No
OFF004385,5014-WUQMG,2023-04-13,Free Installation,0.0,Yes,2023-04-17,Loyal,No
OFF004386,5312-TSZVC,2023-06-03,Premium Support,0.0,No,,Regular,No
OFF004387,0993-OSGPT,2023-08-28,10% Discount,6.07,Yes,2023-08-28,Loyal,No
OFF004388,7108-DGVUU,2025-10-15,Free 3 Months Streaming,0.0,Yes,2025-10-16,Regular,No
OFF004389,2782-JEEBU,2025-01-10,10% Discount,7.2,No,,Regular,No
OFF004390,2720-FVBQP,2023-09-28,20% Discount,4.9,Yes,2023-09-28,New,No
OFF004391,2720-FVBQP,2024-11-22,Extra 100GB Data,100.0,No,,New,No
OFF004392,3766-EJLFL,2024-06-28,10% Discount,32.71,Yes,2024-06-28,Loyal,No
OFF004393,7351-KYHQH,2023-02-17,Free Installation,0.0,Yes,2023-02-19,New,No
OFF004394,8246-SHFGA,2025-03-21,Premium Support,0.0,Yes,2025-03-27,Regular,No
OFF004395,0620-XEFWH,2023-11-03,Loyalty Reward,0.0,No,,New,No
OFF004396,6485-QXWWE,2023-02-06,Loyalty Reward,0.0,Yes,2023-02-09,Loyal,No
OFF004397,7321-VGNKU,2025-12-04,Cashback ₹500,500.0,Yes,2025-12-09,New,No
OFF004398,5327-CNLUQ,2023-05-28,10% Discount,29.07,Yes,2023-05-28,Loyal,No
OFF004399,6265-SXWBU,2023-02-02,10% Discount,28.72,Yes,2023-02-07,Loyal,No
OFF004400,7941-RCJOW,2023-06-22,Premium Support,0.0,No,,Loyal,No
OFF004401,2387-KDZQY,2024-01-10,Cashback ₹500,500.0,Yes,2024-01-16,Regular,No
OFF004402,3584-WKTTW,2025-09-01,30% Discount,22.31,Yes,2025-09-04,Loyal,No
OFF004403,3399-BMLVW,2025-02-07,Free 3 Months Streaming,0.0,No,,Loyal,No
OFF004404,3813-DHBBB,2024-10-16,Free Installation,0.0,No,,Loyal,No
OFF004405,2812-REYAT,2024-09-15,10% Discount,6.01,No,,Loyal,No
OFF004406,4939-KYYPY,2025-08-01,30% Discount,11.89,Yes,2025-08-05,Regular,No
OFF004407,2361-UPSND,2025-08-11,Free Installation,0.0,Yes,2025-08-14,Loyal,No
OFF004408,6035-RIIOM,2024-09-04,Cashback ₹500,500.0,No,,Loyal,No
OFF004409,9504-DSHWM,2024-10-03,Loyalty Reward,0.0,Yes,2024-10-10,Regular,No
OFF004410,5035-BVCXS,2024-08-01,Extra 100GB Data,100.0,No,,New,No
OFF004411,1478-VPOAD,2025-10-09,Loyalty Reward,0.0,Yes,2025-10-15,New,No
OFF004412,1478-VPOAD,2025-08-12,Loyalty Reward,0.0,Yes,2025-08-13,New,No
OFF004413,9995-HOTOH,2025-08-12,10% Discount,5.9,No,,Loyal,No
OFF004414,2988-PLAHS,2024-11-28,30% Discount,7.0,Yes,2024-11-28,New,No
OFF004415,8883-ANODQ,2025-01-22,Premium Support,0.0,Yes,2025-01-28,Loyal,No
OFF004416,2351-RRBUE,2023-11-02,Loyalty Reward,0.0,Yes,2023-11-07,New,No
OFF004417,2351-RRBUE,2024-01-26,10% Discount,2.06,Yes,2024-01-28,New,No
OFF004418,1498-DQNRX,2025-12-02,Free Upgrade,0.0,Yes,2025-12-07,Regular,No
OFF004419,2581-VKIRT,2023-06-28,Free 3 Months Streaming,0.0,Yes,2023-06-28,Loyal,No
OFF004420,3307-TLCUD,2023-08-27,Loyalty Reward,0.0,Yes,2023-08-28,Regular,No
OFF004421,6625-FLENO,2024-07-11,Premium Support,0.0,Yes,2024-07-14,Loyal,No
OFF004422,2967-MXRAV,2024-11-10,Loyalty Reward,0.0,Yes,2024-11-12,New,No
OFF004423,3500-NSDOA,2023-06-09,20% Discount,7.08,No,,Loyal,No
OFF004424,1219-NNDDO,2024-07-17,Loyalty Reward,0.0,Yes,2024-07-20,New,No
OFF004425,8388-DMKAE,2024-02-23,Free Installation,0.0,Yes,2024-02-28,New,No
OFF004426,0793-TWELN,2023-12-23,10% Discount,24.05,Yes,2023-12-24,New,No
OFF004427,3283-WCWXT,2024-03-28,Cashback ₹500,500.0,No,,New,No
OFF004428,3283-WCWXT,2023-10-02,20% Discount,2.54,No,,New,No
OFF004429,5451-MHQOF,2023-01-20,20% Discount,2.45,No,,Loyal,No
OFF004430,9225-BZLNZ,2023-06-15,10% Discount,25.57,Yes,2023-06-22,Loyal,No
OFF004431,4422-QVIJA,2025-09-02,Extra 100GB Data,100.0,No,,Regular,No
OFF004432,9365-SRSZE,2024-12-12,Cashback ₹500,500.0,Yes,2024-12-17,Regular,No
OFF004433,0274-JKUJR,2024-05-18,30% Discount,11.77,Yes,2024-05-25,New,No
OFF004434,0274-JKUJR,2023-12-01,Extra 100GB Data,100.0,Yes,2023-12-06,New,No
OFF004435,5740-YHGTW,2023-10-08,20% Discount,9.76,Yes,2023-10-13,Loyal,No
OFF004436,1696-MZVAU,2024-01-18,Free 3 Months Streaming,0.0,Yes,2024-01-25,Loyal,No
OFF004437,7359-WWYJV,2023-09-11,20% Discount,11.45,Yes,2023-09-14,Loyal,No
OFF004438,3795-GWTRD,2023-05-26,Extra 100GB Data,100.0,Yes,2023-05-28,Loyal,No
OFF004439,1298-PHBTI,2023-03-19,Extra 100GB Data,100.0,No,,Loyal,No
OFF004440,8158-WPEZG,2024-10-21,Extra 100GB Data,100.0,Yes,2024-10-23,New,No
OFF004441,8158-WPEZG,2023-01-06,10% Discount,3.56,Yes,2023-01-13,New,No
OFF004442,4918-FYJNT,2023-09-07,Premium Support,0.0,No,,Loyal,No
OFF004443,0727-BNRLG,2025-11-17,10% Discount,9.77,Yes,2025-11-21,Loyal,No
OFF004444,4854-CIDCF,2024-09-23,Cashback ₹500,500.0,No,,New,No
OFF004445,4854-CIDCF,2024-01-10,20% Discount,7.38,Yes,2024-01-15,New,No
OFF004446,3280-MRDOF,2023-08-03,Loyalty Reward,0.0,No,,Regular,No
OFF004447,6435-SRWBJ,2023-07-07,Free Upgrade,0.0,Yes,2023-07-13,New,No
OFF004448,6435-SRWBJ,2024-06-01,Extra 100GB Data,100.0,Yes,2024-06-08,New,No
OFF004449,6407-UTSLV,2024-12-17,Free 3 Months Streaming,0.0,Yes,2024-12-20,New,No
OFF004450,6407-UTSLV,2024-12-21,Free Installation,0.0,Yes,2024-12-25,New,No
OFF004451,2587-YNLES,2023-10-03,Loyalty Reward,0.0,Yes,2023-10-04,New,No
OFF004452,1958-RNRKS,2025-07-01,Premium Support,0.0,Yes,2025-07-08,Regular,No
OFF004453,1015-OWJKI,2025-01-10,Cashback ₹500,500.0,No,,New,No
OFF004454,8887-IPQNC,2024-06-19,Cashback ₹500,500.0,No,,New,No
OFF004455,8646-JCOMS,2025-02-08,10% Discount,18.11,Yes,2025-02-11,Loyal,No
OFF004456,1222-KJNZD,2024-06-08,Loyalty Reward,0.0,Yes,2024-06-15,Loyal,No
OFF004457,0106-GHRQR,2024-06-12,30% Discount,14.28,Yes,2024-06-14,Regular,No
OFF004458,3768-VHXQO,2024-06-12,Loyalty Reward,0.0,Yes,2024-06-17,Loyal,No
OFF004459,2418-TPEUN,2023-08-27,Free 3 Months Streaming,0.0,No,,Loyal,No
OFF004460,8540-ZQGEA,2023-04-09,Premium Support,0.0,No,,Loyal,No
OFF004461,4137-JOPHL,2024-04-07,Cashback ₹500,500.0,Yes,2024-04-11,Loyal,No
OFF004462,6950-TWMYB,2025-09-11,Loyalty Reward,0.0,Yes,2025-09-15,Loyal,No
OFF004463,9470-XCCEM,2025-01-11,20% Discount,26.89,Yes,2025-01-12,Regular,No
OFF004464,6519-CFDBX,2023-08-04,Cashback ₹500,500.0,Yes,2023-08-08,New,No
OFF004465,6519-CFDBX,2025-06-27,10% Discount,4.54,Yes,2025-06-28,New,No
OFF004466,0409-WTMPL,2024-09-18,10% Discount,11.07,No,,Loyal,No
OFF004467,3055-VTCGS,2024-05-12,10% Discount,5.86,No,,Loyal,No
OFF004468,3144-KMTWZ,2024-11-17,20% Discount,9.33,Yes,2024-11-23,Loyal,No
OFF004469,2007-QVGAW,2025-05-11,20% Discount,1.94,Yes,2025-05-13,Loyal,No
OFF004470,2307-FYNNL,2023-11-16,20% Discount,32.71,Yes,2023-11-21,Loyal,No
OFF004471,5091-HFAZW,2023-09-16,20% Discount,18.23,No,,New,No
OFF004472,8623-ULFNQ,2024-03-15,30% Discount,19.81,Yes,2024-03-22,Regular,No
OFF004473,7789-HKSBS,2023-04-27,20% Discount,21.04,No,,Loyal,No
OFF004474,4193-IBKSW,2025-09-12,10% Discount,7.42,Yes,2025-09-16,Loyal,No
OFF004475,5377-NDTOU,2024-01-01,Loyalty Reward,0.0,Yes,2024-01-07,Loyal,No
OFF004476,3506-OVLKD,2024-07-08,Free Upgrade,0.0,No,,Regular,No
OFF004477,7492-TAFJD,2025-04-16,Premium Support,0.0,No,,New,No
OFF004478,6016-LVTJQ,2024-03-25,10% Discount,4.13,Yes,2024-03-26,Regular,No
OFF004479,8966-KZXXA,2024-09-05,Free Upgrade,0.0,Yes,2024-09-08,Loyal,No
OFF004480,5149-QYTTU,2025-05-19,Loyalty Reward,0.0,Yes,2025-05-22,Loyal,No
OFF004481,5442-PPTJY,2024-04-28,Cashback ₹500,500.0,Yes,2024-04-28,Regular,No
OFF004482,4450-MDZFX,2024-12-19,Free Installation,0.0,No,,Loyal,No
OFF004483,6701-DHKWQ,2024-06-26,Cashback ₹500,500.0,No,,Loyal,No
OFF004484,5423-BHIXO,2025-07-20,Free Installation,0.0,Yes,2025-07-21,Regular,No
OFF004485,1839-UMACK,2023-11-09,10% Discount,7.51,Yes,2023-11-10,Loyal,No
OFF004486,3030-YDNRM,2024-07-28,Free 3 Months Streaming,0.0,No,,New,No
OFF004487,3402-XRIUO,2025-02-11,Free 3 Months Streaming,0.0,Yes,2025-02-12,Regular,No
OFF004488,8286-AFUYI,2025-06-06,20% Discount,9.59,No,,New,No
OFF004489,8286-AFUYI,2025-08-02,30% Discount,14.38,Yes,2025-08-03,New,No
OFF004490,8356-WUAOJ,2025-07-10,Extra 100GB Data,100.0,No,,New,No
OFF004491,8058-DMYRU,2023-08-10,30% Discount,9.01,No,,Loyal,No
OFF004492,9350-ZXYJC,2023-05-07,30% Discount,5.06,Yes,2023-05-11,New,No
OFF004493,8958-JPTRR,2023-07-03,20% Discount,2.43,No,,Loyal,No
OFF004494,3173-WSSUE,2025-01-05,20% Discount,3.94,Yes,2025-01-10,Loyal,No
OFF004495,7190-XHTWJ,2023-11-17,20% Discount,1.93,Yes,2023-11-24,Loyal,No
OFF004496,3537-RYBHH,2025-01-27,20% Discount,13.49,No,,Loyal,No
OFF004497,5296-BFCYD,2025-07-03,Premium Support,0.0,Yes,2025-07-09,Loyal,No
OFF004498,9359-JANWS,2025-08-08,Extra 100GB Data,100.0,Yes,2025-08-13,Loyal,No
OFF004499,3279-DYZQM,2023-08-17,10% Discount,1.95,No,,Loyal,No
OFF004500,0523-VNGTF,2024-01-24,Loyalty Reward,0.0,No,,Loyal,No
OFF004501,7105-MXJLL,2023-07-21,10% Discount,6.07,No,,Regular,No
OFF004502,7010-BRBUU,2023-08-23,20% Discount,7.23,Yes,2023-08-25,Loyal,No
OFF004503,3566-HJGPK,2024-08-24,Extra 100GB Data,100.0,Yes,2024-08-28,New,No
OFF004504,3566-HJGPK,2025-08-01,Extra 100GB Data,100.0,Yes,2025-08-02,New,No
OFF004505,9938-PRCVK,2023-04-24,Premium Support,0.0,Yes,2023-04-27,Loyal,No
OFF004506,9637-CDTKZ,2024-11-07,Free Installation,0.0,Yes,2024-11-09,Loyal,No
OFF004507,4524-QCSSM,2024-07-12,Free Installation,0.0,Yes,2024-07-14,Regular,No
OFF004508,5832-EXGTT,2024-10-12,Free Installation,0.0,Yes,2024-10-14,Regular,No
OFF004509,7217-JYHOQ,2023-08-03,Cashback ₹500,500.0,Yes,2023-08-05,Regular,No
OFF004510,6695-FRVEC,2023-10-16,Loyalty Reward,0.0,Yes,2023-10-22,Loyal,No
OFF004511,1636-NTNCO,2025-11-27,Extra 100GB Data,100.0,Yes,2025-11-28,New,No
OFF004512,1636-NTNCO,2025-03-23,Free Installation,0.0,Yes,2025-03-24,New,No
OFF004513,3466-WAESX,2025-05-14,Premium Support,0.0,No,,Regular,No
OFF004514,9281-PKKZE,2023-07-26,Loyalty Reward,0.0,No,,Loyal,No
OFF004515,3638-VBZTA,2025-03-21,Free Upgrade,0.0,No,,Loyal,No
OFF004516,7459-IMVYU,2023-10-08,Free Upgrade,0.0,No,,Loyal,No
OFF004517,0754-EEBDC,2025-06-01,10% Discount,3.98,No,,New,No
OFF004518,0754-EEBDC,2023-09-07,Loyalty Reward,0.0,Yes,2023-09-12,New,No
OFF004519,3318-NMQXL,2023-06-21,Free Installation,0.0,Yes,2023-06-26,New,No
OFF004520,2272-UOINI,2023-01-25,Free Upgrade,0.0,Yes,2023-01-28,New,No
OFF004521,3750-YHRYO,2023-06-18,10% Discount,2.06,Yes,2023-06-22,New,No
OFF004522,6637-KYRCV,2024-01-18,Cashback ₹500,500.0,Yes,2024-01-22,New,No
OFF004523,5356-CSVSQ,2024-05-12,Extra 100GB Data,100.0,Yes,2024-05-17,New,No
OFF004524,3219-JQRSL,2024-02-07,20% Discount,17.82,Yes,2024-02-12,Loyal,No
OFF004525,6732-VAILE,2023-02-18,Premium Support,0.0,Yes,2023-02-19,Loyal,No
OFF004526,8201-AAXCB,2024-07-21,Cashback ₹500,500.0,Yes,2024-07-25,Regular,No
OFF004527,2123-VSCOT,2023-05-04,Free 3 Months Streaming,0.0,No,,Loyal,No
OFF004528,2018-QKYGT,2023-12-10,Extra 100GB Data,100.0,Yes,2023-12-13,New,No
OFF004529,2792-VPPET,2023-07-11,Free 3 Months Streaming,0.0,Yes,2023-07-16,New,No
OFF004530,2792-VPPET,2024-12-09,Free 3 Months Streaming,0.0,No,,New,No
OFF004531,7409-JURKQ,2023-02-25,Extra 100GB Data,100.0,Yes,2023-02-27,Loyal,No
OFF004532,1964-SVLEA,2024-04-27,10% Discount,1.97,No,,Regular,No
OFF004533,7297-DVYGA,2025-07-03,Loyalty Reward,0.0,Yes,2025-07-05,Loyal,No
OFF004534,0854-UYHZD,2025-03-06,30% Discount,1.96,Yes,2025-03-07,Regular,No
OFF004535,4890-VMUAV,2023-07-28,Free 3 Months Streaming,0.0,Yes,2023-07-28,Loyal,No
OFF004536,7442-YGZFK,2025-07-07,30% Discount,4.98,Yes,2025-07-14,New,No
OFF004537,8229-BUJHX,2024-09-12,20% Discount,6.15,Yes,2024-09-19,Loyal,No
OFF004538,5504-WSIUR,2025-08-02,Loyalty Reward,0.0,Yes,2025-08-05,Loyal,No
OFF004539,0701-RFGFI,2023-02-23,Loyalty Reward,0.0,Yes,2023-02-28,Loyal,No
OFF004540,5846-QFDFI,2023-04-11,20% Discount,26.58,No,,Regular,No
OFF004541,4445-KWOKW,2024-04-10,20% Discount,18.04,Yes,2024-04-11,Loyal,No
OFF004542,3511-APPBJ,2025-05-27,Free Upgrade,0.0,No,,Regular,No
OFF004543,7967-HYCDE,2025-06-02,Free Installation,0.0,No,,New,No
OFF004544,2430-RRYUW,2023-04-25,30% Discount,5.48,Yes,2023-04-28,Loyal,No
OFF004545,7892-QVYKW,2025-09-23,Loyalty Reward,0.0,Yes,2025-09-26,Regular,No
OFF004546,9675-ICXCT,2025-06-08,Loyalty Reward,0.0,No,,Loyal,No
OFF004547,5692-ICXLW,2024-10-05,30% Discount,9.07,No,,Regular,No
OFF004548,0602-DDUML,2024-01-26,Free Installation,0.0,No,,Loyal,No
OFF004549,1960-UYCNN,2025-12-20,10% Discount,28.57,Yes,2025-12-26,New,No
OFF004550,7336-RLLRH,2025-01-10,Premium Support,0.0,No,,Regular,No
OFF004551,0607-MVMGC,2024-08-23,Free Installation,0.0,Yes,2024-08-28,Loyal,No
OFF004552,3365-SAIGS,2025-06-05,Premium Support,0.0,No,,Regular,No
OFF004553,7020-OZKXZ,2024-12-21,10% Discount,7.55,No,,New,No
OFF004554,7020-OZKXZ,2023-12-15,Free Installation,0.0,Yes,2023-12-22,New,No
OFF004555,3977-QCRSL,2024-03-27,Extra 100GB Data,100.0,No,,New,No
OFF004556,0017-DINOC,2023-07-15,Free 3 Months Streaming,0.0,No,,Loyal,No
OFF004557,1087-GRUYI,2024-09-25,Extra 100GB Data,100.0,Yes,2024-09-27,Loyal,No
OFF004558,0181-RITDD,2024-09-19,Free 3 Months Streaming,0.0,Yes,2024-09-23,Loyal,No
OFF004559,8309-IEYJD,2024-02-20,30% Discount,7.06,No,,New,No
OFF004560,7398-HPYZQ,2023-09-03,Cashback ₹500,500.0,No,,Loyal,No
OFF004561,7361-YPXFS,2023-05-06,10% Discount,6.45,Yes,2023-05-11,Regular,No
OFF004562,2550-QHZGP,2025-03-24,Extra 100GB Data,100.0,No,,New,No
OFF004563,8543-MSDMF,2025-01-28,Extra 100GB Data,100.0,Yes,2025-01-28,New,No
OFF004564,2038-LLMLM,2024-05-08,Free Upgrade,0.0,Yes,2024-05-13,Loyal,No
OFF004565,1216-BGTSP,2023-08-21,20% Discount,21.69,Yes,2023-08-27,Loyal,No
OFF004566,4138-NAXED,2023-03-15,Free 3 Months Streaming,0.0,Yes,2023-03-22,Loyal,No
OFF004567,5248-KWLAR,2024-01-13,20% Discount,27.1,No,,Loyal,No
OFF004568,7996-MHXLW,2024-10-16,Free Installation,0.0,No,,Loyal,No
OFF004569,7061-OVMIM,2025-02-25,10% Discount,1.96,No,,Regular,No
OFF004570,1852-QSWCD,2024-09-13,20% Discount,7.44,Yes,2024-09-19,Loyal,No
OFF004571,9079-LWTFD,2023-05-01,20% Discount,10.08,Yes,2023-05-07,Loyal,No
OFF004572,3392-EHMNK,2023-11-18,20% Discount,28.23,Yes,2023-11-23,Loyal,No
OFF004573,3061-BCKYI,2024-08-12,Free Installation,0.0,Yes,2024-08-17,Regular,No
OFF004574,7901-TBKJX,2024-07-08,Free 3 Months Streaming,0.0,No,,Loyal,No
OFF004575,7228-PAQPD,2024-01-16,Loyalty Reward,0.0,Yes,2024-01-22,Regular,No
OFF004576,5804-HYIEZ,2024-05-10,30% Discount,21.21,Yes,2024-05-16,Loyal,No
OFF004577,9919-FZDED,2024-12-16,Free Installation,0.0,Yes,2024-12-22,Loyal,No
OFF004578,6784-XYJAE,2024-09-21,Premium Support,0.0,Yes,2024-09-25,Loyal,No
OFF004579,3933-DQPWX,2023-01-07,30% Discount,7.94,Yes,2023-01-09,Loyal,No
OFF004580,2251-PYLPB,2024-09-24,Free Upgrade,0.0,No,,Loyal,No
OFF004581,5555-RNPGT,2024-12-26,Free Upgrade,0.0,No,,New,No
OFF004582,5555-RNPGT,2025-07-08,Cashback ₹500,500.0,Yes,2025-07-10,New,No
OFF004583,8087-LGYHQ,2024-04-05,Cashback ₹500,500.0,Yes,2024-04-11,New,No
OFF004584,8087-LGYHQ,2025-03-06,Free Installation,0.0,Yes,2025-03-09,New,No
OFF004585,4137-BTIKL,2025-07-03,Free Installation,0.0,No,,New,No
OFF004586,6227-FBDXH,2023-09-23,30% Discount,9.95,Yes,2023-09-27,Loyal,No
OFF004587,7206-PQBBZ,2024-09-27,20% Discount,14.04,Yes,2024-09-28,New,No
OFF004588,7206-PQBBZ,2025-01-15,Premium Support,0.0,No,,New,No
OFF004589,4547-FZJWE,2025-12-18,Loyalty Reward,0.0,No,,Loyal,No
OFF004590,7422-WNBTY,2023-08-17,Cashback ₹500,500.0,Yes,2023-08-20,Regular,No
OFF004591,3744-ZBHON,2025-08-20,Cashback ₹500,500.0,Yes,2025-08-26,New,No
OFF004592,3744-ZBHON,2024-08-04,Premium Support,0.0,Yes,2024-08-07,New,No
OFF004593,9779-DPNEJ,2023-02-21,Free Upgrade,0.0,Yes,2023-02-27,Regular,No
OFF004594,9805-FILKB,2024-05-01,10% Discount,4.04,Yes,2024-05-02,Loyal,No
OFF004595,0673-IGUQO,2025-02-18,30% Discount,6.13,Yes,2025-02-22,New,No
OFF004596,8819-IMISP,2025-07-22,Free 3 Months Streaming,0.0,Yes,2025-07-27,Regular,No
OFF004597,5858-EAFCZ,2024-11-05,Premium Support,0.0,Yes,2024-11-08,New,No
OFF004598,5858-EAFCZ,2024-04-19,20% Discount,4.45,No,,New,No
OFF004599,1163-ONYEY,2023-01-22,Loyalty Reward,0.0,Yes,2023-01-28,Loyal,No
OFF004600,6082-OQFBA,2023-08-28,Premium Support,0.0,Yes,2023-08-28,Regular,No
OFF004601,8974-OVACP,2023-02-19,20% Discount,2.02,Yes,2023-02-26,New,No
OFF004602,8974-OVACP,2024-10-12,30% Discount,2.02,No,,New,No
OFF004603,4010-YLMVT,2024-07-28,30% Discount,21.32,Yes,2024-07-28,Loyal,No
OFF004604,8612-GXIDD,2023-06-03,Free 3 Months Streaming,0.0,No,,Regular,No
OFF004605,8160-HOWOX,2025-12-06,Extra 100GB Data,100.0,Yes,2025-12-13,New,No
OFF004606,8160-HOWOX,2024-08-17,Extra 100GB Data,100.0,No,,New,No
OFF004607,6648-INWPS,2025-09-21,10% Discount,2.02,Yes,2025-09-24,Regular,No
OFF004608,4223-BKEOR,2024-08-11,10% Discount,6.48,No,,Regular,No
OFF004609,1763-WQFUK,2023-06-08,Loyalty Reward,0.0,No,,New,No
OFF004610,1763-WQFUK,2024-04-04,Loyalty Reward,0.0,No,,New,No
OFF004611,1391-UBDAR,2024-12-21,Free Installation,0.0,No,,New,No
OFF004612,8894-JVDCV,2023-06-11,Free Installation,0.0,Yes,2023-06-14,Loyal,No
OFF004613,2023-VQFDL,2023-05-02,10% Discount,5.7,Yes,2023-05-09,Regular,No
OFF004614,1345-GKDZZ,2025-01-16,10% Discount,3.91,Yes,2025-01-18,New,No
OFF004615,1345-GKDZZ,2023-04-01,Free Installation,0.0,No,,New,No
OFF004616,2560-WBWXF,2023-12-21,Premium Support,0.0,Yes,2023-12-23,Loyal,No
OFF004617,0248-IPDFW,2025-06-04,Free Installation,0.0,Yes,2025-06-06,New,No
OFF004618,7978-DKUQH,2025-06-05,Free 3 Months Streaming,0.0,Yes,2025-06-12,Regular,No
OFF004619,9297-FVVDH,2024-06-01,Cashback ₹500,500.0,Yes,2024-06-03,Loyal,No
OFF004620,7101-HRBLJ,2023-08-08,20% Discount,25.11,Yes,2023-08-11,Loyal,No
OFF004621,6635-CPNUN,2025-08-05,30% Discount,9.66,No,,Regular,No
OFF004622,5453-YBTWV,2023-06-07,Free Upgrade,0.0,No,,Loyal,No
OFF004623,3995-WFCSM,2024-11-16,Free Upgrade,0.0,Yes,2024-11-18,New,No
OFF004624,3995-WFCSM,2023-12-03,Cashback ₹500,500.0,No,,New,No
OFF004625,1895-QTKDO,2023-09-08,Loyalty Reward,0.0,Yes,2023-09-09,New,No
OFF004626,1895-QTKDO,2025-05-24,Cashback ₹500,500.0,Yes,2025-05-25,New,No
OFF004627,2878-RMWXY,2024-04-02,Free Upgrade,0.0,Yes,2024-04-07,Loyal,No
OFF004628,1657-DYMBM,2024-11-16,Extra 100GB Data,100.0,No,,Loyal,No
OFF004629,7311-MQJCH,2023-11-20,Loyalty Reward,0.0,Yes,2023-11-26,New,No
OFF004630,7375-WMVMT,2024-09-14,Free Upgrade,0.0,No,,Loyal,No
OFF004631,1136-XGEQU,2023-03-06,Cashback ₹500,500.0,Yes,2023-03-10,Loyal,No
OFF004632,2530-FMFXO,2025-08-16,10% Discount,20.64,No,,Loyal,No
OFF004633,5970-GHJAW,2023-11-06,20% Discount,5.98,No,,Loyal,No
OFF004634,7622-FWGEW,2023-08-15,Free 3 Months Streaming,0.0,Yes,2023-08-19,Loyal,No
OFF004635,6922-NCEDI,2025-05-09,20% Discount,2.12,Yes,2025-05-12,Loyal,No
OFF004636,6131-IUNXN,2025-10-18,20% Discount,4.04,No,,Regular,No
OFF004637,8532-UEFWH,2023-03-16,Loyalty Reward,0.0,Yes,2023-03-21,Loyal,No
OFF004638,0380-NEAVX,2024-11-12,Premium Support,0.0,Yes,2024-11-18,Regular,No
OFF004639,4365-MSDYN,2025-06-17,Free Upgrade,0.0,No,,New,No
OFF004640,7036-TYDEC,2025-01-28,Loyalty Reward,0.0,Yes,2025-01-28,Loyal,No
OFF004641,8076-FEZKJ,2025-11-02,Premium Support,0.0,No,,New,No
OFF004642,4312-GVYNH,2024-06-09,Loyalty Reward,0.0,Yes,2024-06-13,Loyal,No
OFF004643,8495-LJDFO,2025-11-22,30% Discount,32.69,Yes,2025-11-24,Loyal,No
OFF004644,5494-WOZRZ,2024-08-12,Extra 100GB Data,100.0,Yes,2024-08-14,Loyal,No
OFF004645,8378-LKJAF,2025-03-02,Cashback ₹500,500.0,No,,Loyal,No
OFF004646,3496-LFSZU,2025-09-04,Free Installation,0.0,Yes,2025-09-09,New,No
OFF004647,3496-LFSZU,2025-03-23,Cashback ₹500,500.0,Yes,2025-03-28,New,No
OFF004648,5242-UOWHD,2025-08-19,Premium Support,0.0,Yes,2025-08-20,Loyal,No
OFF004649,4500-HKANN,2023-11-12,Free Installation,0.0,Yes,2023-11-19,Regular,No
OFF004650,3420-ZDBMA,2024-02-14,30% Discount,7.15,Yes,2024-02-19,New,No
OFF004651,2212-LYASK,2024-03-05,Free Installation,0.0,Yes,2024-03-07,Regular,No
OFF004652,8069-RHUXK,2025-11-03,Free Upgrade,0.0,Yes,2025-11-08,Loyal,No
OFF004653,3398-GCPMU,2025-03-15,20% Discount,26.86,Yes,2025-03-21,Loyal,No
OFF004654,1013-QCWAM,2025-02-24,Cashback ₹500,500.0,Yes,2025-02-28,Loyal,No
OFF004655,6050-FFXES,2024-05-15,Free Installation,0.0,Yes,2024-05-20,Loyal,No
OFF004656,5527-ACHSO,2025-06-27,Premium Support,0.0,Yes,2025-06-28,New,No
OFF004657,5527-ACHSO,2023-12-11,30% Discount,21.15,Yes,2023-12-17,New,No
OFF004658,0829-DDVLK,2023-11-14,10% Discount,2.01,Yes,2023-11-15,Regular,No
OFF004659,1399-UBQIU,2023-06-08,Premium Support,0.0,Yes,2023-06-15,New,No
OFF004660,1813-JLKWR,2025-02-22,Free Upgrade,0.0,No,,Loyal,No
OFF004661,7322-OCWHC,2023-04-15,Free Installation,0.0,Yes,2023-04-18,Loyal,No
OFF004662,2054-PJOCK,2024-04-07,Extra 100GB Data,100.0,Yes,2024-04-10,Loyal,No
OFF004663,3126-WQMGH,2024-10-03,Cashback ₹500,500.0,No,,Loyal,No
OFF004664,5732-IKGQH,2024-04-03,10% Discount,20.89,No,,Loyal,No
OFF004665,9239-GZHZE,2025-08-05,Cashback ₹500,500.0,Yes,2025-08-07,Loyal,No
OFF004666,0093-EXYQL,2024-03-08,Free 3 Months Streaming,0.0,Yes,2024-03-11,Loyal,No
OFF004667,8064-RAVOH,2024-05-24,10% Discount,14.96,No,,New,No
OFF004668,8064-RAVOH,2023-01-09,Premium Support,0.0,Yes,2023-01-15,New,No
OFF004669,0219-QAERP,2023-12-21,30% Discount,5.94,Yes,2023-12-25,Regular,No
OFF004670,0015-UOCOJ,2023-11-10,Free Installation,0.0,Yes,2023-11-11,New,No
OFF004671,2754-SDJRD,2023-01-20,Cashback ₹500,500.0,Yes,2023-01-21,New,No
OFF004672,2754-SDJRD,2025-02-15,20% Discount,10.02,No,,New,No
OFF004673,8963-JLGJT,2024-06-19,Free 3 Months Streaming,0.0,Yes,2024-06-23,New,No
OFF004674,8963-JLGJT,2024-05-23,Extra 100GB Data,100.0,Yes,2024-05-28,New,No
OFF004675,1465-LNTLJ,2023-09-24,Extra 100GB Data,100.0,Yes,2023-09-28,New,No
OFF004676,2135-DQWAQ,2024-06-01,Cashback ₹500,500.0,Yes,2024-06-07,New,No
OFF004677,4706-DGAHW,2023-09-06,10% Discount,4.52,No,,New,No
OFF004678,6670-MFRPK,2023-08-06,Free 3 Months Streaming,0.0,No,,Loyal,No
OFF004679,6177-PEVRA,2024-08-09,Free Installation,0.0,Yes,2024-08-15,Loyal,No
OFF004680,4813-HQMGZ,2024-11-12,Extra 100GB Data,100.0,No,,New,No
OFF004681,7579-KKLOE,2023-12-22,20% Discount,18.25,Yes,2023-12-23,Loyal,No
OFF004682,8402-EIVQS,2024-12-18,Premium Support,0.0,Yes,2024-12-24,Loyal,No
OFF004683,7245-NIIWQ,2024-01-09,Free 3 Months Streaming,0.0,Yes,2024-01-13,New,No
OFF004684,7245-NIIWQ,2025-02-16,Premium Support,0.0,Yes,2025-02-19,New,No
OFF004685,0002-ORFBO,2023-04-03,Free Installation,0.0,Yes,2023-04-10,New,No
OFF004686,4967-WPNCF,2023-10-01,Free Upgrade,0.0,No,,Loyal,No
OFF004687,8499-BRXTD,2025-03-22,30% Discount,6.03,No,,Regular,No
OFF004688,9154-QDGTH,2024-03-04,Free Installation,0.0,Yes,2024-03-08,Loyal,No
OFF004689,9367-OIUXP,2024-12-21,30% Discount,4.14,Yes,2024-12-26,New,No
OFF004690,6463-HHXJR,2023-03-27,Free Installation,0.0,Yes,2023-03-28,Loyal,No
OFF004691,1187-WILMM,2025-02-22,20% Discount,17.88,No,,Loyal,No
OFF004692,2266-SJNAT,2023-05-19,Free Upgrade,0.0,Yes,2023-05-21,Loyal,No
OFF004693,0869-PAPRP,2024-10-23,Free Installation,0.0,Yes,2024-10-28,Regular,No
OFF004694,4238-JSSWH,2023-07-08,Loyalty Reward,0.0,Yes,2023-07-14,Regular,No
OFF004695,2972-YDYUW,2024-07-18,Cashback ₹500,500.0,No,,Loyal,No
OFF004696,4981-FLTMF,2024-01-04,Free Installation,0.0,No,,Loyal,No
OFF004697,3113-IWHLC,2023-10-05,Free Installation,0.0,No,,New,No
OFF004698,3113-IWHLC,2024-04-27,20% Discount,16.74,Yes,2024-04-28,New,No
OFF004699,4304-TSPVK,2024-01-02,Cashback ₹500,500.0,Yes,2024-01-06,Loyal,No
OFF004700,1552-AAGRX,2024-03-10,Loyalty Reward,0.0,Yes,2024-03-12,Regular,No
OFF004701,9796-MVYXX,2023-12-15,Free 3 Months Streaming,0.0,Yes,2023-12-22,Regular,No
OFF004702,7874-ECPQJ,2023-03-12,20% Discount,6.01,Yes,2023-03-17,New,No
OFF004703,7874-ECPQJ,2025-08-11,Extra 100GB Data,100.0,Yes,2025-08-18,New,No
OFF004704,0020-INWCK,2024-12-05,30% Discount,9.58,Yes,2024-12-11,Loyal,No
OFF004705,7089-RKVSZ,2024-11-23,Loyalty Reward,0.0,Yes,2024-11-26,New,No
OFF004706,8739-XNIKG,2024-10-27,Free 3 Months Streaming,0.0,Yes,2024-10-28,New,No
OFF004707,9755-JHNMN,2023-09-23,Free 3 Months Streaming,0.0,Yes,2023-09-26,Loyal,No
OFF004708,3981-QSVQI,2023-12-28,Free Upgrade,0.0,Yes,2023-12-28,New,No
OFF004709,3981-QSVQI,2025-08-02,Free Installation,0.0,Yes,2025-08-06,New,No
OFF004710,2789-HQBOU,2024-10-16,Extra 100GB Data,100.0,No,,New,No
OFF004711,9424-CMPOG,2024-07-01,Premium Support,0.0,Yes,2024-07-07,New,No
OFF004712,9251-WNSOD,2024-01-20,Free Installation,0.0,Yes,2024-01-21,Loyal,No
OFF004713,6974-DAFLI,2023-01-28,Loyalty Reward,0.0,Yes,2023-01-28,Loyal,No
OFF004714,2616-UUTFK,2023-04-14,10% Discount,21.82,Yes,2023-04-19,Regular,No
OFF004715,7064-JHXCE,2024-05-27,Extra 100GB Data,100.0,No,,Loyal,No
OFF004716,4559-UWIHT,2024-02-12,Loyalty Reward,0.0,Yes,2024-02-14,Regular,No
OFF004717,7268-IGMFD,2024-05-11,Loyalty Reward,0.0,No,,Regular,No
OFF004718,6650-BWFRT,2024-01-11,Premium Support,0.0,Yes,2024-01-18,Loyal,No
OFF004719,9570-KYEUA,2023-03-15,Free Installation,0.0,No,,Loyal,No
OFF004720,6993-YGFJV,2025-09-06,Cashback ₹500,500.0,Yes,2025-09-12,Loyal,No
OFF004721,2712-SYWAY,2023-12-12,10% Discount,2.57,Yes,2023-12-16,New,No
OFF004722,0730-BGQGF,2024-09-21,Cashback ₹500,500.0,No,,Loyal,No
OFF004723,9101-NTIXF,2024-02-03,10% Discount,3.88,Yes,2024-02-05,New,No
OFF004724,0013-SMEOE,2024-09-10,Extra 100GB Data,100.0,Yes,2024-09-16,Loyal,No
OFF004725,9314-QDMDW,2024-03-17,Free 3 Months Streaming,0.0,Yes,2024-03-21,New,No
OFF004726,9314-QDMDW,2025-03-22,Extra 100GB Data,100.0,Yes,2025-03-24,New,No
OFF004727,7649-PHJVR,2024-05-16,10% Discount,3.9,No,,New,No
OFF004728,3787-TRIAL,2024-07-04,10% Discount,7.81,Yes,2024-07-10,Regular,No
OFF004729,2573-GYRUU,2024-10-21,Free 3 Months Streaming,0.0,No,,Loyal,No
OFF004730,9822-OAOVB,2024-12-04,Free Installation,0.0,Yes,2024-12-09,New,No
OFF004731,9822-OAOVB,2024-02-20,Free Installation,0.0,Yes,2024-02-26,New,No
OFF004732,3771-PZOBW,2024-07-11,Free Installation,0.0,Yes,2024-07-17,Regular,No
OFF004733,6486-LHTMA,2023-11-18,Free Upgrade,0.0,Yes,2023-11-20,Regular,No
OFF004734,4083-BFNYK,2024-12-01,Extra 100GB Data,100.0,No,,Loyal,No
OFF004735,7389-KBFIT,2024-10-05,Free 3 Months Streaming,0.0,No,,New,No
OFF004736,7176-WIONM,2023-04-01,Free 3 Months Streaming,0.0,Yes,2023-04-06,Regular,No
OFF004737,5141-ZUVBH,2023-06-23,Extra 100GB Data,100.0,Yes,2023-06-27,New,No
OFF004738,1089-HDMKP,2024-10-02,Extra 100GB Data,100.0,No,,New,No
OFF004739,1089-HDMKP,2024-02-10,Premium Support,0.0,Yes,2024-02-17,New,No
OFF004740,7623-HKYRK,2023-03-27,Loyalty Reward,0.0,Yes,2023-03-28,New,No
OFF004741,0310-SUCIN,2023-10-11,Free Upgrade,0.0,Yes,2023-10-14,Loyal,No
OFF004742,5197-PYEPU,2023-05-28,Loyalty Reward,0.0,Yes,2023-05-28,Loyal,No
OFF004743,6619-RPLQZ,2023-05-28,Extra 100GB Data,100.0,No,,Loyal,No
OFF004744,3275-RHRNE,2024-08-17,Free 3 Months Streaming,0.0,No,,Regular,No
OFF004745,6901-GOGZG,2024-02-02,30% Discount,16.99,No,,Loyal,No
OFF004746,9621-OUPYD,2023-12-03,Free Upgrade,0.0,Yes,2023-12-07,Regular,No
OFF004747,4307-KWMXE,2025-08-11,Free Upgrade,0.0,Yes,2025-08-15,New,No
OFF004748,4307-KWMXE,2025-02-28,30% Discount,3.58,Yes,2025-02-28,New,No
OFF004749,0141-YEAYS,2025-09-18,10% Discount,8.65,No,,Regular,No
OFF004750,2450-ZKEED,2024-04-13,Free Installation,0.0,No,,New,No
OFF004751,2450-ZKEED,2023-05-22,Loyalty Reward,0.0,Yes,2023-05-25,New,No
OFF004752,3694-DELSO,2024-05-18,Free 3 Months Streaming,0.0,Yes,2024-05-21,New,No
OFF004753,3893-JRNFS,2025-06-18,20% Discount,3.99,Yes,2025-06-21,Loyal,No
OFF004754,0142-GVYSN,2023-03-28,20% Discount,4.06,No,,Regular,No
OFF004755,1049-FYSYG,2023-10-28,10% Discount,3.56,Yes,2023-10-28,Regular,No
OFF004756,8406-LNMHF,2023-03-15,Premium Support,0.0,No,,Loyal,No
OFF004757,1821-BUCWY,2025-04-17,10% Discount,11.13,Yes,2025-04-20,Regular,No
OFF004758,8314-DPQHL,2023-04-01,Free Upgrade,0.0,Yes,2023-04-08,New,No
OFF004759,1465-WCZVT,2024-07-09,Extra 100GB Data,100.0,No,,New,No
OFF004760,1465-WCZVT,2023-03-15,10% Discount,1.96,No,,New,No
OFF004761,9481-SFCQY,2023-06-12,Loyalty Reward,0.0,Yes,2023-06-13,Regular,No
OFF004762,6360-SVNWV,2024-10-02,Free Upgrade,0.0,Yes,2024-10-08,Regular,No
OFF004763,0567-GGCAC,2025-10-16,Extra 100GB Data,100.0,No,,New,No
OFF004764,8884-MRNSU,2025-09-26,10% Discount,3.98,Yes,2025-09-28,Regular,No
OFF004765,2171-UDMFD,2023-10-03,Free Installation,0.0,Yes,2023-10-04,Regular,No
OFF004766,0187-WZNAB,2024-04-12,Free Upgrade,0.0,No,,Regular,No
OFF004767,1475-VWVDO,2024-10-18,Free Installation,0.0,No,,New,No
OFF004768,1475-VWVDO,2025-12-22,Free Installation,0.0,Yes,2025-12-26,New,No
OFF004769,7602-MVRMB,2025-06-23,30% Discount,22.09,No,,Loyal,No
OFF004770,1197-BVMVG,2024-04-27,Premium Support,0.0,No,,New,No
OFF004771,7140-ADSMJ,2023-06-07,Free 3 Months Streaming,0.0,No,,New,No
OFF004772,7140-ADSMJ,2025-12-27,10% Discount,2.04,Yes,2025-12-28,New,No
OFF004773,2230-XTUWL,2024-01-11,Free Installation,0.0,Yes,2024-01-14,Loyal,No
OFF004774,7706-YLMQA,2024-09-26,Premium Support,0.0,No,,Loyal,No
OFF004775,2585-KTFRE,2025-06-04,30% Discount,21.14,Yes,2025-06-09,New,No
OFF004776,7994-UYIVZ,2025-12-18,30% Discount,8.57,Yes,2025-12-25,New,No
OFF004777,7717-BICXI,2025-01-27,Free Installation,0.0,No,,Loyal,No
OFF004778,6559-RAKOZ,2023-09-13,30% Discount,29.38,No,,Loyal,No
OFF004779,1212-GLHMD,2024-12-24,Loyalty Reward,0.0,Yes,2024-12-26,New,No
OFF004780,7878-JGDKK,2025-01-04,Cashback ₹500,500.0,No,,New,No
OFF004781,7878-JGDKK,2023-12-28,Free Installation,0.0,No,,New,No
OFF004782,1088-AUUZZ,2025-06-11,Free Upgrade,0.0,No,,Loyal,No
OFF004783,6620-HVDUJ,2024-11-16,Premium Support,0.0,No,,Regular,No
OFF004784,1032-MAELW,2023-03-10,Free Installation,0.0,Yes,2023-03-13,Loyal,No
OFF004785,7641-TQFHN,2023-10-02,Free Installation,0.0,Yes,2023-10-07,Loyal,No
OFF004786,1552-TKMXS,2023-02-15,Free Installation,0.0,Yes,2023-02-17,Loyal,No
OFF004787,8622-ZLFKO,2023-05-08,Free Upgrade,0.0,Yes,2023-05-09,New,No
OFF004788,2333-KWEWW,2023-11-14,Cashback ₹500,500.0,Yes,2023-11-21,Regular,No
OFF004789,5702-SKUOB,2025-04-06,20% Discount,1.96,Yes,2025-04-10,New,No
OFF004790,5702-SKUOB,2024-10-21,Loyalty Reward,0.0,Yes,2024-10-27,New,No
OFF004791,1134-YWTYF,2024-07-03,Loyalty Reward,0.0,No,,Regular,No
OFF004792,6061-GWWAV,2025-08-22,Cashback ₹500,500.0,No,,Loyal,No
OFF004793,0679-TDGAK,2024-01-27,Free Upgrade,0.0,Yes,2024-01-28,Loyal,No
OFF004794,6585-WCEWR,2024-06-14,30% Discount,6.11,Yes,2024-06-19,Loyal,No
OFF004795,9067-YGSCA,2024-07-26,20% Discount,7.81,Yes,2024-07-28,Loyal,No
OFF004796,1776-SPBWV,2023-02-04,Extra 100GB Data,100.0,No,,Regular,No
OFF004797,8735-SDUFN,2025-10-13,Loyalty Reward,0.0,Yes,2025-10-19,Loyal,No
OFF004798,1926-QUZNN,2023-09-26,Free Installation,0.0,Yes,2023-09-28,Loyal,No
OFF004799,7016-NVRIC,2025-05-21,10% Discount,9.01,No,,Regular,No
OFF004800,5829-NVSQN,2025-08-17,Cashback ₹500,500.0,Yes,2025-08-23,Regular,No
OFF004801,4927-WWOOZ,2025-06-13,Premium Support,0.0,No,,New,No
OFF004802,4927-WWOOZ,2023-07-23,Loyalty Reward,0.0,Yes,2023-07-28,New,No
OFF004803,0661-KBKPA,2023-02-19,Loyalty Reward,0.0,Yes,2023-02-23,Loyal,No
OFF004804,3133-PZNSR,2023-12-11,20% Discount,19.55,Yes,2023-12-17,Loyal,No
OFF004805,3612-YVGSJ,2025-06-25,Free Upgrade,0.0,Yes,2025-06-28,Loyal,No
OFF004806,9825-YCXWZ,2025-08-01,Free Upgrade,0.0,Yes,2025-08-07,Loyal,No
OFF004807,2000-DHJUY,2023-08-01,20% Discount,27.66,No,,Loyal,No
OFF004808,2050-ONYDQ,2025-01-24,20% Discount,7.8,No,,Loyal,No
OFF004809,7055-JCGNI,2023-05-25,Loyalty Reward,0.0,Yes,2023-05-28,Loyal,No
OFF004810,0739-UUAJR,2025-06-19,Free 3 Months Streaming,0.0,Yes,2025-06-21,Loyal,No
OFF004811,4826-DXMUP,2025-04-26,Cashback ₹500,500.0,Yes,2025-04-28,Regular,No
OFF004812,7285-KLOTR,2023-12-25,10% Discount,7.88,Yes,2023-12-27,Regular,No
OFF004813,7175-NTIXE,2023-12-02,10% Discount,22.85,Yes,2023-12-05,Regular,No
OFF004814,7963-SHNDT,2025-10-27,30% Discount,7.82,Yes,2025-10-28,Loyal,No
OFF004815,9796-BPKIW,2024-01-08,Premium Support,0.0,Yes,2024-01-10,New,No
OFF004816,9796-BPKIW,2025-09-09,Free 3 Months Streaming,0.0,Yes,2025-09-10,New,No
OFF004817,0188-GWFLE,2024-10-22,Cashback ₹500,500.0,No,,New,No
OFF004818,0188-GWFLE,2025-07-08,Extra 100GB Data,100.0,No,,New,No
OFF004819,2882-DDZPG,2025-06-22,30% Discount,3.89,Yes,2025-06-28,Regular,No
OFF004820,1849-RJYIG,2025-02-23,Cashback ₹500,500.0,No,,New,No
OFF004821,1849-RJYIG,2025-02-16,10% Discount,18.0,Yes,2025-02-20,New,No
OFF004822,8868-GAGIO,2025-10-15,Loyalty Reward,0.0,Yes,2025-10-17,Loyal,No
OFF004823,4061-UKJWL,2025-09-24,20% Discount,9.09,No,,New,No
OFF004824,3230-JCNZS,2023-05-06,Free Installation,0.0,No,,Loyal,No
OFF004825,7996-BPXHY,2023-07-14,Premium Support,0.0,No,,Regular,No
OFF004826,3227-WLKLI,2023-11-26,30% Discount,18.31,No,,Loyal,No
OFF004827,2266-FUBDZ,2025-08-24,Premium Support,0.0,Yes,2025-08-28,Regular,No
OFF004828,9153-BTBVV,2023-03-18,Free Installation,0.0,Yes,2023-03-20,Loyal,No
OFF004829,4361-FEBGN,2025-02-11,Loyalty Reward,0.0,Yes,2025-02-12,Loyal,No
OFF004830,0380-ZCSBI,2024-06-16,30% Discount,2.0,Yes,2024-06-17,New,No
OFF004831,0380-ZCSBI,2024-02-14,Extra 100GB Data,100.0,Yes,2024-02-19,New,No
OFF004832,7145-FEJWU,2023-03-16,Extra 100GB Data,100.0,Yes,2023-03-22,Regular,No
OFF004833,9624-EGDEQ,2023-11-05,Free Installation,0.0,Yes,2023-11-06,Loyal,No
OFF004834,1051-EQPZR,2025-03-09,10% Discount,3.92,Yes,2025-03-16,Loyal,No
OFF004835,5849-ASHZJ,2023-09-10,Free Installation,0.0,Yes,2023-09-11,Regular,No
OFF004836,5780-INQIK,2025-02-26,Cashback ₹500,500.0,No,,New,No
OFF004837,3750-RNQKR,2023-04-24,Premium Support,0.0,Yes,2023-04-28,Regular,No
OFF004838,0962-CQPWQ,2023-06-18,Free Upgrade,0.0,No,,Loyal,No
OFF004839,5837-LXSDN,2025-03-08,Free 3 Months Streaming,0.0,Yes,2025-03-15,Regular,No
OFF004840,8325-QRPZR,2024-11-20,30% Discount,22.55,Yes,2024-11-22,New,No
OFF004841,2262-SLNVK,2024-12-24,Premium Support,0.0,Yes,2024-12-27,New,No
OFF004842,7730-CLDSV,2023-03-15,Cashback ₹500,500.0,Yes,2023-03-21,Loyal,No
OFF004843,0164-APGRB,2024-11-13,Extra 100GB Data,100.0,Yes,2024-11-15,Loyal,No
OFF004844,6481-ESCNL,2024-03-04,Premium Support,0.0,No,,Regular,No
OFF004845,1790-NESIO,2024-07-17,20% Discount,2.04,Yes,2024-07-21,Regular,No
OFF004846,8198-RKSZG,2024-11-18,30% Discount,16.09,Yes,2024-11-21,Regular,No
OFF004847,8766-PAFNE,2025-05-08,Free Upgrade,0.0,No,,Loyal,No
OFF004848,2792-LSHWX,2025-08-11,10% Discount,16.68,No,,New,No
OFF004849,2792-LSHWX,2024-02-17,Free Upgrade,0.0,Yes,2024-02-19,New,No
OFF004850,4837-QUSFT,2024-07-14,Cashback ₹500,500.0,No,,Loyal,No
OFF004851,0907-HQNTS,2024-10-21,Loyalty Reward,0.0,No,,Loyal,No
OFF004852,4391-LNRXK,2024-07-14,Premium Support,0.0,No,,Regular,No
OFF004853,8250-ZNGGW,2023-12-27,20% Discount,17.97,Yes,2023-12-28,New,No
OFF004854,8562-GHPPI,2024-11-26,Free Upgrade,0.0,Yes,2024-11-28,New,No
OFF004855,5893-PYOLZ,2024-01-27,Extra 100GB Data,100.0,No,,Loyal,No
OFF004856,6131-FOYAS,2025-04-01,Free Upgrade,0.0,Yes,2025-04-05,Regular,No
OFF004857,5609-IMCGG,2025-09-01,Free 3 Months Streaming,0.0,Yes,2025-09-06,Regular,No
OFF004858,4727-MCYZG,2024-05-18,Premium Support,0.0,No,,New,No
OFF004859,4727-MCYZG,2024-11-14,Premium Support,0.0,No,,New,No
OFF004860,3301-LSLWQ,2025-08-04,Free 3 Months Streaming,0.0,Yes,2025-08-07,Regular,No
OFF004861,7473-ZBDSN,2023-02-25,Loyalty Reward,0.0,Yes,2023-02-28,Regular,No
OFF004862,3166-PNEOF,2024-03-27,Extra 100GB Data,100.0,Yes,2024-03-28,Loyal,No
OFF004863,5639-NTUPK,2024-12-01,Loyalty Reward,0.0,Yes,2024-12-05,Regular,No
OFF004864,8780-YRMTT,2025-11-06,Free Installation,0.0,No,,Loyal,No
OFF004865,8166-ORCHU,2024-07-12,10% Discount,9.36,No,,Regular,No
OFF004866,8414-OOEEL,2024-02-27,20% Discount,15.9,Yes,2024-02-28,Loyal,No
OFF004867,4531-AUZNK,2023-03-27,Loyalty Reward,0.0,Yes,2023-03-28,Loyal,No
OFF004868,1855-CFULU,2025-04-21,20% Discount,4.01,Yes,2025-04-23,New,No
OFF004869,1855-CFULU,2024-11-06,Loyalty Reward,0.0,Yes,2024-11-11,New,No
OFF004870,1872-EBWSC,2025-08-13,Cashback ₹500,500.0,Yes,2025-08-19,Regular,No
OFF004871,7026-YMSBE,2025-11-27,Loyalty Reward,0.0,Yes,2025-11-28,Regular,No
OFF004872,6997-UVGOX,2025-05-17,10% Discount,25.64,Yes,2025-05-23,Loyal,No
OFF004873,5781-BKHOP,2025-07-25,Free Installation,0.0,Yes,2025-07-28,Loyal,No
OFF004874,8628-MFKAX,2024-12-12,Free 3 Months Streaming,0.0,Yes,2024-12-14,Loyal,No
OFF004875,7629-WIXZF,2024-09-20,Free 3 Months Streaming,0.0,Yes,2024-09-23,New,No
OFF004876,2466-NEJOJ,2025-03-17,Loyalty Reward,0.0,Yes,2025-03-23,New,No
OFF004877,0254-KCJGT,2024-08-28,Cashback ₹500,500.0,No,,Loyal,No
OFF004878,5472-CVMDX,2025-03-17,Free Installation,0.0,No,,Loyal,No
OFF004879,8150-QUDFX,2025-08-23,10% Discount,3.97,Yes,2025-08-28,New,No
OFF004880,9508-ILZDG,2023-05-02,10% Discount,28.9,No,,Regular,No
OFF004881,2346-DJQTB,2023-09-11,30% Discount,7.24,Yes,2023-09-15,Regular,No
OFF004882,1697-LYYYX,2023-10-28,Free Installation,0.0,Yes,2023-10-28,Loyal,No
OFF004883,1942-OQFRW,2023-07-04,Premium Support,0.0,No,,New,No
OFF004884,4231-LZUYM,2025-06-07,20% Discount,7.69,Yes,2025-06-12,Loyal,No
OFF004885,3594-BDSOA,2023-06-13,Free 3 Months Streaming,0.0,Yes,2023-06-17,Regular,No
OFF004886,5133-VRSAB,2023-03-20,Extra 100GB Data,100.0,Yes,2023-03-24,New,No
OFF004887,5133-VRSAB,2025-12-14,Extra 100GB Data,100.0,No,,New,No
OFF004888,0484-JPBRU,2024-01-01,Loyalty Reward,0.0,No,,Loyal,No
OFF004889,7883-ROJOC,2024-11-13,Free 3 Months Streaming,0.0,No,,Regular,No
OFF004890,0244-LGNFY,2024-10-04,Free 3 Months Streaming,0.0,Yes,2024-10-06,Loyal,No
OFF004891,7274-CGTOD,2023-06-26,Free Installation,0.0,No,,Loyal,No
OFF004892,1866-ZSLJM,2024-06-28,10% Discount,2.05,Yes,2024-06-28,Regular,No
OFF004893,4636-TVXVG,2024-09-07,Free Installation,0.0,No,,Loyal,No
OFF004894,9392-XBGTD,2023-06-24,Loyalty Reward,0.0,No,,Regular,No
OFF004895,1110-KYLGQ,2025-10-07,Extra 100GB Data,100.0,Yes,2025-10-11,Loyal,No
OFF004896,9929-PLVPA,2025-08-08,20% Discount,4.08,Yes,2025-08-12,New,No
OFF004897,9929-PLVPA,2023-04-24,Free Upgrade,0.0,Yes,2023-04-28,New,No
OFF004898,7693-QPEFS,2023-04-23,Free Upgrade,0.0,Yes,2023-04-24,Loyal,No
OFF004899,0924-BJCRC,2025-08-15,Extra 100GB Data,100.0,No,,Loyal,No
OFF004900,4455-BFSPD,2025-11-28,Free 3 Months Streaming,0.0,Yes,2025-11-28,Loyal,No
OFF004901,8295-FHIVV,2024-05-19,Free 3 Months Streaming,0.0,No,,New,No
OFF004902,1179-INLAT,2024-12-09,Cashback ₹500,500.0,Yes,2024-12-13,New,No
OFF004903,1179-INLAT,2023-03-24,Free Installation,0.0,No,,New,No
OFF004904,5468-BPMMO,2024-03-05,Free Upgrade,0.0,Yes,2024-03-11,Loyal,No
OFF004905,0197-PNKNK,2025-10-23,30% Discount,16.89,Yes,2025-10-28,Loyal,No
OFF004906,2439-QKJUL,2025-02-13,Loyalty Reward,0.0,No,,New,No
OFF004907,1194-SPVSP,2025-11-07,10% Discount,3.93,No,,New,No
OFF004908,1429-UYJSV,2025-04-15,Extra 100GB Data,100.0,No,,Regular,No
OFF004909,3470-OBUET,2024-08-18,Extra 100GB Data,100.0,No,,Loyal,No
OFF004910,2770-NSVDG,2025-06-02,Free Installation,0.0,Yes,2025-06-06,Regular,No
OFF004911,9375-MHRRS,2024-11-14,Extra 100GB Data,100.0,Yes,2024-11-21,New,No
OFF004912,9375-MHRRS,2023-07-12,20% Discount,10.01,Yes,2023-07-13,New,No
OFF004913,5533-NHFRF,2024-07-03,Free Installation,0.0,Yes,2024-07-09,New,No
OFF004914,7037-MTYVW,2024-10-23,Free Installation,0.0,Yes,2024-10-28,Loyal,No
OFF004915,4760-THGOT,2024-03-15,Free 3 Months Streaming,0.0,Yes,2024-03-17,Loyal,No
OFF004916,2790-XUYMV,2023-09-10,10% Discount,25.64,No,,Loyal,No
OFF004917,0581-MDMPW,2023-01-21,Loyalty Reward,0.0,Yes,2023-01-25,Regular,No
OFF004918,9163-GHAYE,2025-10-01,Loyalty Reward,0.0,Yes,2025-10-02,Regular,No
OFF004919,3904-UKFRE,2023-10-28,10% Discount,8.01,Yes,2023-10-28,New,No
OFF004920,3904-UKFRE,2025-05-02,Free Upgrade,0.0,No,,New,No
OFF004921,0058-EVZWM,2025-05-05,Free Installation,0.0,Yes,2025-05-08,Loyal,No
OFF004922,7009-PCARS,2025-01-25,Extra 100GB Data,100.0,Yes,2025-01-28,Loyal,No
OFF004923,0519-DRGTI,2024-02-06,Loyalty Reward,0.0,Yes,2024-02-10,Regular,No
OFF004924,1017-FBQMM,2023-12-10,20% Discount,10.61,Yes,2023-12-16,Loyal,No
OFF004925,1985-MBRYP,2025-11-13,Free 3 Months Streaming,0.0,Yes,2025-11-15,Loyal,No
OFF004926,3259-QMXUN,2025-01-12,Free Installation,0.0,Yes,2025-01-16,Loyal,No
OFF004927,6645-MXQJT,2023-05-22,20% Discount,9.71,Yes,2023-05-24,New,No
OFF004928,6645-MXQJT,2025-06-20,Free 3 Months Streaming,0.0,Yes,2025-06-26,New,No
OFF004929,5804-JMYIO,2023-06-25,Cashback ₹500,500.0,Yes,2023-06-28,Loyal,No
OFF004930,7599-NTMDP,2025-04-09,Premium Support,0.0,Yes,2025-04-11,Loyal,No
OFF004931,0536-ACXIP,2023-03-15,Extra 100GB Data,100.0,No,,Loyal,No
OFF004932,4884-LEVMQ,2025-08-24,20% Discount,6.13,Yes,2025-08-28,Loyal,No
OFF004933,8857-CUPFQ,2024-11-10,30% Discount,5.77,Yes,2024-11-17,Loyal,No
OFF004934,7610-TVOPG,2023-01-06,Premium Support,0.0,Yes,2023-01-08,Regular,No
OFF004935,1845-ZLLIG,2025-05-17,30% Discount,10.03,Yes,2025-05-21,New,No
OFF004936,1699-UOTXU,2024-12-04,Premium Support,0.0,Yes,2024-12-06,Loyal,No
OFF004937,5993-JSUWV,2024-05-22,30% Discount,18.34,No,,Loyal,No
OFF004938,6988-CJEYV,2024-01-21,Loyalty Reward,0.0,Yes,2024-01-26,Loyal,No
OFF004939,5465-BUBFA,2025-11-05,Free 3 Months Streaming,0.0,Yes,2025-11-10,Loyal,No
OFF004940,1215-VFYVK,2024-04-01,10% Discount,14.47,No,,New,No
OFF004941,9371-BITHB,2023-11-23,Extra 100GB Data,100.0,Yes,2023-11-28,Loyal,No
OFF004942,0541-FITGH,2024-09-27,Loyalty Reward,0.0,Yes,2024-09-28,New,No
OFF004943,0541-FITGH,2025-11-16,Premium Support,0.0,Yes,2025-11-22,New,No
OFF004944,6985-HAYWX,2024-12-25,20% Discount,7.93,No,,Regular,No
OFF004945,7508-KBIMB,2024-12-14,Free Installation,0.0,Yes,2024-12-15,Regular,No
OFF004946,1897-OKVMW,2025-03-11,Free Installation,0.0,Yes,2025-03-12,Loyal,No
OFF004947,5485-ITNPC,2025-06-26,Free 3 Months Streaming,0.0,No,,Loyal,No
OFF004948,0233-FTHAV,2024-11-16,Free Upgrade,0.0,Yes,2024-11-19,Loyal,No
OFF004949,4644-PIZRT,2025-04-08,Cashback ₹500,500.0,No,,Regular,No
OFF004950,9512-PHSMG,2023-02-13,Cashback ₹500,500.0,Yes,2023-02-17,New,No
OFF004951,1564-HJUVY,2025-06-26,Cashback ₹500,500.0,Yes,2025-06-28,New,No
OFF004952,1564-HJUVY,2025-09-08,20% Discount,12.75,No,,New,No
OFF004953,3617-XLSGQ,2023-02-09,10% Discount,32.77,Yes,2023-02-15,Loyal,No
OFF004954,1400-WIVLL,2024-05-16,10% Discount,10.8,Yes,2024-05-23,Loyal,No
OFF004955,8347-GDTMP,2023-07-01,30% Discount,1.95,No,,Loyal,No
OFF004956,6746-WAUWT,2023-08-23,Premium Support,0.0,Yes,2023-08-28,Regular,No
OFF004957,4003-OCTMP,2023-01-14,Premium Support,0.0,Yes,2023-01-20,Regular,No
OFF004958,6652-YFFJO,2025-07-11,Free 3 Months Streaming,0.0,Yes,2025-07-18,New,No
OFF004959,6652-YFFJO,2025-08-03,10% Discount,6.49,Yes,2025-08-07,New,No
OFF004960,5248-RPYWW,2025-09-26,30% Discount,9.02,Yes,2025-09-28,Loyal,No
OFF004961,7446-SFAOA,2023-03-12,Loyalty Reward,0.0,Yes,2023-03-14,Loyal,No
OFF004962,9522-ZSINC,2025-11-09,10% Discount,2.0,Yes,2025-11-16,Regular,No
OFF004963,6505-OZNPG,2024-03-16,10% Discount,19.02,No,,New,No
OFF004964,6505-OZNPG,2024-04-23,10% Discount,12.68,Yes,2024-04-28,New,No
OFF004965,6164-HAQTX,2025-08-15,Extra 100GB Data,100.0,Yes,2025-08-19,Loyal,No
OFF004966,4692-NNQRU,2023-01-02,Premium Support,0.0,Yes,2023-01-06,Regular,No
OFF004967,7742-MYPGI,2025-07-07,Free Installation,0.0,Yes,2025-07-13,New,No
OFF004968,9619-GSATL,2025-03-23,10% Discount,11.09,No,,Loyal,No
OFF004969,5622-UEJFI,2023-04-23,Extra 100GB Data,100.0,Yes,2023-04-24,Regular,No
OFF004970,6203-HBZPA,2023-02-12,Extra 100GB Data,100.0,Yes,2023-02-14,Loyal,No
OFF004971,0301-FIDRB,2025-08-15,Extra 100GB Data,100.0,No,,Loyal,No
OFF004972,2181-TIDSV,2024-01-08,30% Discount,3.99,Yes,2024-01-09,Loyal,No
OFF004973,9453-PATOS,2023-03-01,Free Upgrade,0.0,Yes,2023-03-05,Loyal,No
OFF004974,4402-FTBXC,2025-07-11,Extra 100GB Data,100.0,Yes,2025-07-17,Loyal,No
OFF004975,2931-XIQBR,2025-12-24,Loyalty Reward,0.0,No,,Loyal,No
OFF004976,1930-QPBVZ,2024-11-14,Free Upgrade,0.0,Yes,2024-11-18,Loyal,No
OFF004977,8059-UDZFY,2025-10-28,Loyalty Reward,0.0,Yes,2025-10-28,Regular,No
OFF004978,5220-AGAAX,2024-05-24,20% Discount,2.4,Yes,2024-05-26,Loyal,No
OFF004979,0208-BPQEJ,2023-12-17,Free Installation,0.0,No,,Regular,No
OFF004980,9435-JMLSX,2024-12-14,Premium Support,0.0,Yes,2024-12-21,Loyal,No
OFF004981,3352-ALMCK,2023-11-15,Extra 100GB Data,100.0,Yes,2023-11-20,Loyal,No
OFF004982,5294-IMHHT,2025-10-13,Cashback ₹500,500.0,Yes,2025-10-17,Loyal,No
OFF004983,4526-EXKKN,2025-11-03,Cashback ₹500,500.0,Yes,2025-11-08,Loyal,No
OFF004984,5311-IHLEI,2025-02-11,Free 3 Months Streaming,0.0,No,,Regular,No
OFF004985,3489-VSFRD,2023-11-01,Free Installation,0.0,Yes,2023-11-04,Loyal,No
OFF004986,3345-JHUEO,2023-12-15,Premium Support,0.0,No,,New,No
OFF004987,3345-JHUEO,2024-09-12,Premium Support,0.0,Yes,2024-09-14,New,No
OFF004988,2674-MIAHT,2025-11-15,Premium Support,0.0,Yes,2025-11-18,New,No
OFF004989,2674-MIAHT,2025-02-20,30% Discount,8.03,Yes,2025-02-25,New,No
OFF004990,2576-HXMPA,2023-09-03,Premium Support,0.0,Yes,2023-09-10,New,No
OFF004991,9357-UJRUN,2024-04-24,Free Installation,0.0,Yes,2024-04-27,Regular,No
OFF004992,8648-PFRMP,2024-07-14,30% Discount,4.64,Yes,2024-07-17,Regular,No
OFF004993,0258-NOKBL,2023-04-15,Extra 100GB Data,100.0,No,,New,No
OFF004994,9348-ROUAI,2023-02-02,Extra 100GB Data,100.0,Yes,2023-02-09,Loyal,No
OFF004995,3043-TYBNO,2023-07-16,30% Discount,12.13,Yes,2023-07-21,New,No
OFF004996,4830-FAXFM,2023-11-05,Extra 100GB Data,100.0,Yes,2023-11-12,Regular,No
OFF004997,5906-BFOZT,2023-01-10,Premium Support,0.0,No,,New,No
OFF004998,5906-BFOZT,2023-08-20,Loyalty Reward,0.0,No,,New,No
OFF004999,2960-NKRSO,2025-04-11,Free 3 Months Streaming,0.0,Yes,2025-04-15,Regular,No
OFF005000,8996-ZROXE,2024-08-11,Extra 100GB Data,100.0,No,,Loyal,No
OFF005001,5598-IKHQQ,2024-01-06,30% Discount,2.54,Yes,2024-01-09,Loyal,No
OFF005002,0397-ZXWQF,2024-11-10,Cashback ₹500,500.0,Yes,2024-11-12,Loyal,No
OFF005003,5266-PFRQK,2025-12-01,Free Installation,0.0,No,,Loyal,No
OFF005004,4674-HGNUA,2023-10-07,Free 3 Months Streaming,0.0,Yes,2023-10-08,Loyal,No
OFF005005,9786-IJYDL,2025-07-07,10% Discount,11.32,Yes,2025-07-10,Regular,No
OFF005006,1303-SRDOK,2025-11-05,30% Discount,13.81,No,,Loyal,No
OFF005007,3769-MHZNV,2025-04-06,Premium Support,0.0,Yes,2025-04-13,Regular,No
OFF005008,4177-JPDFU,2023-12-03,Extra 100GB Data,100.0,No,,Regular,No
OFF005009,2239-CFOUJ,2024-01-18,Extra 100GB Data,100.0,Yes,2024-01-20,New,No
OFF005010,8046-DNVTL,2025-09-16,Free 3 Months Streaming,0.0,No,,Loyal,No
OFF005011,4770-UEZOX,2023-02-09,20% Discount,14.95,No,,New,No
OFF005012,4770-UEZOX,2023-09-13,Cashback ₹500,500.0,Yes,2023-09-20,New,No
OFF005013,4568-TTZRT,2023-11-23,Premium Support,0.0,Yes,2023-11-27,New,No
OFF005014,9513-DXHDA,2024-07-06,30% Discount,24.51,No,,Regular,No
OFF005015,0516-QREYC,2024-02-01,Free Installation,0.0,Yes,2024-02-03,Regular,No
OFF005016,8896-BQTTI,2023-08-13,Free 3 Months Streaming,0.0,Yes,2023-08-19,New,No
OFF005017,3352-RICWQ,2024-06-17,Extra 100GB Data,100.0,No,,New,No
OFF005018,2160-GPFXD,2025-03-24,Free Installation,0.0,No,,Loyal,No
OFF005019,2065-MMKGR,2023-08-26,30% Discount,14.2,Yes,2023-08-28,Regular,No
OFF005020,5199-FPUSP,2025-08-04,10% Discount,3.4,Yes,2025-08-11,Regular,No
OFF005021,6377-KSLXC,2024-10-23,30% Discount,3.99,Yes,2024-10-26,New,No
OFF005022,1796-JANOW,2024-09-19,Cashback ₹500,500.0,Yes,2024-09-24,New,No
OFF005023,0238-WHBIQ,2024-07-05,Free 3 Months Streaming,0.0,Yes,2024-07-12,Loyal,No
OFF005024,8735-NBLWT,2023-06-10,20% Discount,6.12,Yes,2023-06-12,New,No
OFF005025,6651-RLGGM,2024-02-03,20% Discount,7.89,Yes,2024-02-06,Loyal,No
OFF005026,1614-JBEBI,2024-08-11,Loyalty Reward,0.0,Yes,2024-08-13,New,No
OFF005027,5696-EXCYS,2025-06-26,Loyalty Reward,0.0,Yes,2025-06-28,Regular,No
OFF005028,5795-KTGUD,2025-09-19,Loyalty Reward,0.0,Yes,2025-09-21,Loyal,No
OFF005029,4702-HDRKD,2024-12-04,20% Discount,4.94,Yes,2024-12-07,Loyal,No
OFF005030,5897-ZYEKH,2024-04-21,Cashback ₹500,500.0,No,,Loyal,No
OFF005031,1406-PUQVY,2025-07-19,Free Installation,0.0,Yes,2025-07-22,New,No
OFF005032,1406-PUQVY,2025-02-28,Free Installation,0.0,Yes,2025-02-28,New,No
OFF005033,8715-KKTFG,2024-04-28,Free 3 Months Streaming,0.0,No,,Loyal,No
OFF005034,1728-BQDMA,2025-11-09,Cashback ₹500,500.0,No,,New,No
OFF005035,6465-GSRCL,2025-08-22,20% Discount,10.66,Yes,2025-08-26,Loyal,No
OFF005036,0263-FJTQO,2023-04-17,Extra 100GB Data,100.0,Yes,2023-04-22,Loyal,No
OFF005037,7319-ZNRTR,2024-01-26,Extra 100GB Data,100.0,Yes,2024-01-28,Regular,No
OFF005038,7503-EPSZW,2025-03-04,Loyalty Reward,0.0,Yes,2025-03-08,Loyal,No
OFF005039,1666-JXLKU,2023-12-11,Free Upgrade,0.0,Yes,2023-12-12,Loyal,No
OFF005040,7855-DIWPO,2024-05-03,Premium Support,0.0,Yes,2024-05-10,Regular,No
OFF005041,5133-POWUA,2024-12-27,Premium Support,0.0,Yes,2024-12-28,New,No
OFF005042,5133-POWUA,2025-11-15,Free Installation,0.0,No,,New,No
OFF005043,5652-MSDEY,2024-12-07,Free 3 Months Streaming,0.0,Yes,2024-12-14,New,No
OFF005044,1810-BOHSY,2025-06-15,Free 3 Months Streaming,0.0,Yes,2025-06-19,Loyal,No
OFF005045,1784-BXEFA,2025-07-15,20% Discount,6.17,Yes,2025-07-18,New,No
OFF005046,1784-BXEFA,2023-03-14,Premium Support,0.0,Yes,2023-03-17,New,No
OFF005047,7351-MHQVU,2023-02-19,10% Discount,10.19,Yes,2023-02-24,New,No
OFF005048,9500-IWPXQ,2024-08-21,Premium Support,0.0,No,,Loyal,No
OFF005049,4504-YOULA,2025-06-05,Free Upgrade,0.0,Yes,2025-06-07,Regular,No
OFF005050,5569-IDSEY,2023-12-01,30% Discount,10.57,Yes,2023-12-07,Loyal,No
OFF005051,7284-ZZLOH,2023-03-05,30% Discount,10.66,Yes,2023-03-11,Loyal,No
OFF005052,1777-JYQPJ,2023-02-17,Free Upgrade,0.0,No,,New,No
OFF005053,3401-URHDA,2025-10-12,Free 3 Months Streaming,0.0,Yes,2025-10-13,Loyal,No
OFF005054,5751-USDBL,2024-11-16,Free Installation,0.0,Yes,2024-11-19,Loyal,No
OFF005055,8189-DUKMV,2024-05-27,Free Installation,0.0,Yes,2024-05-28,New,No
OFF005056,8189-DUKMV,2025-07-02,Cashback ₹500,500.0,Yes,2025-07-08,New,No
OFF005057,9931-DCEZH,2025-09-24,Free Upgrade,0.0,Yes,2025-09-27,Regular,No
OFF005058,1898-JSNDC,2023-01-14,10% Discount,11.72,Yes,2023-01-17,Loyal,No
OFF005059,1867-TJHTS,2025-12-18,Free Upgrade,0.0,Yes,2025-12-25,Loyal,No
OFF005060,5038-ETMLM,2024-01-05,Free Upgrade,0.0,Yes,2024-01-10,Loyal,No
OFF005061,6569-KTMDU,2023-08-05,Free Installation,0.0,Yes,2023-08-12,New,No
OFF005062,6569-KTMDU,2025-07-26,Extra 100GB Data,100.0,Yes,2025-07-28,New,No
OFF005063,8809-XKHMD,2024-12-06,20% Discount,10.05,Yes,2024-12-12,Loyal,No
OFF005064,0396-YCHWO,2025-10-23,Premium Support,0.0,Yes,2025-10-28,Loyal,No
OFF005065,0867-LDTTC,2023-02-12,Free Upgrade,0.0,Yes,2023-02-14,New,No
OFF005066,0867-LDTTC,2023-04-14,10% Discount,15.03,Yes,2023-04-16,New,No
OFF005067,9391-DXGGG,2023-04-06,Free Upgrade,0.0,Yes,2023-04-09,Loyal,No
OFF005068,9844-FELAJ,2023-09-25,Extra 100GB Data,100.0,Yes,2023-09-28,Loyal,No
OFF005069,3148-AOIQT,2023-01-04,20% Discount,4.99,Yes,2023-01-11,Loyal,No
OFF005070,8395-ETZKQ,2025-07-25,Free Installation,0.0,Yes,2025-07-27,Loyal,No
OFF005071,6692-YQHXC,2024-03-16,Free Installation,0.0,No,,Regular,No
OFF005072,2739-CCZMB,2025-04-01,Premium Support,0.0,Yes,2025-04-05,New,No
OFF005073,2739-CCZMB,2025-03-14,Cashback ₹500,500.0,Yes,2025-03-17,New,No
OFF005074,0496-AHOOK,2025-11-25,Cashback ₹500,500.0,Yes,2025-11-28,Regular,No
OFF005075,8336-TAVKX,2024-08-22,Cashback ₹500,500.0,No,,Loyal,No
OFF005076,2468-SJFLM,2025-05-13,Free 3 Months Streaming,0.0,Yes,2025-05-14,New,No
OFF005077,2468-SJFLM,2024-07-02,10% Discount,7.43,Yes,2024-07-06,New,No
OFF005078,7968-QUXNS,2023-05-27,Free Installation,0.0,Yes,2023-05-28,New,No
OFF005079,7968-QUXNS,2023-11-18,Free Upgrade,0.0,No,,New,No
OFF005080,3629-WEAAM,2024-04-23,10% Discount,6.41,Yes,2024-04-28,New,No
OFF005081,3629-WEAAM,2024-10-17,Extra 100GB Data,100.0,Yes,2024-10-19,New,No
OFF005082,6029-CSMJE,2025-02-03,20% Discount,7.69,Yes,2025-02-07,Regular,No
OFF005083,9099-FTUHS,2024-06-02,Extra 100GB Data,100.0,Yes,2024-06-07,Regular,No
OFF005084,4962-CHQPW,2023-10-18,Cashback ₹500,500.0,Yes,2023-10-25,Regular,No
OFF005085,9467-ROOLM,2025-11-28,10% Discount,3.81,No,,Regular,No
OFF005086,2253-KPMNB,2025-12-03,20% Discount,9.25,No,,Loyal,No
OFF005087,1345-ZUKID,2025-03-08,20% Discount,3.87,Yes,2025-03-15,Regular,No
OFF005088,6429-SHBCB,2023-09-16,Loyalty Reward,0.0,Yes,2023-09-23,Regular,No
OFF005089,9281-OFDMF,2023-06-21,Premium Support,0.0,Yes,2023-06-26,Loyal,No
OFF005090,2603-HVKCG,2025-06-10,20% Discount,10.14,Yes,2025-06-16,Regular,No
OFF005091,1834-WULEG,2023-12-14,30% Discount,6.08,Yes,2023-12-21,Regular,No
OFF005092,4893-GYUJU,2023-09-11,Free Upgrade,0.0,Yes,2023-09-12,Loyal,No
OFF005093,4578-PHJYZ,2023-08-18,Free Installation,0.0,Yes,2023-08-19,Loyal,No
OFF005094,7272-QDCKA,2025-02-12,20% Discount,10.02,Yes,2025-02-18,Regular,No
OFF005095,8908-SLFCJ,2023-05-19,10% Discount,6.25,No,,Regular,No
OFF005096,5044-XDPYX,2024-08-20,Free Installation,0.0,Yes,2024-08-24,Loyal,No
OFF005097,1814-WFGVS,2025-07-24,10% Discount,14.67,Yes,2025-07-28,Loyal,No
OFF005098,3721-WKIIL,2023-07-11,30% Discount,1.96,No,,Regular,No
OFF005099,6734-CKRSM,2024-02-26,10% Discount,2.0,Yes,2024-02-28,New,No
OFF005100,6734-CKRSM,2024-08-06,20% Discount,6.0,Yes,2024-08-09,New,No
OFF005101,5197-LQXXH,2024-12-23,Free Upgrade,0.0,No,,Loyal,No
OFF005102,7682-AZNDK,2025-03-25,Premium Support,0.0,Yes,2025-03-26,Regular,No
OFF005103,5384-ZTTWP,2024-12-26,Premium Support,0.0,Yes,2024-12-28,Regular,No
OFF005104,3745-HRPHI,2023-02-24,Premium Support,0.0,Yes,2023-02-28,Loyal,No
OFF005105,7636-OWBPG,2024-08-21,20% Discount,5.87,No,,Regular,No
OFF005106,1231-YNDEK,2025-07-09,Free 3 Months Streaming,0.0,No,,Loyal,No
OFF005107,1407-DIGZV,2025-03-22,Free Upgrade,0.0,Yes,2025-03-24,New,No
OFF005108,0570-BFQHT,2023-04-08,Free Installation,0.0,Yes,2023-04-12,New,No
OFF005109,0570-BFQHT,2025-08-13,Free Installation,0.0,No,,New,No
OFF005110,8564-LDKFL,2023-11-27,Extra 100GB Data,100.0,Yes,2023-11-28,Loyal,No
OFF005111,5501-TVMGM,2023-11-03,Cashback ₹500,500.0,Yes,2023-11-06,New,No
OFF005112,5879-HMFFH,2023-10-08,10% Discount,26.41,Yes,2023-10-13,Loyal,No
OFF005113,6772-WFQRD,2023-03-24,Loyalty Reward,0.0,Yes,2023-03-28,Loyal,No
OFF005114,6972-SNKKW,2025-10-09,Premium Support,0.0,Yes,2025-10-13,New,No
OFF005115,6972-SNKKW,2023-06-17,Free Upgrade,0.0,No,,New,No
OFF005116,3694-GLTJM,2024-02-14,Free 3 Months Streaming,0.0,No,,New,No
OFF005117,3694-GLTJM,2025-03-01,Cashback ₹500,500.0,Yes,2025-03-06,New,No
OFF005118,9055-MOJJJ,2023-10-22,Free Upgrade,0.0,Yes,2023-10-26,Loyal,No
OFF005119,0585-EGDDA,2025-02-17,Premium Support,0.0,No,,Loyal,No
OFF005120,4032-RMHCI,2023-04-16,Cashback ₹500,500.0,Yes,2023-04-18,Loyal,No
OFF005121,0549-CYCQN,2023-01-26,Cashback ₹500,500.0,No,,Loyal,No
OFF005122,3481-JHUZH,2025-04-22,Loyalty Reward,0.0,No,,Loyal,No
OFF005123,3594-IVHJZ,2023-10-09,Premium Support,0.0,No,,New,No
OFF005124,3594-IVHJZ,2025-03-01,Free Upgrade,0.0,Yes,2025-03-03,New,No
OFF005125,6869-FGJJC,2023-04-23,Loyalty Reward,0.0,No,,Loyal,No
OFF005126,3896-ZVNET,2023-04-13,20% Discount,7.41,No,,Regular,No
OFF005127,8205-VSLRB,2024-02-12,Extra 100GB Data,100.0,Yes,2024-02-19,Loyal,No
OFF005128,6817-WTYHE,2023-02-13,Premium Support,0.0,Yes,2023-02-17,New,No
OFF005129,3082-VQXNH,2024-08-24,30% Discount,2.98,Yes,2024-08-28,New,No
OFF005130,3082-VQXNH,2024-07-16,Loyalty Reward,0.0,No,,New,No
OFF005131,4931-TRZWN,2023-10-02,20% Discount,14.39,Yes,2023-10-04,Regular,No
OFF005132,7669-LCRSD,2025-06-26,10% Discount,16.89,Yes,2025-06-28,Regular,No
OFF005133,3567-PQTSO,2023-06-28,Extra 100GB Data,100.0,Yes,2023-06-28,Loyal,No
OFF005134,2703-AMTUL,2024-02-24,20% Discount,10.73,Yes,2024-02-25,Loyal,No
OFF005135,8173-RXAYP,2024-01-01,Premium Support,0.0,Yes,2024-01-05,Regular,No
OFF005136,4825-XJGDM,2025-06-15,Premium Support,0.0,Yes,2025-06-17,Loyal,No
OFF005137,5402-HTOTQ,2023-04-03,Loyalty Reward,0.0,No,,Regular,No
OFF005138,6734-JDTTV,2024-09-24,Loyalty Reward,0.0,Yes,2024-09-28,Loyal,No
OFF005139,3890-RTCMS,2023-02-18,Premium Support,0.0,Yes,2023-02-23,Regular,No
OFF005140,3717-FDJFU,2025-10-25,Loyalty Reward,0.0,No,,New,No
OFF005141,7966-YOTQW,2025-04-22,Extra 100GB Data,100.0,Yes,2025-04-25,New,No
OFF005142,7966-YOTQW,2025-10-23,Extra 100GB Data,100.0,No,,New,No
OFF005143,6924-TDGMT,2025-10-09,Loyalty Reward,0.0,No,,New,No
OFF005144,1536-YHDOE,2025-11-27,30% Discount,6.21,Yes,2025-11-28,Regular,No
OFF005145,3629-ZNKXA,2023-04-14,Extra 100GB Data,100.0,Yes,2023-04-17,Regular,No
OFF005146,4827-LTQRJ,2024-08-25,Free Installation,0.0,No,,Loyal,No
OFF005147,7711-YIJWC,2023-12-23,Extra 100GB Data,100.0,Yes,2023-12-25,Loyal,No
OFF005148,5482-VXSXJ,2024-10-26,Premium Support,0.0,No,,Regular,No
OFF005149,2378-YIZKA,2024-01-21,Extra 100GB Data,100.0,Yes,2024-01-23,Loyal,No
OFF005150,6818-DJXAA,2024-08-18,Extra 100GB Data,100.0,Yes,2024-08-20,New,No
OFF005151,8902-ZEOVF,2024-10-05,Free Upgrade,0.0,Yes,2024-10-11,Loyal,No
OFF005152,2662-NNTDK,2024-02-06,Free Installation,0.0,Yes,2024-02-11,Loyal,No
OFF005153,4323-ELYYB,2024-01-17,Extra 100GB Data,100.0,Yes,2024-01-22,Regular,No
OFF005154,4293-ETKAP,2025-07-05,30% Discount,7.94,Yes,2025-07-08,Loyal,No
OFF005155,6322-PJJDJ,2023-07-26,Extra 100GB Data,100.0,Yes,2023-07-28,Loyal,No
OFF005156,7197-VOJMM,2024-09-08,30% Discount,20.76,Yes,2024-09-12,Loyal,No
OFF005157,9626-VFRGG,2024-03-16,Free Installation,0.0,Yes,2024-03-22,Loyal,No
OFF005158,7075-BNDVQ,2024-05-19,20% Discount,10.5,Yes,2024-05-21,New,No
OFF005159,7075-BNDVQ,2025-03-17,Extra 100GB Data,100.0,Yes,2025-03-18,New,No
OFF005160,7284-BUYEC,2025-12-08,20% Discount,5.1,No,,New,No
OFF005161,2041-JIJCI,2024-11-09,Free Installation,0.0,No,,New,No
OFF005162,2041-JIJCI,2025-10-02,30% Discount,6.4,Yes,2025-10-03,New,No
OFF005163,2229-VWQJH,2025-10-13,Loyalty Reward,0.0,Yes,2025-10-16,Regular,No
OFF005164,1336-EZFZY,2023-09-08,Cashback ₹500,500.0,Yes,2023-09-10,New,No
OFF005165,1403-LKLIK,2024-07-23,Cashback ₹500,500.0,Yes,2024-07-25,Regular,No
OFF005166,0136-IFMYD,2023-10-06,Cashback ₹500,500.0,Yes,2023-10-12,Loyal,No
OFF005167,9643-AVVWI,2025-03-26,Free Upgrade,0.0,Yes,2025-03-28,New,No
OFF005168,9643-AVVWI,2024-10-14,10% Discount,24.0,Yes,2024-10-17,New,No
OFF005169,0253-ZTEOB,2023-08-26,Free 3 Months Streaming,0.0,No,,Loyal,No
OFF005170,6061-PQHMK,2024-03-13,20% Discount,5.97,Yes,2024-03-20,Regular,No
OFF005171,9122-UMROB,2023-09-01,Premium Support,0.0,No,,New,No
OFF005172,9122-UMROB,2023-04-01,Premium Support,0.0,No,,New,No
OFF005173,2402-TAIRZ,2024-05-07,Loyalty Reward,0.0,Yes,2024-05-10,Loyal,No
OFF005174,9659-ZTWSM,2024-05-27,20% Discount,32.2,Yes,2024-05-28,Loyal,No
OFF005175,2195-VVRJF,2023-08-01,Extra 100GB Data,100.0,Yes,2023-08-08,Regular,No
OFF005176,3913-RDSJZ,2023-11-01,Cashback ₹500,500.0,Yes,2023-11-03,Loyal,No
OFF005177,5043-TRZWM,2023-03-08,Extra 100GB Data,100.0,Yes,2023-03-09,New,No
OFF005178,7644-OMVMY,2024-03-24,10% Discount,3.97,Yes,2024-03-25,New,No
OFF005179,4573-JKNAE,2025-01-25,Free Installation,0.0,No,,Regular,No
OFF005180,8380-MQINP,2025-05-08,Cashback ₹500,500.0,Yes,2025-05-11,Loyal,No
OFF005181,0840-DFEZH,2024-01-26,Loyalty Reward,0.0,No,,New,No
OFF005182,0840-DFEZH,2023-07-17,Loyalty Reward,0.0,Yes,2023-07-22,New,No
OFF005183,0384-LPITE,2024-01-26,Free Installation,0.0,No,,Loyal,No
OFF005184,4616-EWBNJ,2024-08-19,Free Upgrade,0.0,No,,Regular,No
OFF005185,1335-HQMKX,2024-04-25,Premium Support,0.0,Yes,2024-04-28,Loyal,No
OFF005186,2172-EJXVF,2025-12-03,Free 3 Months Streaming,0.0,No,,Loyal,No
OFF005187,7029-IJEJK,2025-12-24,Free Installation,0.0,Yes,2025-12-28,Loyal,No
OFF005188,8871-JLMHM,2025-02-03,20% Discount,27.06,Yes,2025-02-07,Loyal,No
OFF005189,3474-BAFSJ,2024-04-25,Premium Support,0.0,No,,Loyal,No
OFF005190,3865-ZFZIB,2024-05-21,Free 3 Months Streaming,0.0,No,,Regular,No
OFF005191,7109-CQYUZ,2025-07-24,Free Upgrade,0.0,Yes,2025-07-27,Loyal,No
OFF005192,1370-GGAWX,2025-02-13,Loyalty Reward,0.0,No,,Loyal,No
OFF005193,4680-KUTAJ,2025-06-08,30% Discount,5.56,Yes,2025-06-15,New,No
OFF005194,4680-KUTAJ,2023-10-04,Premium Support,0.0,Yes,2023-10-10,New,No
OFF005195,2883-ILGWO,2025-06-27,Cashback ₹500,500.0,No,,Loyal,No
OFF005196,2696-RZVZW,2024-03-12,Free Installation,0.0,Yes,2024-03-17,Loyal,No
OFF005197,0396-HUJBP,2025-07-20,10% Discount,1.93,No,,New,No
OFF005198,3530-CRZSB,2025-09-24,Premium Support,0.0,No,,New,No
OFF005199,9617-INGJY,2023-04-04,30% Discount,14.12,Yes,2023-04-06,New,No
OFF005200,7234-KMNRQ,2024-08-09,Cashback ₹500,500.0,No,,New,No
OFF005201,7636-PEPNS,2025-12-16,Cashback ₹500,500.0,Yes,2025-12-18,Loyal,No
OFF005202,9052-DHNKM,2025-07-08,30% Discount,18.46,No,,Regular,No
OFF005203,6794-HKIAJ,2024-04-28,Free Installation,0.0,No,,Loyal,No
OFF005204,5578-NKCXI,2025-11-04,Free 3 Months Streaming,0.0,Yes,2025-11-10,Loyal,No
OFF005205,1642-HMARX,2023-11-25,20% Discount,18.34,No,,Loyal,No
OFF005206,8434-PNQZX,2025-02-03,Free Installation,0.0,No,,Loyal,No
OFF005207,9618-LFJRU,2025-05-06,Free Upgrade,0.0,Yes,2025-05-11,New,No
OFF005208,0744-GKNGE,2025-01-18,Extra 100GB Data,100.0,Yes,2025-01-23,Loyal,No
OFF005209,1167-OYZJF,2025-04-07,30% Discount,4.01,Yes,2025-04-14,Loyal,No
OFF005210,4854-SSLTN,2024-01-14,30% Discount,11.9,Yes,2024-01-17,New,No
OFF005211,4854-SSLTN,2023-02-15,Extra 100GB Data,100.0,Yes,2023-02-22,New,No
OFF005212,0603-OLQDC,2023-10-07,Loyalty Reward,0.0,No,,Regular,No
OFF005213,3272-VUHPV,2024-11-13,20% Discount,16.89,Yes,2024-11-15,New,No
OFF005214,4176-FXYBO,2024-05-01,20% Discount,32.86,Yes,2024-05-04,Loyal,No
OFF005215,1063-DHQJF,2025-07-10,Cashback ₹500,500.0,Yes,2025-07-12,Loyal,No
OFF005216,6719-FGEDO,2024-09-22,Extra 100GB Data,100.0,Yes,2024-09-27,Loyal,No
OFF005217,0369-ZGOVK,2023-07-05,Premium Support,0.0,No,,Regular,No
OFF005218,7872-BAAZR,2023-08-01,Free Installation,0.0,Yes,2023-08-03,Loyal,No
OFF005219,8174-TBVCF,2024-10-11,Free Installation,0.0,Yes,2024-10-12,Loyal,No
OFF005220,1698-XFZCI,2024-03-02,Premium Support,0.0,Yes,2024-03-04,Loyal,No
OFF005221,1877-HKBQX,2024-11-22,10% Discount,10.92,Yes,2024-11-28,New,No
OFF005222,1877-HKBQX,2024-10-25,Cashback ₹500,500.0,Yes,2024-10-28,New,No
OFF005223,0428-AXXLJ,2025-09-14,Cashback ₹500,500.0,Yes,2025-09-19,Regular,No
OFF005224,3739-YBWAB,2025-11-21,Free 3 Months Streaming,0.0,Yes,2025-11-23,Loyal,No
OFF005225,7047-FWEYA,2025-06-01,Free Upgrade,0.0,No,,Loyal,No
OFF005226,2000-MPKCA,2024-02-27,Free 3 Months Streaming,0.0,Yes,2024-02-28,Loyal,No
OFF005227,5473-KHBPS,2025-01-18,Cashback ₹500,500.0,No,,Loyal,No
OFF005228,0100-DUVFC,2023-04-23,Free 3 Months Streaming,0.0,Yes,2023-04-26,Loyal,No
OFF005229,6773-LQTVT,2024-04-09,Cashback ₹500,500.0,Yes,2024-04-16,Regular,No
OFF005230,2669-OIDSD,2024-01-07,30% Discount,20.01,No,,Loyal,No
OFF005231,0247-SLUJI,2025-11-12,20% Discount,3.94,Yes,2025-11-13,New,No
OFF005232,0247-SLUJI,2024-01-26,20% Discount,1.97,No,,New,No
OFF005233,6483-OATDN,2023-05-18,Cashback ₹500,500.0,Yes,2023-05-19,New,No
OFF005234,1293-HHSHJ,2023-02-24,Loyalty Reward,0.0,No,,Regular,No
OFF005235,4840-ORQXB,2024-01-26,Free Upgrade,0.0,Yes,2024-01-28,Loyal,No
OFF005236,3982-DQLUS,2025-10-24,Free Upgrade,0.0,No,,Loyal,No
OFF005237,8610-ZIKJJ,2024-05-02,Cashback ₹500,500.0,Yes,2024-05-04,New,No
OFF005238,6060-QBMGV,2023-04-20,30% Discount,3.97,Yes,2023-04-26,Loyal,No
OFF005239,2828-SLQPF,2024-11-11,30% Discount,13.5,Yes,2024-11-13,Regular,No
OFF005240,2558-BUOZZ,2023-07-14,Cashback ₹500,500.0,Yes,2023-07-17,Loyal,No
OFF005241,0975-UYDTX,2024-10-14,30% Discount,18.02,Yes,2024-10-18,Regular,No
OFF005242,0975-VOOVL,2024-02-16,Premium Support,0.0,Yes,2024-02-20,New,No
OFF005243,0975-VOOVL,2023-09-17,30% Discount,5.84,No,,New,No
OFF005244,5968-VXZLG,2023-01-01,Free Upgrade,0.0,Yes,2023-01-04,New,No
OFF005245,9799-CAYJJ,2023-11-14,30% Discount,6.93,Yes,2023-11-20,New,No
OFF005246,9799-CAYJJ,2023-07-22,Cashback ₹500,500.0,Yes,2023-07-28,New,No
OFF005247,3678-MNGZX,2025-10-13,20% Discount,5.98,No,,Loyal,No
OFF005248,1335-NTIUC,2025-07-23,10% Discount,4.99,Yes,2025-07-27,New,No
OFF005249,4558-CGYCZ,2023-03-02,Premium Support,0.0,Yes,2023-03-06,New,No
OFF005250,2368-GAKKQ,2024-02-16,Free Upgrade,0.0,Yes,2024-02-19,Loyal,No
OFF005251,3199-XGZCY,2024-05-19,10% Discount,15.05,No,,New,No
OFF005252,3199-XGZCY,2025-01-13,Free Installation,0.0,Yes,2025-01-19,New,No
OFF005253,3785-KTYSH,2023-02-05,Cashback ₹500,500.0,Yes,2023-02-08,Loyal,No
OFF005254,6814-ZPWFQ,2025-06-09,Free Installation,0.0,Yes,2025-06-10,Loyal,No
OFF005255,4063-EIKNQ,2023-03-21,Free Installation,0.0,Yes,2023-03-24,New,No
OFF005256,5019-GQVCR,2024-07-01,30% Discount,16.97,Yes,2024-07-04,Loyal,No
OFF005257,2550-AEVRU,2025-10-18,Free Upgrade,0.0,Yes,2025-10-19,Loyal,No
OFF005258,0378-CJKPV,2024-06-28,20% Discount,11.21,Yes,2024-06-28,Loyal,No
OFF005259,4311-QTTAI,2025-10-24,20% Discount,3.87,Yes,2025-10-28,Regular,No
OFF005260,4318-RAJVY,2024-01-08,Cashback ₹500,500.0,No,,New,No
OFF005261,4318-RAJVY,2025-05-15,Cashback ₹500,500.0,Yes,2025-05-16,New,No
OFF005262,5062-CJJKH,2023-10-16,Loyalty Reward,0.0,No,,Regular,No
OFF005263,1053-MXTTK,2023-11-04,Cashback ₹500,500.0,Yes,2023-11-09,Loyal,No
OFF005264,1301-LOPVR,2025-01-21,Free 3 Months Streaming,0.0,Yes,2025-01-22,Regular,No
OFF005265,0853-TWRVK,2023-10-09,Premium Support,0.0,No,,Loyal,No
OFF005266,6212-ATMLK,2024-06-19,Cashback ₹500,500.0,Yes,2024-06-24,Loyal,No
OFF005267,6897-RWMUB,2024-09-10,20% Discount,6.8,Yes,2024-09-11,Loyal,No
OFF005268,6999-CHVCF,2025-01-25,Free Upgrade,0.0,Yes,2025-01-28,Loyal,No
OFF005269,6134-KWTBV,2023-09-17,Extra 100GB Data,100.0,Yes,2023-09-18,Loyal,No
OFF005270,1077-HUUJM,2025-08-06,Free Installation,0.0,No,,New,No
OFF005271,6741-EGCBI,2023-12-23,30% Discount,18.1,No,,Regular,No
OFF005272,6696-YDAYZ,2023-09-24,30% Discount,2.05,No,,Regular,No
OFF005273,1730-ZMAME,2023-10-11,30% Discount,23.85,Yes,2023-10-13,Regular,No
OFF005274,6506-EYCNH,2025-08-26,Premium Support,0.0,Yes,2025-08-28,Regular,No
OFF005275,7860-UXCRM,2023-12-07,Free Upgrade,0.0,Yes,2023-12-10,Loyal,No
OFF005276,6357-JJPQT,2024-07-05,Free Upgrade,0.0,No,,New,No
OFF005277,6357-JJPQT,2024-07-09,Premium Support,0.0,No,,New,No
OFF005278,5913-INRQV,2025-07-04,30% Discount,9.02,Yes,2025-07-07,Regular,No
OFF005279,8734-FNWVH,2025-04-11,Loyalty Reward,0.0,Yes,2025-04-12,Regular,No
OFF005280,9447-YPTBX,2024-10-01,Free Installation,0.0,Yes,2024-10-04,Loyal,No
OFF005281,9026-LHEVG,2023-03-24,Free Upgrade,0.0,No,,New,No
OFF005282,9026-LHEVG,2025-02-24,Loyalty Reward,0.0,No,,New,No
OFF005283,7011-CVEUC,2024-06-05,Loyalty Reward,0.0,No,,Regular,No
OFF005284,6185-TASNN,2025-03-26,Premium Support,0.0,No,,New,No
OFF005285,6185-TASNN,2024-02-04,30% Discount,13.89,Yes,2024-02-05,New,No
OFF005286,8148-BPLZQ,2024-09-15,Loyalty Reward,0.0,Yes,2024-09-18,Regular,No
OFF005287,9987-LUTYD,2023-11-23,Free Upgrade,0.0,Yes,2023-11-24,Regular,No
OFF005288,4488-KQFDT,2024-10-27,10% Discount,31.18,Yes,2024-10-28,Loyal,No
OFF005289,6479-VDGRK,2024-04-28,Extra 100GB Data,100.0,Yes,2024-04-28,Loyal,No
OFF005290,9373-WSLOY,2025-09-16,20% Discount,5.0,Yes,2025-09-18,Regular,No
OFF005291,9544-PYPSJ,2024-04-25,10% Discount,19.22,Yes,2024-04-27,Loyal,No
OFF005292,3243-ZHOHY,2024-12-20,Cashback ₹500,500.0,No,,Regular,No
OFF005293,5186-EJEGL,2024-09-16,10% Discount,6.95,Yes,2024-09-19,New,No
OFF005294,5186-EJEGL,2024-03-22,Cashback ₹500,500.0,Yes,2024-03-28,New,No
OFF005295,7527-QNRUS,2025-05-12,30% Discount,5.03,Yes,2025-05-18,Regular,No
OFF005296,0487-CRLZF,2023-09-14,Extra 100GB Data,100.0,No,,Loyal,No
OFF005297,2107-FBPTK,2023-08-13,30% Discount,10.41,Yes,2023-08-14,Regular,No
OFF005298,9738-QLWTP,2025-01-10,20% Discount,16.38,No,,Loyal,No
OFF005299,1016-DJTSV,2024-12-27,Extra 100GB Data,100.0,No,,New,No
OFF005300,1016-DJTSV,2023-05-11,Premium Support,0.0,Yes,2023-05-18,New,No
OFF005301,9419-IPPBE,2023-01-06,Free 3 Months Streaming,0.0,Yes,2023-01-09,Loyal,No
OFF005302,0174-QRVVY,2023-02-18,Free Upgrade,0.0,Yes,2023-02-23,Loyal,No
OFF005303,5699-BNCAS,2024-08-28,Free Upgrade,0.0,Yes,2024-08-28,Loyal,No
OFF005304,2900-PHPLN,2025-03-27,20% Discount,1.96,Yes,2025-03-28,Loyal,No
OFF005305,6878-GGDWG,2025-05-23,Premium Support,0.0,Yes,2025-05-25,Regular,No
OFF005306,4039-PIMHX,2025-05-22,Free Upgrade,0.0,Yes,2025-05-27,Loyal,No
OFF005307,2259-OUUSZ,2024-05-22,Loyalty Reward,0.0,Yes,2024-05-28,New,No
OFF005308,1142-IHLOO,2024-12-15,Premium Support,0.0,No,,Loyal,No
OFF005309,4633-MKHYU,2024-07-16,Extra 100GB Data,100.0,Yes,2024-07-23,New,No
OFF005310,6257-RJOHI,2025-06-20,10% Discount,10.16,No,,New,No
OFF005311,6257-RJOHI,2025-02-15,30% Discount,5.08,No,,New,No
OFF005312,7826-VVKWT,2023-01-02,Free Installation,0.0,Yes,2023-01-07,Regular,No
OFF005313,2587-EKXTS,2024-07-08,Premium Support,0.0,Yes,2024-07-11,Loyal,No
OFF005314,9753-OYLBX,2024-11-28,Free Installation,0.0,No,,New,No
OFF005315,9753-OYLBX,2024-11-18,Free 3 Months Streaming,0.0,No,,New,No
OFF005316,6656-JWRQX,2023-12-04,Free 3 Months Streaming,0.0,Yes,2023-12-07,New,No
OFF005317,2842-BCQGE,2024-12-16,Cashback ₹500,500.0,No,,Loyal,No
OFF005318,2150-WLKUW,2025-02-04,Premium Support,0.0,Yes,2025-02-11,Loyal,No
OFF005319,7159-FVYPK,2024-03-18,30% Discount,13.83,Yes,2024-03-24,New,No
OFF005320,9483-GCPWE,2024-01-04,Extra 100GB Data,100.0,Yes,2024-01-09,New,No
OFF005321,4993-JCRGJ,2025-04-13,Extra 100GB Data,100.0,Yes,2025-04-16,Regular,No
OFF005322,9537-JALFH,2023-08-03,30% Discount,5.97,No,,Loyal,No
OFF005323,6698-OXETB,2023-02-25,Free Installation,0.0,No,,New,No
OFF005324,6698-OXETB,2025-05-19,10% Discount,6.12,Yes,2025-05-23,New,No
OFF005325,3724-BSCVH,2025-01-12,30% Discount,4.09,Yes,2025-01-13,New,No
OFF005326,3724-BSCVH,2023-05-16,Premium Support,0.0,Yes,2023-05-18,New,No
OFF005327,9209-NWPGU,2023-03-05,30% Discount,6.54,No,,Loyal,No
OFF005328,5288-AHOUP,2025-09-20,Free Upgrade,0.0,Yes,2025-09-23,New,No
OFF005329,5288-AHOUP,2023-11-02,Premium Support,0.0,No,,New,No
OFF005330,0655-YDGFJ,2025-07-14,30% Discount,4.9,Yes,2025-07-16,Regular,No
OFF005331,8328-SKJNO,2024-09-08,30% Discount,8.13,No,,Regular,No
OFF005332,6352-GIGGQ,2023-06-20,Free Installation,0.0,Yes,2023-06-21,Loyal,No
OFF005333,3082-YVEKW,2023-06-10,10% Discount,23.14,Yes,2023-06-11,Regular,No
OFF005334,3489-HHPFY,2023-04-13,30% Discount,16.81,Yes,2023-04-17,New,No
OFF005335,2926-JEJJC,2023-04-26,Extra 100GB Data,100.0,No,,New,No
OFF005336,2926-JEJJC,2024-10-12,30% Discount,6.06,Yes,2024-10-18,New,No
OFF005337,4950-BDEUX,2023-07-12,Extra 100GB Data,100.0,Yes,2023-07-18,Regular,No
OFF005338,5789-LDFXO,2025-06-27,Extra 100GB Data,100.0,Yes,2025-06-28,Regular,No
OFF005339,2984-TBYKU,2025-01-01,Loyalty Reward,0.0,Yes,2025-01-07,Loyal,No
OFF005340,1548-ARAGG,2025-12-10,Free Upgrade,0.0,Yes,2025-12-15,New,No
OFF005341,1548-ARAGG,2023-10-01,Free 3 Months Streaming,0.0,No,,New,No
OFF005342,6339-RZCBJ,2024-11-11,Free 3 Months Streaming,0.0,Yes,2024-11-16,Loyal,No
OFF005343,0412-UCCNP,2024-12-26,20% Discount,5.92,Yes,2024-12-28,Loyal,No
OFF005344,1816-FLZDK,2023-05-20,Premium Support,0.0,No,,New,No
OFF005345,7096-UCLNH,2024-04-11,Free Upgrade,0.0,Yes,2024-04-18,New,No
OFF005346,7096-UCLNH,2024-11-15,30% Discount,4.01,Yes,2024-11-17,New,No
OFF005347,8885-QSQBX,2025-05-28,Free Installation,0.0,Yes,2025-05-28,New,No
OFF005348,8885-QSQBX,2025-10-16,Free 3 Months Streaming,0.0,Yes,2025-10-22,New,No
OFF005349,8617-ENBDS,2025-04-19,Premium Support,0.0,Yes,2025-04-25,New,No
OFF005350,8617-ENBDS,2023-10-20,Premium Support,0.0,Yes,2023-10-27,New,No
OFF005351,6674-KVJHG,2025-04-04,Extra 100GB Data,100.0,No,,New,No
OFF005352,6674-KVJHG,2024-08-17,10% Discount,5.04,No,,New,No
OFF005353,1814-DKOLC,2025-02-09,20% Discount,7.63,Yes,2025-02-16,New,No
OFF005354,9351-HXDMR,2023-09-06,Loyalty Reward,0.0,Yes,2023-09-10,Loyal,No
OFF005355,5821-MMEIL,2023-10-16,Free 3 Months Streaming,0.0,Yes,2023-10-18,Loyal,No
OFF005356,9631-XEYKE,2024-05-22,10% Discount,15.12,Yes,2024-05-24,New,No
OFF005357,9631-XEYKE,2024-03-13,Extra 100GB Data,100.0,No,,New,No
OFF005358,1335-MXCSE,2025-01-15,Premium Support,0.0,Yes,2025-01-21,Loyal,No
OFF005359,8873-TMKGR,2024-01-07,Extra 100GB Data,100.0,Yes,2024-01-13,Regular,No
OFF005360,8800-JOOCF,2025-03-21,Premium Support,0.0,Yes,2025-03-27,Regular,No
OFF005361,2386-OWURY,2023-02-16,Premium Support,0.0,Yes,2023-02-19,Loyal,No
OFF005362,3453-RTHJQ,2023-06-23,Free Upgrade,0.0,Yes,2023-06-28,New,No
OFF005363,3453-RTHJQ,2024-06-28,Loyalty Reward,0.0,No,,New,No
OFF005364,4280-DLSHD,2024-09-04,Cashback ₹500,500.0,Yes,2024-09-06,New,No
OFF005365,4280-DLSHD,2024-10-26,20% Discount,10.95,No,,New,No
OFF005366,1508-DFXCU,2024-02-18,30% Discount,24.43,Yes,2024-02-25,Regular,No
OFF005367,7868-BGSZA,2024-04-13,Free 3 Months Streaming,0.0,Yes,2024-04-19,Loyal,No
OFF005368,2800-QQUSO,2024-07-04,Premium Support,0.0,Yes,2024-07-08,Loyal,No
OFF005369,7973-DZRKH,2025-08-20,Premium Support,0.0,Yes,2025-08-22,Loyal,No
OFF005370,7698-YFGEZ,2024-05-22,Free Installation,0.0,Yes,2024-05-27,New,No
OFF005371,9773-PEQBZ,2025-04-13,Cashback ₹500,500.0,No,,New,No
OFF005372,7785-RDVIG,2023-06-08,20% Discount,5.79,Yes,2023-06-12,New,No
OFF005373,7785-RDVIG,2025-01-02,30% Discount,5.79,Yes,2025-01-03,New,No
OFF005374,9602-WCXPI,2024-02-07,Free Installation,0.0,No,,Loyal,No
OFF005375,2903-YYTBW,2023-10-08,10% Discount,8.91,No,,New,No
OFF005376,2903-YYTBW,2024-01-06,Free 3 Months Streaming,0.0,Yes,2024-01-13,New,No
OFF005377,3620-MWJNE,2025-10-16,Premium Support,0.0,No,,New,No
OFF005378,3620-MWJNE,2025-01-15,Cashback ₹500,500.0,No,,New,No
OFF005379,8573-JGCZW,2024-03-21,Cashback ₹500,500.0,No,,Regular,No
OFF005380,6701-YVNQG,2023-11-16,Premium Support,0.0,Yes,2023-11-23,Loyal,No
OFF005381,8819-ZBYNA,2024-08-08,10% Discount,21.82,Yes,2024-08-09,Loyal,No
OFF005382,9481-IEBZY,2023-09-24,10% Discount,11.29,Yes,2023-09-27,Loyal,No
OFF005383,6137-NICCO,2023-12-10,Cashback ₹500,500.0,No,,New,No
OFF005384,6402-EJMWF,2024-11-04,Free Upgrade,0.0,Yes,2024-11-08,New,No
OFF005385,6402-EJMWF,2025-01-17,30% Discount,5.53,No,,New,No
OFF005386,6870-ECSHE,2023-11-03,20% Discount,4.09,Yes,2023-11-07,New,No
OFF005387,6870-ECSHE,2023-06-21,Free Upgrade,0.0,No,,New,No
OFF005388,8747-UDCOI,2024-02-08,Free Installation,0.0,No,,Loyal,No
OFF005389,4626-OZDTJ,2024-07-22,Free Upgrade,0.0,No,,Loyal,No
OFF005390,8194-PEEBY,2024-11-13,Free 3 Months Streaming,0.0,No,,Regular,No
OFF005391,8387-UGUSU,2024-01-05,Free Upgrade,0.0,Yes,2024-01-11,Regular,No
OFF005392,1194-HVAIF,2024-12-28,Free 3 Months Streaming,0.0,Yes,2024-12-28,Regular,No
OFF005393,1767-TGTKO,2024-05-18,Extra 100GB Data,100.0,Yes,2024-05-20,New,No
OFF005394,1767-TGTKO,2024-08-03,10% Discount,9.09,No,,New,No
OFF005395,8439-LTUGF,2024-07-12,Free Upgrade,0.0,Yes,2024-07-17,New,No
OFF005396,8805-JNRAZ,2024-05-15,Premium Support,0.0,Yes,2024-05-22,New,No
OFF005397,8805-JNRAZ,2024-11-19,30% Discount,14.76,Yes,2024-11-22,New,No
OFF005398,0206-OYVOC,2024-04-16,Extra 100GB Data,100.0,Yes,2024-04-21,Loyal,No
OFF005399,7291-CDTMJ,2023-11-20,Loyalty Reward,0.0,No,,New,No
OFF005400,7291-CDTMJ,2025-10-01,10% Discount,5.89,Yes,2025-10-07,New,No
OFF005401,7128-GGCNO,2024-09-07,Cashback ₹500,500.0,Yes,2024-09-10,Loyal,No
OFF005402,0237-YFUTL,2023-12-08,Free Installation,0.0,Yes,2023-12-11,Loyal,No
OFF005403,6710-HSJRD,2025-08-07,Free Upgrade,0.0,Yes,2025-08-12,Loyal,No
OFF005404,3675-EQOZA,2025-01-01,Extra 100GB Data,100.0,Yes,2025-01-03,New,No
OFF005405,1732-FEKLD,2024-02-27,20% Discount,18.95,No,,Loyal,No
OFF005406,0479-HMSWA,2024-07-09,Extra 100GB Data,100.0,Yes,2024-07-12,Regular,No
OFF005407,5854-KSRBJ,2023-03-01,Free Upgrade,0.0,No,,Loyal,No
OFF005408,3129-AAQOU,2024-05-03,Loyalty Reward,0.0,No,,Regular,No
OFF005409,1357-BIJKI,2025-06-15,Free Upgrade,0.0,No,,Loyal,No
OFF005410,2018-PZKMU,2023-11-05,Extra 100GB Data,100.0,Yes,2023-11-07,New,No
OFF005411,2018-PZKMU,2024-05-03,Extra 100GB Data,100.0,Yes,2024-05-06,New,No
OFF005412,7340-KEFQE,2023-09-06,10% Discount,6.84,Yes,2023-09-10,Loyal,No
OFF005413,4570-QHXHL,2023-01-20,Free Upgrade,0.0,Yes,2023-01-22,New,No
OFF005414,4570-QHXHL,2024-12-05,Loyalty Reward,0.0,No,,New,No
OFF005415,9470-RTWDV,2024-10-01,Premium Support,0.0,Yes,2024-10-05,Regular,No
OFF005416,2176-OSJUV,2024-02-05,Free 3 Months Streaming,0.0,Yes,2024-02-06,Loyal,No
OFF005417,9348-YVOMK,2023-11-22,Premium Support,0.0,No,,New,No
OFF005418,9348-YVOMK,2025-02-07,Extra 100GB Data,100.0,No,,New,No
OFF005419,8104-OSKWT,2025-02-25,Free Upgrade,0.0,No,,Regular,No
OFF005420,2592-HODOV,2025-05-17,Loyalty Reward,0.0,Yes,2025-05-19,Regular,No
OFF005421,7995-ZHHNZ,2024-03-19,Free Upgrade,0.0,No,,Loyal,No
OFF005422,3824-RHKVR,2024-10-15,Free Installation,0.0,Yes,2024-10-22,Regular,No
OFF005423,5816-SCGFC,2023-07-21,Free 3 Months Streaming,0.0,Yes,2023-07-26,New,No
OFF005424,5816-SCGFC,2024-10-02,Free Upgrade,0.0,No,,New,No
OFF005425,5989-AXPUC,2025-08-03,Loyalty Reward,0.0,Yes,2025-08-05,Loyal,No
OFF005426,4979-HPRFL,2024-08-08,30% Discount,2.42,No,,Loyal,No
OFF005427,9278-VZKCD,2025-03-09,Cashback ₹500,500.0,Yes,2025-03-16,Loyal,No
OFF005428,5206-XZZQI,2024-11-09,20% Discount,8.06,No,,Loyal,No
OFF005429,2139-FQHLM,2023-02-01,Extra 100GB Data,100.0,No,,Regular,No
OFF005430,1093-YSWCA,2025-08-11,Cashback ₹500,500.0,Yes,2025-08-18,New,No
OFF005431,1093-YSWCA,2025-01-22,Free Upgrade,0.0,Yes,2025-01-28,New,No
OFF005432,3882-IYOIJ,2023-01-02,Free Installation,0.0,No,,Loyal,No
OFF005433,3115-JPJDD,2023-01-14,Free 3 Months Streaming,0.0,No,,Loyal,No
OFF005434,5600-KTXFM,2023-09-21,Extra 100GB Data,100.0,No,,New,No
OFF005435,5600-KTXFM,2024-04-14,Cashback ₹500,500.0,No,,New,No
OFF005436,6339-TBELP,2024-02-16,20% Discount,25.92,Yes,2024-02-22,Loyal,No
OFF005437,7950-XWOVN,2024-08-08,Premium Support,0.0,Yes,2024-08-10,New,No
OFF005438,7950-XWOVN,2024-06-15,Extra 100GB Data,100.0,Yes,2024-06-22,New,No
OFF005439,8849-PRIQJ,2025-05-07,Extra 100GB Data,100.0,Yes,2025-05-13,Loyal,No
OFF005440,5396-IZEPB,2024-12-26,Free Upgrade,0.0,Yes,2024-12-27,New,No
OFF005441,5396-IZEPB,2025-08-23,Cashback ₹500,500.0,No,,New,No
OFF005442,0701-TJSEF,2023-07-13,20% Discount,6.83,Yes,2023-07-19,New,No
OFF005443,0701-TJSEF,2023-01-26,Premium Support,0.0,No,,New,No
OFF005444,6629-LADHQ,2023-09-17,Free 3 Months Streaming,0.0,No,,New,No
OFF005445,6629-LADHQ,2024-08-15,Loyalty Reward,0.0,Yes,2024-08-20,New,No
OFF005446,1559-DTODC,2024-06-16,30% Discount,7.54,Yes,2024-06-17,Regular,No
OFF005447,4797-MIWUM,2023-08-24,Free Installation,0.0,Yes,2023-08-25,New,No
OFF005448,8720-RQSBJ,2025-07-20,Cashback ₹500,500.0,Yes,2025-07-26,New,No
OFF005449,8720-RQSBJ,2023-08-20,Free Installation,0.0,No,,New,No
OFF005450,4495-LHSSK,2023-02-20,Free 3 Months Streaming,0.0,Yes,2023-02-26,Regular,No
OFF005451,5915-ANOEI,2024-06-03,30% Discount,7.92,Yes,2024-06-08,Loyal,No
OFF005452,9861-PDSZP,2024-07-05,Extra 100GB Data,100.0,Yes,2024-07-11,Loyal,No
OFF005453,2019-HDCZY,2023-06-26,Cashback ₹500,500.0,Yes,2023-06-28,Loyal,No
OFF005454,8788-DOXSU,2025-05-13,Free 3 Months Streaming,0.0,Yes,2025-05-18,Loyal,No
OFF005455,7404-JLKQG,2024-03-14,Loyalty Reward,0.0,No,,New,No
OFF005456,7404-JLKQG,2024-01-18,30% Discount,11.51,Yes,2024-01-21,New,No
OFF005457,3274-NSDWE,2025-01-26,20% Discount,5.88,Yes,2025-01-28,Loyal,No
OFF005458,2632-IVXVF,2024-12-10,Premium Support,0.0,No,,Loyal,No
OFF005459,8915-NNTRC,2025-11-16,Free Installation,0.0,No,,Loyal,No
OFF005460,2920-RNCEZ,2024-12-26,Free 3 Months Streaming,0.0,Yes,2024-12-27,New,No
OFF005461,4778-IZARL,2025-04-07,Free 3 Months Streaming,0.0,Yes,2025-04-08,Loyal,No
OFF005462,7008-LZVOZ,2024-09-25,Cashback ₹500,500.0,Yes,2024-09-28,Loyal,No
OFF005463,6194-HBGQN,2024-10-02,20% Discount,16.23,Yes,2024-10-06,Loyal,No
OFF005464,6986-IXNDM,2025-04-01,Free 3 Months Streaming,0.0,No,,Regular,No
OFF005465,2987-BJXIK,2025-10-07,Free Installation,0.0,Yes,2025-10-10,Loyal,No
OFF005466,6023-GSSXW,2025-11-06,Cashback ₹500,500.0,No,,Loyal,No
OFF005467,7446-KQISO,2025-12-25,20% Discount,10.98,No,,Loyal,No
OFF005468,5803-NQJZO,2024-02-10,Cashback ₹500,500.0,Yes,2024-02-16,Loyal,No
OFF005469,2607-DHDAK,2025-03-25,20% Discount,5.94,Yes,2025-03-28,Loyal,No
OFF005470,0743-HRVFF,2025-02-15,Cashback ₹500,500.0,No,,Loyal,No
OFF005471,4006-HKYHO,2023-06-03,30% Discount,17.34,No,,Loyal,No
OFF005472,3727-JEZTU,2024-11-20,30% Discount,4.08,Yes,2024-11-21,New,No
OFF005473,8143-ETQTI,2024-11-21,Free Installation,0.0,Yes,2024-11-24,Regular,No
OFF005474,3657-COGMW,2023-12-22,20% Discount,10.81,Yes,2023-12-28,Loyal,No
OFF005475,8570-KLJYJ,2024-12-19,10% Discount,16.34,Yes,2024-12-24,Loyal,No
OFF005476,2969-WGHQO,2024-01-13,Premium Support,0.0,Yes,2024-01-19,New,No
OFF005477,1329-VHWNP,2024-12-20,30% Discount,7.51,Yes,2024-12-27,New,No
OFF005478,1329-VHWNP,2024-10-19,Premium Support,0.0,Yes,2024-10-25,New,No
OFF005479,4098-NAUKP,2023-05-11,Free Installation,0.0,Yes,2023-05-14,Loyal,No
OFF005480,4608-LCIMN,2024-08-25,10% Discount,4.46,No,,New,No
OFF005481,0603-TPMIB,2025-05-22,Extra 100GB Data,100.0,No,,Loyal,No
OFF005482,8161-QYMTT,2025-04-08,Loyalty Reward,0.0,Yes,2025-04-11,New,No
OFF005483,9581-GVBXT,2025-01-10,Free 3 Months Streaming,0.0,No,,Loyal,No
OFF005484,5862-BRIXZ,2023-02-08,Extra 100GB Data,100.0,Yes,2023-02-11,Loyal,No
OFF005485,5404-GGUKR,2024-07-10,Extra 100GB Data,100.0,No,,New,No
OFF005486,3308-JSGML,2024-10-05,Extra 100GB Data,100.0,No,,Loyal,No
OFF005487,2126-GSEGL,2024-09-06,20% Discount,25.44,Yes,2024-09-11,Loyal,No
OFF005488,8152-VETUR,2025-01-17,Premium Support,0.0,No,,Loyal,No
OFF005489,7446-YPODE,2024-01-27,Premium Support,0.0,No,,New,No
OFF005490,4676-WLUHT,2023-09-25,20% Discount,13.86,No,,Loyal,No
OFF005491,7980-MHFLQ,2024-07-03,Free Installation,0.0,Yes,2024-07-08,Loyal,No
OFF005492,0757-WCUUZ,2024-12-11,Free Upgrade,0.0,Yes,2024-12-12,Loyal,No
OFF005493,9140-CZQZZ,2025-08-16,20% Discount,7.96,Yes,2025-08-23,Loyal,No
OFF005494,9938-TKDGL,2023-06-18,Free Upgrade,0.0,Yes,2023-06-24,Loyal,No
OFF005495,0531-ZZJWQ,2025-01-21,Free Upgrade,0.0,Yes,2025-01-26,Loyal,No
OFF005496,6537-QLGEX,2025-04-15,Premium Support,0.0,Yes,2025-04-19,Regular,No
OFF005497,2688-BHGOG,2025-04-16,Free Upgrade,0.0,No,,New,No
OFF005498,5606-AMZBO,2024-01-02,Extra 100GB Data,100.0,Yes,2024-01-07,New,No
OFF005499,5606-AMZBO,2024-02-22,10% Discount,7.82,Yes,2024-02-28,New,No
OFF005500,6199-IPCAO,2025-05-24,Free Upgrade,0.0,Yes,2025-05-25,Regular,No
OFF005501,5640-CAXOA,2025-04-24,Extra 100GB Data,100.0,Yes,2025-04-25,Regular,No
OFF005502,2235-EZAIK,2024-05-27,Cashback ₹500,500.0,Yes,2024-05-28,Loyal,No
OFF005503,1453-RZFON,2025-08-22,Free 3 Months Streaming,0.0,Yes,2025-08-28,New,No
OFF005504,1453-RZFON,2025-02-18,Cashback ₹500,500.0,Yes,2025-02-25,New,No
OFF005505,8263-OKETD,2024-12-20,20% Discount,13.78,Yes,2024-12-27,Regular,No
OFF005506,0670-KDOMA,2024-08-09,Loyalty Reward,0.0,Yes,2024-08-13,New,No
OFF005507,0829-XXPLX,2025-11-24,Extra 100GB Data,100.0,No,,Regular,No
OFF005508,6624-JDRDS,2023-06-17,10% Discount,5.89,Yes,2023-06-20,New,No
OFF005509,6624-JDRDS,2025-08-22,Free Upgrade,0.0,Yes,2025-08-27,New,No
OFF005510,9780-FKVVF,2024-08-13,Cashback ₹500,500.0,Yes,2024-08-20,New,No
OFF005511,3345-PBBFH,2025-04-17,Free Upgrade,0.0,Yes,2025-04-19,New,No
OFF005512,2190-PHBHR,2025-08-27,Premium Support,0.0,Yes,2025-08-28,Loyal,No
OFF005513,2650-GYRYL,2025-06-23,Loyalty Reward,0.0,No,,Regular,No
OFF005514,5208-FVQKB,2024-05-22,30% Discount,6.8,No,,Loyal,No
OFF005515,7184-LRUUR,2023-02-04,Cashback ₹500,500.0,No,,Regular,No
OFF005516,6627-CFOSN,2024-02-03,20% Discount,29.84,No,,Loyal,No
OFF005517,3982-JGSFD,2024-08-27,Loyalty Reward,0.0,Yes,2024-08-28,Loyal,No
OFF005518,1574-DYCWE,2024-11-08,Premium Support,0.0,Yes,2024-11-12,Loyal,No
OFF005519,2466-FCCPT,2023-09-04,20% Discount,5.91,Yes,2023-09-10,Regular,No
OFF005520,6211-WWLTF,2023-07-28,Free 3 Months Streaming,0.0,Yes,2023-07-28,Loyal,No
OFF005521,8910-LEDAG,2025-11-27,Loyalty Reward,0.0,Yes,2025-11-28,Regular,No
OFF005522,3452-GWUIN,2025-04-14,Cashback ₹500,500.0,No,,Regular,No
OFF005523,3724-UCSHY,2024-02-25,Free Upgrade,0.0,Yes,2024-02-28,New,No
OFF005524,8626-XHBIE,2024-02-16,Free 3 Months Streaming,0.0,Yes,2024-02-17,Loyal,No
OFF005525,4439-YRNVD,2023-04-08,30% Discount,3.62,No,,New,No
OFF005526,2208-UGTGR,2025-06-09,Free Upgrade,0.0,No,,Loyal,No
OFF005527,8670-MEFCP,2025-04-03,Loyalty Reward,0.0,No,,Loyal,No
OFF005528,3079-BCHLN,2024-05-23,30% Discount,5.97,Yes,2024-05-24,Loyal,No
OFF005529,7777-UNYHB,2024-10-27,Loyalty Reward,0.0,No,,Regular,No
OFF005530,8450-UYIBU,2024-09-03,Free Installation,0.0,Yes,2024-09-06,Regular,No
OFF005531,2969-VAPYH,2024-03-13,Extra 100GB Data,100.0,No,,Loyal,No
OFF005532,3836-FZSDJ,2025-03-13,Free Upgrade,0.0,Yes,2025-03-19,Loyal,No
OFF005533,9142-XMYJH,2024-01-28,10% Discount,5.81,Yes,2024-01-28,Regular,No
OFF005534,0187-QSXOE,2024-09-01,Cashback ₹500,500.0,Yes,2024-09-08,New,No
OFF005535,7733-UDMTP,2024-11-05,Free Upgrade,0.0,Yes,2024-11-09,Loyal,No
OFF005536,2465-BLLEU,2023-04-01,20% Discount,1.98,Yes,2023-04-07,New,No
OFF005537,2465-BLLEU,2025-08-16,Premium Support,0.0,Yes,2025-08-21,New,No
OFF005538,1685-VAYJF,2025-11-19,Extra 100GB Data,100.0,Yes,2025-11-25,New,No
OFF005539,1685-VAYJF,2025-06-24,30% Discount,9.04,No,,New,No
OFF005540,8874-EJNSR,2024-08-06,Cashback ₹500,500.0,Yes,2024-08-10,Loyal,No
OFF005541,4223-WOZCM,2023-07-15,Extra 100GB Data,100.0,Yes,2023-07-17,New,No
OFF005542,4223-WOZCM,2023-11-27,20% Discount,14.98,Yes,2023-11-28,New,No
OFF005543,7030-FZTFM,2023-11-04,Extra 100GB Data,100.0,No,,Loyal,No
OFF005544,9741-YLNTD,2024-06-13,Free Installation,0.0,Yes,2024-06-16,New,No
OFF005545,9741-YLNTD,2025-03-06,Premium Support,0.0,Yes,2025-03-09,New,No
OFF005546,5917-RYRMG,2025-01-10,Free Installation,0.0,Yes,2025-01-16,Regular,No
OFF005547,5120-ZBLAI,2024-01-11,Premium Support,0.0,No,,Loyal,No
OFF005548,0906-QVPMS,2024-01-18,Free Upgrade,0.0,Yes,2024-01-19,Loyal,No
OFF005549,1905-OEILC,2023-02-27,Free Installation,0.0,Yes,2023-02-28,New,No
OFF005550,3470-BTGQO,2025-02-10,30% Discount,13.69,Yes,2025-02-15,Regular,No
OFF005551,8224-DWCKX,2024-05-24,20% Discount,14.66,No,,Regular,No
OFF005552,6917-IAYHD,2024-02-23,Extra 100GB Data,100.0,Yes,2024-02-25,New,No
OFF005553,6917-IAYHD,2023-10-24,Cashback ₹500,500.0,Yes,2023-10-28,New,No
OFF005554,7103-ZGVNT,2023-11-02,Loyalty Reward,0.0,Yes,2023-11-08,Loyal,No
OFF005555,2027-WKXMW,2025-01-19,20% Discount,21.75,Yes,2025-01-24,Loyal,No
OFF005556,2961-VNFKL,2024-11-15,Premium Support,0.0,Yes,2024-11-22,Loyal,No
OFF005557,1768-HNVGJ,2024-02-04,Loyalty Reward,0.0,Yes,2024-02-11,Loyal,No
OFF005558,6963-KQYQB,2024-01-21,10% Discount,7.21,Yes,2024-01-28,Loyal,No
OFF005559,5934-RMPOV,2024-04-18,Premium Support,0.0,Yes,2024-04-22,Regular,No
OFF005560,8316-BBQAY,2023-01-11,Free Installation,0.0,No,,Loyal,No
OFF005561,1166-PQLGG,2024-06-10,Free 3 Months Streaming,0.0,Yes,2024-06-16,Loyal,No
OFF005562,3146-JTQHR,2024-10-01,Loyalty Reward,0.0,No,,New,No
OFF005563,4395-PZMSN,2025-11-26,Loyalty Reward,0.0,Yes,2025-11-28,New,No
OFF005564,4395-PZMSN,2024-11-01,20% Discount,8.55,No,,New,No
OFF005565,0017-IUDMW,2024-06-02,30% Discount,23.36,No,,Loyal,No
OFF005566,8706-HRADD,2023-05-27,Cashback ₹500,500.0,Yes,2023-05-28,Regular,No
OFF005567,5446-DKWYW,2023-12-02,Free 3 Months Streaming,0.0,Yes,2023-12-08,Loyal,No
OFF005568,2990-IAJSV,2023-01-06,Extra 100GB Data,100.0,Yes,2023-01-08,Loyal,No
OFF005569,8107-KNCIM,2025-10-04,Premium Support,0.0,Yes,2025-10-05,Regular,No
OFF005570,9027-YFHQJ,2023-03-03,Free Installation,0.0,No,,New,No
OFF005571,7926-IJOOU,2023-07-11,Free Upgrade,0.0,Yes,2023-07-18,New,No
OFF005572,7926-IJOOU,2025-02-22,Free 3 Months Streaming,0.0,Yes,2025-02-27,New,No
OFF005573,6480-YAGIY,2025-02-18,30% Discount,11.22,No,,Loyal,No
OFF005574,4029-HPFVY,2023-09-24,Free Installation,0.0,No,,New,No
OFF005575,7602-DBTOU,2024-06-05,20% Discount,3.92,No,,Loyal,No
OFF005576,5345-BMKWB,2023-06-05,10% Discount,2.02,Yes,2023-06-12,New,No
OFF005577,5457-COLHT,2024-04-08,Premium Support,0.0,Yes,2024-04-14,Loyal,No
OFF005578,7629-WFGLW,2023-03-23,Extra 100GB Data,100.0,Yes,2023-03-28,Loyal,No
OFF005579,6481-LXPWL,2024-08-08,30% Discount,10.83,Yes,2024-08-09,Loyal,No
OFF005580,6124-ACRHJ,2024-09-22,Cashback ₹500,500.0,No,,New,No
OFF005581,9625-RZFUK,2024-05-21,Free Upgrade,0.0,Yes,2024-05-28,Loyal,No
OFF005582,5161-UBZXI,2023-01-21,10% Discount,21.27,No,,Loyal,No
OFF005583,7919-ZODZZ,2023-12-04,Premium Support,0.0,No,,New,No
OFF005584,7919-ZODZZ,2023-07-02,30% Discount,6.59,Yes,2023-07-05,New,No
OFF005585,0565-JUPYD,2023-06-26,Extra 100GB Data,100.0,No,,Loyal,No
OFF005586,6867-ACCZI,2025-01-21,Free Installation,0.0,Yes,2025-01-25,Regular,No
OFF005587,5939-XAIXZ,2024-02-07,30% Discount,11.22,Yes,2024-02-13,Regular,No
OFF005588,9054-FOWNV,2025-07-12,Extra 100GB Data,100.0,Yes,2025-07-14,Regular,No
OFF005589,6195-MELTI,2023-04-13,Extra 100GB Data,100.0,No,,Loyal,No
OFF005590,2121-JAFOM,2025-09-13,Loyalty Reward,0.0,Yes,2025-09-18,Loyal,No
OFF005591,8818-DOPVL,2025-01-14,Cashback ₹500,500.0,Yes,2025-01-15,Loyal,No
OFF005592,5198-HQAEN,2024-10-26,30% Discount,26.91,Yes,2024-10-28,Regular,No
OFF005593,3572-UUHRS,2024-05-09,30% Discount,3.77,No,,Loyal,No
OFF005594,2692-PFYTJ,2023-04-02,30% Discount,7.72,Yes,2023-04-08,New,No
OFF005595,2692-PFYTJ,2023-04-05,Free Installation,0.0,No,,New,No
OFF005596,5955-EPOAZ,2023-09-16,Extra 100GB Data,100.0,Yes,2023-09-20,New,No
OFF005597,7044-YAACC,2024-05-17,Free Installation,0.0,No,,New,No
OFF005598,7044-YAACC,2025-10-21,30% Discount,7.02,Yes,2025-10-27,New,No
OFF005599,1506-YJTYT,2024-06-18,Extra 100GB Data,100.0,Yes,2024-06-19,Loyal,No
OFF005600,4123-DVHPH,2025-07-23,Free Upgrade,0.0,Yes,2025-07-25,New,No
OFF005601,7596-LDUXP,2024-05-16,Free 3 Months Streaming,0.0,Yes,2024-05-20,Regular,No
OFF005602,5651-CPDND,2025-10-09,30% Discount,4.6,No,,New,No
OFF005603,7729-XBTWX,2023-04-10,Loyalty Reward,0.0,No,,Loyal,No
OFF005604,9134-WYRVP,2023-09-02,Premium Support,0.0,Yes,2023-09-08,Loyal,No
OFF005605,3284-SVCRO,2024-09-28,Cashback ₹500,500.0,Yes,2024-09-28,Loyal,No
OFF005606,9732-OUYRN,2025-02-23,20% Discount,1.9,Yes,2025-02-26,Loyal,No
OFF005607,0559-CKHUS,2023-10-14,Free Upgrade,0.0,Yes,2023-10-15,Regular,No
OFF005608,7504-UWHNB,2024-06-25,Premium Support,0.0,Yes,2024-06-27,Regular,No
OFF005609,2582-FFFZR,2023-02-21,Free 3 Months Streaming,0.0,Yes,2023-02-23,Regular,No
OFF005610,8908-NMQTX,2024-10-03,30% Discount,19.68,Yes,2024-10-04,Loyal,No
OFF005611,1431-AIDJQ,2023-07-11,Loyalty Reward,0.0,Yes,2023-07-12,Regular,No
OFF005612,4369-NYSCF,2025-02-12,Free Installation,0.0,No,,Loyal,No
OFF005613,6333-YDVLT,2024-01-02,Free 3 Months Streaming,0.0,No,,Loyal,No
OFF005614,7394-LWLYN,2024-11-24,Cashback ₹500,500.0,Yes,2024-11-28,New,No
OFF005615,7394-LWLYN,2024-12-26,10% Discount,14.03,Yes,2024-12-28,New,No
OFF005616,0958-YHXGP,2023-06-23,Extra 100GB Data,100.0,Yes,2023-06-24,New,No
OFF005617,0958-YHXGP,2025-11-02,Loyalty Reward,0.0,Yes,2025-11-04,New,No
OFF005618,1101-SSWAG,2023-06-01,Free Installation,0.0,Yes,2023-06-04,Regular,No
OFF005619,3969-GYXEL,2025-07-08,20% Discount,15.28,Yes,2025-07-12,New,No
OFF005620,3969-GYXEL,2024-06-10,Free Upgrade,0.0,Yes,2024-06-11,New,No
OFF005621,9208-OLGAQ,2023-08-04,Free Upgrade,0.0,Yes,2023-08-07,Regular,No
OFF005622,3244-CQPHU,2024-01-07,Free Installation,0.0,No,,Loyal,No
OFF005623,2674-MLXMN,2023-01-14,Loyalty Reward,0.0,No,,Loyal,No
OFF005624,9708-HPXWZ,2024-06-27,Premium Support,0.0,Yes,2024-06-28,New,No
OFF005625,9708-HPXWZ,2024-12-28,10% Discount,13.62,Yes,2024-12-28,New,No
OFF005626,6992-TKNYO,2023-01-10,Cashback ₹500,500.0,No,,Loyal,No
OFF005627,4468-YDOVK,2024-07-03,30% Discount,14.59,Yes,2024-07-06,New,No
OFF005628,2200-DSAAL,2024-09-09,Free Upgrade,0.0,Yes,2024-09-14,Loyal,No
OFF005629,1518-OMDIK,2024-08-21,10% Discount,13.36,Yes,2024-08-26,Regular,No
OFF005630,6671-NGWON,2023-03-06,Premium Support,0.0,Yes,2023-03-12,New,No
OFF005631,0096-BXERS,2023-11-02,Free Installation,0.0,No,,New,No
OFF005632,6253-WRFHY,2023-01-08,10% Discount,6.48,Yes,2023-01-15,Regular,No
OFF005633,8430-TWCBX,2023-07-10,10% Discount,2.07,Yes,2023-07-17,Loyal,No
OFF005634,8200-KLNYW,2025-12-15,Premium Support,0.0,Yes,2025-12-22,Regular,No
OFF005635,3372-CDXFJ,2024-02-21,10% Discount,7.35,Yes,2024-02-25,Regular,No
OFF005636,4781-ZXYGU,2024-07-14,Extra 100GB Data,100.0,Yes,2024-07-20,New,No
OFF005637,4781-ZXYGU,2025-12-01,Extra 100GB Data,100.0,Yes,2025-12-06,New,No
OFF005638,6980-CDGFC,2025-10-05,Free Installation,0.0,Yes,2025-10-06,Loyal,No
OFF005639,7691-XVTZH,2024-03-07,30% Discount,9.0,No,,Loyal,No
OFF005640,2520-SGTTA,2025-04-13,Free 3 Months Streaming,0.0,No,,New,No
OFF005641,2520-SGTTA,2024-11-02,Free 3 Months Streaming,0.0,Yes,2024-11-03,New,No
OFF005642,2277-VWCNI,2023-11-20,Free Installation,0.0,No,,New,No
OFF005643,2277-VWCNI,2024-09-26,Loyalty Reward,0.0,Yes,2024-09-27,New,No
OFF005644,1930-BZLHI,2024-05-07,20% Discount,6.11,Yes,2024-05-09,Regular,No
OFF005645,5868-YTYKS,2025-02-08,Free 3 Months Streaming,0.0,Yes,2025-02-14,New,No
OFF005646,3525-DVKFN,2023-09-23,10% Discount,1.94,Yes,2023-09-28,Regular,No
OFF005647,3086-RUCRN,2024-01-27,Cashback ₹500,500.0,No,,Loyal,No
OFF005648,5215-LNLDJ,2025-06-17,Free Upgrade,0.0,Yes,2025-06-23,New,No
OFF005649,7576-JMYWV,2025-08-16,Extra 100GB Data,100.0,Yes,2025-08-22,Loyal,No
OFF005650,1307-ATKGB,2025-07-03,Free Upgrade,0.0,No,,Regular,No
OFF005651,3621-CHYVB,2023-04-12,Cashback ₹500,500.0,No,,Loyal,No
OFF005652,5372-FBKBN,2023-01-25,Cashback ₹500,500.0,No,,Regular,No
OFF005653,1045-LTCYT,2024-10-20,30% Discount,4.21,Yes,2024-10-25,New,No
OFF005654,1544-JJMYL,2023-12-08,Free 3 Months Streaming,0.0,Yes,2023-12-14,Regular,No
OFF005655,6874-SGLHU,2025-02-03,Free Upgrade,0.0,No,,Regular,No
OFF005656,5951-AOFIH,2024-01-05,Free 3 Months Streaming,0.0,Yes,2024-01-08,Regular,No
OFF005657,3059-NGMXB,2025-12-17,Extra 100GB Data,100.0,Yes,2025-12-21,Regular,No
OFF005658,8652-YHIYU,2025-04-21,10% Discount,7.95,Yes,2025-04-22,Regular,No
OFF005659,5278-PNYOX,2024-05-12,Free Installation,0.0,Yes,2024-05-17,Loyal,No
OFF005660,3486-HOOGQ,2025-02-21,Free Upgrade,0.0,Yes,2025-02-23,Loyal,No
OFF005661,8630-FJLIB,2025-11-07,Loyalty Reward,0.0,Yes,2025-11-10,Regular,No
OFF005662,3891-NLXJB,2024-04-15,Extra 100GB Data,100.0,Yes,2024-04-19,Loyal,No
OFF005663,4749-OJKQU,2023-06-22,Cashback ₹500,500.0,Yes,2023-06-25,New,No
OFF005664,4749-OJKQU,2024-10-01,30% Discount,7.57,No,,New,No
OFF005665,0577-WHMEV,2023-03-11,Free Installation,0.0,Yes,2023-03-12,Regular,No
OFF005666,3716-LRGXK,2023-08-06,Cashback ₹500,500.0,Yes,2023-08-12,Loyal,No
OFF005667,2263-SFSQZ,2025-02-05,Extra 100GB Data,100.0,No,,Loyal,No
OFF005668,9950-MTGYX,2024-05-16,Premium Support,0.0,Yes,2024-05-22,Regular,No
OFF005669,3397-AVTKU,2025-11-24,20% Discount,6.0,Yes,2025-11-28,Loyal,No
OFF005670,3134-DSHVC,2023-10-15,Free 3 Months Streaming,0.0,No,,Loyal,No
OFF005671,1608-GMEWB,2024-10-23,Free Installation,0.0,Yes,2024-10-26,Loyal,No
OFF005672,3606-SBKRY,2024-10-23,20% Discount,5.0,Yes,2024-10-28,Regular,No
OFF005673,0667-NSRGI,2024-09-19,Free Upgrade,0.0,Yes,2024-09-26,Loyal,No
OFF005674,6893-ODYYE,2025-10-26,30% Discount,18.02,Yes,2025-10-28,Loyal,No
OFF005675,8242-JSVBO,2024-12-15,Premium Support,0.0,Yes,2024-12-21,New,No
OFF005676,8242-JSVBO,2024-10-02,Extra 100GB Data,100.0,No,,New,No
OFF005677,2665-NPTGL,2023-06-11,Free 3 Months Streaming,0.0,No,,Regular,No
OFF005678,1139-WUOAH,2023-04-05,30% Discount,5.34,No,,Loyal,No
OFF005679,6937-GCDGQ,2023-12-01,10% Discount,14.69,No,,Regular,No
OFF005680,8644-XYTSV,2023-12-03,Free 3 Months Streaming,0.0,Yes,2023-12-04,Loyal,No
OFF005681,7975-JMZNT,2024-06-28,20% Discount,9.17,Yes,2024-06-28,Loyal,No
OFF005682,7251-XFOIL,2025-01-22,Loyalty Reward,0.0,Yes,2025-01-28,Loyal,No
OFF005683,4116-IQRFR,2025-06-19,Extra 100GB Data,100.0,Yes,2025-06-21,New,No
OFF005684,4116-IQRFR,2023-06-25,10% Discount,4.82,Yes,2023-06-28,New,No
OFF005685,8259-DZLIZ,2024-05-27,Extra 100GB Data,100.0,Yes,2024-05-28,Loyal,No
OFF005686,0442-ZXKVS,2023-05-23,Free 3 Months Streaming,0.0,Yes,2023-05-27,Loyal,No
OFF005687,7853-WNZSY,2024-10-27,Free Installation,0.0,Yes,2024-10-28,New,No
OFF005688,3120-FAZKD,2024-07-18,Free Installation,0.0,Yes,2024-07-21,Loyal,No
OFF005689,8606-OEGQZ,2025-07-14,Free 3 Months Streaming,0.0,Yes,2025-07-19,Regular,No
OFF005690,0575-CUQOV,2023-03-23,Extra 100GB Data,100.0,No,,Loyal,No
OFF005691,0967-BMLBD,2024-02-13,Free Upgrade,0.0,Yes,2024-02-19,New,No
OFF005692,0967-BMLBD,2024-04-18,30% Discount,6.0,No,,New,No
OFF005693,2830-LEWOA,2023-05-08,Free 3 Months Streaming,0.0,No,,Loyal,No
OFF005694,5006-MXVRN,2024-08-20,20% Discount,2.07,Yes,2024-08-27,Loyal,No
OFF005695,8327-WKMIE,2025-04-14,Free Installation,0.0,Yes,2025-04-18,Loyal,No
OFF005696,6917-FIJHC,2025-02-27,30% Discount,2.6,Yes,2025-02-28,Loyal,No
OFF005697,5329-KRDTM,2025-07-15,Extra 100GB Data,100.0,Yes,2025-07-16,Loyal,No
OFF005698,7797-EJMDP,2025-02-01,Cashback ₹500,500.0,Yes,2025-02-04,New,No
OFF005699,3633-CDBUW,2024-05-15,Loyalty Reward,0.0,No,,Regular,No
OFF005700,0707-HOVVN,2024-09-12,Free Installation,0.0,No,,Loyal,No
OFF005701,3956-MGXOG,2025-04-17,Loyalty Reward,0.0,Yes,2025-04-20,Regular,No
OFF005702,9274-UARKJ,2024-12-03,Free Upgrade,0.0,Yes,2024-12-05,Regular,No
OFF005703,0103-CSITQ,2025-01-20,Extra 100GB Data,100.0,Yes,2025-01-25,Loyal,No
OFF005704,9518-XXBXE,2024-09-03,Free Installation,0.0,Yes,2024-09-10,New,No
OFF005705,9518-XXBXE,2025-11-05,Free Installation,0.0,Yes,2025-11-12,New,No
OFF005706,6578-KRMAW,2023-02-16,Free Upgrade,0.0,Yes,2023-02-19,Regular,No
OFF005707,4860-IJUDE,2023-01-09,Free Upgrade,0.0,Yes,2023-01-13,Regular,No
OFF005708,0423-UDIJQ,2024-12-02,Loyalty Reward,0.0,Yes,2024-12-04,New,No
OFF005709,0423-UDIJQ,2024-08-06,Free Upgrade,0.0,No,,New,No
OFF005710,2607-FBDFF,2023-03-17,Extra 100GB Data,100.0,No,,New,No
OFF005711,2607-FBDFF,2024-04-18,Cashback ₹500,500.0,No,,New,No
OFF005712,6728-WYQBC,2024-02-17,10% Discount,4.19,No,,New,No
OFF005713,6728-WYQBC,2025-06-15,10% Discount,2.1,No,,New,No
OFF005714,9029-FEGVJ,2023-09-13,Free 3 Months Streaming,0.0,No,,Regular,No
OFF005715,6145-NNPNO,2024-04-28,10% Discount,13.24,Yes,2024-04-28,New,No
OFF005716,2074-GUHPQ,2024-08-17,Loyalty Reward,0.0,Yes,2024-08-22,Regular,No
OFF005717,4625-XMOYM,2025-04-18,20% Discount,5.25,Yes,2025-04-23,Loyal,No
OFF005718,5827-MWCZK,2024-01-14,Extra 100GB Data,100.0,No,,Loyal,No
OFF005719,5914-XRFQB,2023-11-03,Cashback ₹500,500.0,Yes,2023-11-04,Loyal,No
OFF005720,4329-YPDDQ,2024-11-17,Free Upgrade,0.0,Yes,2024-11-23,Regular,No
OFF005721,4804-NCPET,2024-07-14,Free Upgrade,0.0,Yes,2024-07-17,Regular,No
OFF005722,7787-BNTZM,2023-01-15,Premium Support,0.0,Yes,2023-01-16,New,No
OFF005723,7787-BNTZM,2024-12-16,Cashback ₹500,500.0,Yes,2024-12-20,New,No
OFF005724,2252-ISRNH,2025-06-10,Cashback ₹500,500.0,Yes,2025-06-11,New,No
OFF005725,2252-ISRNH,2024-05-14,Free 3 Months Streaming,0.0,Yes,2024-05-18,New,No
OFF005726,9415-TPKRV,2025-12-16,10% Discount,16.72,Yes,2025-12-17,New,No
OFF005727,1866-DIOQZ,2023-07-02,Free Installation,0.0,Yes,2023-07-05,Loyal,No
OFF005728,8375-KVTHK,2024-02-13,Extra 100GB Data,100.0,Yes,2024-02-16,Loyal,No
OFF005729,2697-NQBPF,2025-03-14,10% Discount,10.54,Yes,2025-03-15,Regular,No
OFF005730,1386-ZIKUV,2023-04-01,Cashback ₹500,500.0,Yes,2023-04-03,New,No
OFF005731,1386-ZIKUV,2023-03-13,Cashback ₹500,500.0,Yes,2023-03-17,New,No
OFF005732,0599-XNYDO,2025-03-18,30% Discount,20.94,Yes,2025-03-21,Regular,No
OFF005733,6377-WHAOX,2023-08-25,Cashback ₹500,500.0,Yes,2023-08-28,Loyal,No
OFF005734,6855-VLGOS,2025-02-05,10% Discount,4.11,Yes,2025-02-06,Loyal,No
OFF005735,8999-XXGNS,2025-03-17,Free Installation,0.0,Yes,2025-03-18,Loyal,No
OFF005736,8746-OQQRW,2025-06-03,Free 3 Months Streaming,0.0,Yes,2025-06-08,New,No
OFF005737,8746-OQQRW,2024-01-06,Loyalty Reward,0.0,Yes,2024-01-11,New,No
OFF005738,0471-ARVMX,2023-02-02,Free 3 Months Streaming,0.0,No,,Loyal,No
OFF005739,5650-YLIBA,2024-12-17,30% Discount,16.23,Yes,2024-12-19,Regular,No
OFF005740,6122-LJADA,2024-07-03,Premium Support,0.0,No,,Loyal,No
OFF005741,7524-VRLPL,2024-11-12,Cashback ₹500,500.0,Yes,2024-11-16,Loyal,No
OFF005742,7569-NMZYQ,2023-11-06,Free Upgrade,0.0,Yes,2023-11-07,Loyal,No
OFF005743,5201-USSQZ,2023-05-17,Free Upgrade,0.0,Yes,2023-05-20,Regular,No
OFF005744,2105-PHWON,2024-06-17,10% Discount,28.5,Yes,2024-06-22,Regular,No
OFF005745,4884-TVUQF,2024-05-04,Extra 100GB Data,100.0,No,,Loyal,No
OFF005746,8003-EWNDZ,2023-05-13,10% Discount,2.12,No,,New,No
OFF005747,8003-EWNDZ,2024-07-17,Free 3 Months Streaming,0.0,Yes,2024-07-21,New,No
OFF005748,9256-JTBNZ,2025-01-13,Free Installation,0.0,No,,New,No
OFF005749,9256-JTBNZ,2024-11-28,Premium Support,0.0,Yes,2024-11-28,New,No
OFF005750,2211-RMNHO,2024-11-15,Premium Support,0.0,Yes,2024-11-19,Loyal,No
OFF005751,2432-TFSMK,2023-10-06,30% Discount,8.96,Yes,2023-10-11,Regular,No
OFF005752,3594-KADLU,2023-09-01,Extra 100GB Data,100.0,Yes,2023-09-07,New,No
OFF005753,3796-ENZGF,2024-11-04,Free Upgrade,0.0,No,,Loyal,No
OFF005754,1734-ZMNTZ,2023-07-28,30% Discount,5.0,Yes,2023-07-28,New,No
OFF005755,1734-ZMNTZ,2024-07-19,30% Discount,7.5,No,,New,No
OFF005756,2853-CWQFQ,2025-01-06,Loyalty Reward,0.0,Yes,2025-01-10,New,No
OFF005757,2853-CWQFQ,2025-04-05,Free 3 Months Streaming,0.0,No,,New,No
OFF005758,0626-QXNGV,2023-09-02,10% Discount,7.24,Yes,2023-09-06,Loyal,No
OFF005759,6723-CEGQI,2023-09-15,20% Discount,9.05,No,,Loyal,No
OFF005760,4732-RRJZC,2025-03-21,Free 3 Months Streaming,0.0,Yes,2025-03-26,New,No
OFF005761,4732-RRJZC,2024-09-13,Free 3 Months Streaming,0.0,Yes,2024-09-18,New,No
OFF005762,9499-XPZXM,2023-06-17,Free Installation,0.0,Yes,2023-06-19,Loyal,No
OFF005763,6350-XFYGW,2024-08-06,Cashback ₹500,500.0,Yes,2024-08-07,New,No
OFF005764,8513-OLYGY,2025-08-28,Free Installation,0.0,Yes,2025-08-28,Loyal,No
OFF005765,8755-IWJHN,2025-11-10,10% Discount,19.07,Yes,2025-11-11,Loyal,No
OFF005766,0929-PECLO,2024-06-06,Premium Support,0.0,No,,Loyal,No
OFF005767,1820-DJFPH,2025-07-19,30% Discount,4.81,Yes,2025-07-22,Loyal,No
OFF005768,9426-SXNHE,2025-12-08,Free Installation,0.0,No,,New,No
OFF005769,9426-SXNHE,2025-10-17,Loyalty Reward,0.0,Yes,2025-10-22,New,No
OFF005770,9470-YFUYI,2025-10-10,Loyalty Reward,0.0,No,,Loyal,No
OFF005771,7402-EYFXX,2023-02-01,Free Upgrade,0.0,Yes,2023-02-07,Regular,No
OFF005772,9895-VFOXH,2023-01-06,Free Installation,0.0,Yes,2023-01-11,New,No
OFF005773,9895-VFOXH,2025-07-02,20% Discount,4.88,Yes,2025-07-09,New,No
OFF005774,1230-QAJDW,2024-04-14,Free 3 Months Streaming,0.0,Yes,2024-04-16,New,No
OFF005775,6509-TSGWN,2025-02-08,Loyalty Reward,0.0,Yes,2025-02-12,Loyal,No
OFF005776,3178-CIFOT,2024-08-14,20% Discount,1.96,Yes,2024-08-20,Regular,No
OFF005777,4530-NDRKU,2025-03-22,Free Upgrade,0.0,Yes,2025-03-24,Loyal,No
OFF005778,5985-TBABQ,2023-04-14,Free Upgrade,0.0,Yes,2023-04-16,Regular,No
OFF005779,8455-HIRAQ,2024-07-08,30% Discount,13.34,Yes,2024-07-14,New,No
OFF005780,3884-UEBXB,2023-06-22,20% Discount,10.84,No,,Loyal,No
OFF005781,8780-RSYYU,2024-12-07,Extra 100GB Data,100.0,No,,Regular,No
OFF005782,5537-UXXVS,2023-07-01,Premium Support,0.0,Yes,2023-07-07,Regular,No
OFF005783,1791-PQHBB,2025-06-21,10% Discount,18.36,No,,New,No
OFF005784,8741-LQOBK,2024-03-22,Cashback ₹500,500.0,No,,Loyal,No
OFF005785,8082-GHXOP,2023-07-14,Free Upgrade,0.0,Yes,2023-07-17,Regular,No
OFF005786,8218-FFJDS,2024-09-22,Free Upgrade,0.0,Yes,2024-09-23,Loyal,No
OFF005787,9360-OMDZZ,2024-12-26,Free Installation,0.0,Yes,2024-12-28,Regular,No
OFF005788,0345-XMMUG,2025-01-13,30% Discount,32.67,No,,Loyal,No
OFF005789,8024-XNAFQ,2024-08-02,Loyalty Reward,0.0,Yes,2024-08-05,Loyal,No
OFF005790,2832-SCUCO,2023-04-10,Free 3 Months Streaming,0.0,Yes,2023-04-11,New,No
OFF005791,0594-UFTUL,2024-04-18,Free Upgrade,0.0,No,,Regular,No
OFF005792,0129-KPTWJ,2024-05-12,Premium Support,0.0,Yes,2024-05-15,Loyal,No
OFF005793,5855-EIBDE,2025-05-07,Free Upgrade,0.0,Yes,2025-05-11,Loyal,No
OFF005794,1928-BXYIV,2025-03-13,Free Installation,0.0,Yes,2025-03-14,New,No
OFF005795,1928-BXYIV,2023-06-18,Extra 100GB Data,100.0,Yes,2023-06-25,New,No
OFF005796,5760-FXFVO,2024-08-20,Cashback ₹500,500.0,Yes,2024-08-25,New,No
OFF005797,5760-FXFVO,2023-09-22,Premium Support,0.0,No,,New,No
OFF005798,0961-ZWLVI,2025-01-18,Free 3 Months Streaming,0.0,Yes,2025-01-23,Loyal,No
OFF005799,4007-NHVHI,2023-05-10,Free Upgrade,0.0,No,,Loyal,No
OFF005800,7550-WIQVA,2025-06-16,Free Installation,0.0,Yes,2025-06-19,Loyal,No
OFF005801,7544-ZVIKX,2023-03-17,10% Discount,10.51,Yes,2023-03-20,Loyal,No
OFF005802,0016-QLJIS,2023-01-08,20% Discount,9.04,Yes,2023-01-14,Loyal,No
OFF005803,5176-OLSKT,2023-02-03,Free Installation,0.0,Yes,2023-02-04,Loyal,No
OFF005804,9356-AXGMP,2024-10-26,20% Discount,11.07,Yes,2024-10-28,Loyal,No
OFF005805,2192-CKRLV,2025-04-14,20% Discount,14.76,Yes,2025-04-15,Loyal,No
OFF005806,6119-SPUDB,2025-08-01,Extra 100GB Data,100.0,No,,Loyal,No
OFF005807,6522-OIQSX,2024-10-23,Free Installation,0.0,No,,Loyal,No
OFF005808,7813-ZGGAW,2025-11-08,Free Upgrade,0.0,Yes,2025-11-13,Regular,No
OFF005809,1052-QJIBV,2023-05-28,Loyalty Reward,0.0,No,,Loyal,No
OFF005810,9298-WGMRW,2023-04-24,Cashback ₹500,500.0,Yes,2023-04-28,Loyal,No
OFF005811,6583-KQJLK,2023-11-04,Free Installation,0.0,Yes,2023-11-05,Regular,No
OFF005812,6139-ZZRBQ,2025-03-10,Free 3 Months Streaming,0.0,Yes,2025-03-13,Loyal,No
OFF005813,8884-FEEWR,2023-11-06,Free Upgrade,0.0,Yes,2023-11-09,Regular,No
OFF005814,0373-AIVNJ,2025-12-11,Free Upgrade,0.0,No,,New,No
OFF005815,3646-ITDGM,2023-01-07,Loyalty Reward,0.0,No,,Loyal,No
OFF005816,8224-KDLKN,2023-07-01,Free 3 Months Streaming,0.0,Yes,2023-07-03,Loyal,No
OFF005817,8727-XDPUD,2023-05-24,20% Discount,7.16,No,,Loyal,No
OFF005818,1043-UXOVO,2024-12-10,Free Upgrade,0.0,Yes,2024-12-16,Loyal,No
OFF005819,1064-FBXNK,2025-06-19,10% Discount,1.99,No,,New,No
OFF005820,1064-FBXNK,2024-04-27,10% Discount,5.96,Yes,2024-04-28,New,No
OFF005821,3996-ZNWYK,2023-06-16,Loyalty Reward,0.0,Yes,2023-06-17,Loyal,No
OFF005822,5795-BKOYE,2025-08-21,10% Discount,11.82,Yes,2025-08-22,Loyal,No
OFF005823,7402-PWYJJ,2023-10-18,Free 3 Months Streaming,0.0,Yes,2023-10-25,Loyal,No
OFF005824,7501-VTYLJ,2025-06-18,Free Installation,0.0,Yes,2025-06-25,New,No
OFF005825,0480-BIXDE,2024-07-25,Free Installation,0.0,No,,Regular,No
OFF005826,6175-IRFIT,2023-02-09,Premium Support,0.0,Yes,2023-02-15,New,No
OFF005827,6175-IRFIT,2023-06-24,30% Discount,23.62,Yes,2023-06-25,New,No
OFF005828,1622-HSHSF,2025-08-28,20% Discount,3.91,Yes,2025-08-28,New,No
OFF005829,6749-UTDVX,2024-01-21,Free Installation,0.0,No,,Loyal,No
OFF005830,5542-DHSXL,2023-03-26,10% Discount,5.47,Yes,2023-03-28,New,No
OFF005831,5542-DHSXL,2025-05-15,20% Discount,5.47,Yes,2025-05-21,New,No
OFF005832,2284-VFLKH,2023-07-19,20% Discount,9.93,No,,Loyal,No
OFF005833,0366-NQSHS,2023-12-08,Loyalty Reward,0.0,Yes,2023-12-13,New,No
OFF005834,3807-BPOMJ,2023-12-04,Cashback ₹500,500.0,Yes,2023-12-11,Loyal,No
OFF005835,4948-WBBKL,2025-04-21,Premium Support,0.0,No,,Loyal,No
OFF005836,9972-NKTFD,2025-11-20,Extra 100GB Data,100.0,No,,Regular,No
OFF005837,2207-RYYRL,2025-04-26,Free Installation,0.0,Yes,2025-04-27,Loyal,No
OFF005838,6729-FZWSY,2023-04-07,10% Discount,1.95,Yes,2023-04-09,Loyal,No
OFF005839,9695-IDRZR,2023-07-27,Cashback ₹500,500.0,Yes,2023-07-28,Regular,No
OFF005840,8144-DGHXP,2023-11-16,20% Discount,16.12,No,,Loyal,No
OFF005841,7814-LEEVE,2023-04-04,Extra 100GB Data,100.0,No,,New,No
OFF005842,5906-DVAPM,2025-12-12,30% Discount,22.5,No,,Loyal,No
OFF005843,6654-QGBZZ,2025-05-04,30% Discount,5.97,Yes,2025-05-11,New,No
OFF005844,5641-DMBFJ,2023-05-23,Free 3 Months Streaming,0.0,No,,Loyal,No
OFF005845,9200-NLNPD,2024-05-11,Free 3 Months Streaming,0.0,Yes,2024-05-12,Loyal,No
OFF005846,4654-GGUII,2024-04-17,10% Discount,8.04,Yes,2024-04-19,Regular,No
OFF005847,6478-HRRCZ,2025-08-14,Cashback ₹500,500.0,Yes,2025-08-20,Regular,No
OFF005848,8510-BBWMU,2025-01-18,Free 3 Months Streaming,0.0,Yes,2025-01-25,Loyal,No
OFF005849,0584-BJQGZ,2024-03-10,20% Discount,23.5,Yes,2024-03-16,Regular,No
OFF005850,1360-XFJMR,2023-01-11,Free Installation,0.0,Yes,2023-01-16,Loyal,No
OFF005851,0902-XKXPN,2023-11-18,Free Upgrade,0.0,Yes,2023-11-22,Loyal,No
OFF005852,8993-IZEUX,2023-12-05,30% Discount,13.83,Yes,2023-12-06,New,No
OFF005853,3688-FTHLT,2025-06-21,Free 3 Months Streaming,0.0,Yes,2025-06-23,Regular,No
OFF005854,1384-RCUXW,2024-12-16,Free 3 Months Streaming,0.0,Yes,2024-12-19,Regular,No
OFF005855,5825-XJOCM,2025-01-14,Premium Support,0.0,No,,Loyal,No
OFF005856,8125-QPFJD,2024-06-23,Free Upgrade,0.0,Yes,2024-06-28,Loyal,No
OFF005857,7869-ZYDST,2023-11-05,Loyalty Reward,0.0,Yes,2023-11-06,Regular,No
OFF005858,4501-UYKBC,2025-03-28,20% Discount,6.91,No,,Loyal,No
OFF005859,2305-MRGLV,2023-01-11,20% Discount,15.31,Yes,2023-01-15,Regular,No
OFF005860,8404-VIOMB,2024-01-28,30% Discount,6.25,Yes,2024-01-28,Loyal,No
OFF005861,9184-GALIL,2023-08-17,Free 3 Months Streaming,0.0,Yes,2023-08-20,Loyal,No
OFF005862,4393-RYCRE,2024-04-28,Free Upgrade,0.0,Yes,2024-04-28,Loyal,No
OFF005863,9746-MDMBK,2025-02-04,Free Installation,0.0,No,,Loyal,No
OFF005864,3162-ZJZFU,2024-05-14,Free 3 Months Streaming,0.0,Yes,2024-05-17,Loyal,No
OFF005865,8404-GFGCZ,2023-12-02,Cashback ₹500,500.0,No,,New,No
OFF005866,8875-AKBYH,2025-12-17,10% Discount,8.44,Yes,2025-12-23,Regular,No
OFF005867,5092-STPKP,2024-04-17,Extra 100GB Data,100.0,No,,Regular,No
OFF005868,3359-DSRKA,2025-12-25,Extra 100GB Data,100.0,No,,Loyal,No
OFF005869,7161-DFHUF,2025-10-04,Free Upgrade,0.0,Yes,2025-10-07,Loyal,No
OFF005870,3720-DBRWL,2024-01-02,10% Discount,25.15,No,,Loyal,No
OFF005871,8565-WUXZU,2024-12-09,Cashback ₹500,500.0,No,,Loyal,No
OFF005872,4994-OBRSZ,2023-01-14,30% Discount,15.22,Yes,2023-01-19,Regular,No
OFF005873,3420-YJLQT,2024-01-27,20% Discount,15.91,Yes,2024-01-28,New,No
OFF005874,6040-CGACY,2025-10-18,Loyalty Reward,0.0,No,,Regular,No
OFF005875,6582-PLFUU,2023-12-03,Loyalty Reward,0.0,No,,Loyal,No
OFF005876,0264-CNITK,2023-07-17,Free Upgrade,0.0,No,,Loyal,No
OFF005877,5966-EMAZU,2025-04-05,Free Installation,0.0,Yes,2025-04-10,Loyal,No
OFF005878,4774-HHGGS,2023-07-17,10% Discount,3.81,Yes,2023-07-18,Regular,No
OFF005879,2055-BFOCC,2023-01-09,Free Upgrade,0.0,Yes,2023-01-12,Loyal,No
OFF005880,8180-AKMJV,2023-10-16,Free Installation,0.0,Yes,2023-10-22,New,No
OFF005881,4298-OYIFC,2025-12-02,Loyalty Reward,0.0,No,,Regular,No
OFF005882,5566-SOEZD,2024-03-16,Free 3 Months Streaming,0.0,No,,Regular,No
OFF005883,9842-EFSYY,2025-05-03,20% Discount,11.44,Yes,2025-05-07,New,No
OFF005884,9842-EFSYY,2024-08-27,Free Upgrade,0.0,No,,New,No
OFF005885,4584-LBNMK,2024-09-22,10% Discount,2.47,Yes,2024-09-27,Loyal,No
OFF005886,3898-GUYTS,2024-03-04,30% Discount,9.71,Yes,2024-03-07,Loyal,No
OFF005887,3703-KBKZP,2024-08-10,Free Upgrade,0.0,Yes,2024-08-12,Regular,No
OFF005888,3682-YEUWS,2024-04-01,Free Installation,0.0,Yes,2024-04-04,New,No
OFF005889,5117-IFGPS,2024-04-17,Premium Support,0.0,No,,Regular,No
OFF005890,7379-FNIUJ,2024-03-24,20% Discount,20.04,Yes,2024-03-28,New,No
OFF005891,7379-FNIUJ,2023-02-10,20% Discount,30.06,Yes,2023-02-17,New,No
OFF005892,1627-AFWVJ,2023-07-28,10% Discount,3.88,Yes,2023-07-28,Regular,No
OFF005893,4486-EFAEB,2023-02-20,Premium Support,0.0,Yes,2023-02-25,Regular,No
OFF005894,3097-IDVPU,2024-05-08,10% Discount,10.02,No,,Regular,No
OFF005895,2197-OMWGI,2024-04-20,Extra 100GB Data,100.0,No,,Loyal,No
OFF005896,2303-PJYHN,2024-04-18,20% Discount,3.97,Yes,2024-04-20,New,No
OFF005897,9795-VOWON,2023-07-15,Loyalty Reward,0.0,Yes,2023-07-20,New,No
OFF005898,9795-VOWON,2023-09-07,Loyalty Reward,0.0,Yes,2023-09-08,New,No
OFF005899,1237-WIYYZ,2025-01-04,Free Upgrade,0.0,Yes,2025-01-05,Regular,No
OFF005900,4822-LPTYJ,2025-03-05,Free Installation,0.0,No,,Loyal,No
OFF005901,9593-CVZKR,2025-11-23,20% Discount,4.89,Yes,2025-11-24,Loyal,No
OFF005902,8595-SIZNC,2023-11-11,Free Upgrade,0.0,Yes,2023-11-14,Regular,No
OFF005903,2694-CIUMO,2023-08-16,Loyalty Reward,0.0,Yes,2023-08-17,Regular,No
OFF005904,1439-LCGVL,2025-02-18,10% Discount,3.84,No,,Regular,No
OFF005905,0909-SDHNU,2024-03-17,20% Discount,5.96,Yes,2024-03-24,New,No
OFF005906,4647-XXZAM,2023-04-01,Loyalty Reward,0.0,Yes,2023-04-03,New,No
OFF005907,3557-HTYWR,2025-04-19,Extra 100GB Data,100.0,Yes,2025-04-24,Loyal,No
OFF005908,1699-TLDLZ,2024-06-18,Cashback ₹500,500.0,Yes,2024-06-21,Regular,No
OFF005909,5600-PDUJF,2023-03-23,Loyalty Reward,0.0,Yes,2023-03-25,New,No
OFF005910,5600-PDUJF,2023-06-20,Free 3 Months Streaming,0.0,No,,New,No
OFF005911,0567-XRHCU,2023-09-07,Loyalty Reward,0.0,No,,Loyal,No
OFF005912,2067-QYTCF,2024-11-21,30% Discount,33.34,No,,Loyal,No
OFF005913,9150-KPBJQ,2024-07-21,Free 3 Months Streaming,0.0,Yes,2024-07-26,New,No
OFF005914,3654-ARMGP,2023-06-18,20% Discount,8.87,Yes,2023-06-23,Loyal,No
OFF005915,1261-FWTTE,2024-11-05,Premium Support,0.0,No,,Regular,No
OFF005916,2073-QBVBI,2025-12-21,Free Upgrade,0.0,Yes,2025-12-22,Loyal,No
OFF005917,2599-CIPQE,2024-03-28,30% Discount,10.93,Yes,2024-03-28,Loyal,No
OFF005918,8774-GSBUN,2023-01-28,Free 3 Months Streaming,0.0,No,,Loyal,No
OFF005919,7326-RIGQZ,2025-08-09,Cashback ₹500,500.0,Yes,2025-08-10,New,No
OFF005920,1401-FTHFQ,2023-12-05,30% Discount,4.0,Yes,2023-12-10,Regular,No
OFF005921,0254-FNMCI,2024-02-09,Free Upgrade,0.0,No,,Loyal,No
OFF005922,1848-LBZHY,2025-12-25,Cashback ₹500,500.0,Yes,2025-12-28,New,No
OFF005923,1848-LBZHY,2025-06-26,Cashback ₹500,500.0,No,,New,No
OFF005924,3955-JBZZM,2024-11-11,Extra 100GB Data,100.0,No,,Regular,No
OFF005925,4815-TUMEQ,2025-11-05,Free Upgrade,0.0,Yes,2025-11-08,New,No
OFF005926,4815-TUMEQ,2023-11-12,Free Installation,0.0,Yes,2023-11-19,New,No
OFF005927,9927-DSWDF,2024-01-23,20% Discount,31.38,Yes,2024-01-27,Regular,No
OFF005928,7252-NTGSS,2023-08-26,Free 3 Months Streaming,0.0,No,,New,No
OFF005929,1360-JYXKQ,2023-06-11,30% Discount,9.91,No,,Loyal,No
OFF005930,0899-WZRSD,2025-03-02,Extra 100GB Data,100.0,Yes,2025-03-07,Loyal,No
OFF005931,4828-FAZPK,2023-05-09,30% Discount,15.99,Yes,2023-05-13,Regular,No
OFF005932,6094-ZIVKX,2025-09-22,10% Discount,16.34,No,,Loyal,No
OFF005933,6925-BAYGL,2023-07-18,Loyalty Reward,0.0,No,,Loyal,No
OFF005934,7354-OIJLX,2024-04-15,Premium Support,0.0,No,,New,No
OFF005935,7354-OIJLX,2024-02-17,Free 3 Months Streaming,0.0,No,,New,No
OFF005936,6133-OZILE,2025-10-02,10% Discount,7.04,Yes,2025-10-03,Regular,No
OFF005937,4135-FRWKJ,2024-09-24,Premium Support,0.0,Yes,2024-09-28,Loyal,No
OFF005938,6551-ZCOTS,2024-08-17,Free Upgrade,0.0,Yes,2024-08-22,Regular,No
OFF005939,5018-LXQQG,2024-03-10,Free Upgrade,0.0,Yes,2024-03-11,Regular,No
OFF005940,1746-TGTWV,2024-07-07,30% Discount,7.54,No,,New,No
OFF005941,5995-SNNEW,2024-05-15,10% Discount,31.34,No,,Regular,No
OFF005942,8050-WYBND,2025-01-11,10% Discount,14.84,No,,Regular,No
OFF005943,4879-GZLFH,2025-07-22,Cashback ₹500,500.0,Yes,2025-07-26,Loyal,No
OFF005944,8314-HTWVE,2025-03-03,30% Discount,3.97,Yes,2025-03-10,New,No
OFF005945,8314-HTWVE,2025-12-03,Loyalty Reward,0.0,Yes,2025-12-09,New,No
OFF005946,2507-QZPQS,2025-03-07,Extra 100GB Data,100.0,No,,Regular,No
OFF005947,7159-NOKYQ,2024-03-18,Free Upgrade,0.0,Yes,2024-03-23,Loyal,No
OFF005948,8779-YIQQA,2024-04-23,30% Discount,5.94,Yes,2024-04-24,Regular,No
OFF005949,8739-QOTTN,2023-05-06,Free Upgrade,0.0,Yes,2023-05-09,New,No
OFF005950,8739-QOTTN,2024-11-01,Premium Support,0.0,No,,New,No
OFF005951,5774-XZTQC,2025-09-09,Free 3 Months Streaming,0.0,Yes,2025-09-15,New,No
OFF005952,0363-SVHYR,2023-11-16,Cashback ₹500,500.0,Yes,2023-11-20,Loyal,No
OFF005953,8547-NSBBO,2023-03-13,Cashback ₹500,500.0,No,,Regular,No
OFF005954,9070-BCKQP,2024-08-03,Extra 100GB Data,100.0,Yes,2024-08-08,Loyal,No
OFF005955,6421-SZVEM,2023-02-01,Loyalty Reward,0.0,Yes,2023-02-08,Regular,No
OFF005956,1328-EUZHC,2023-09-04,Free Upgrade,0.0,Yes,2023-09-08,Regular,No
OFF005957,8878-RYUKI,2024-01-15,Premium Support,0.0,No,,Loyal,No
OFF005958,9633-DENPU,2024-06-27,Free Installation,0.0,Yes,2024-06-28,Loyal,No
OFF005959,7811-JIVPF,2023-08-17,Free Installation,0.0,Yes,2023-08-20,Regular,No
OFF005960,7113-HIPFI,2025-11-23,Loyalty Reward,0.0,Yes,2025-11-27,Loyal,No
OFF005961,6374-AFWOX,2023-07-10,Free Upgrade,0.0,Yes,2023-07-16,Loyal,No
OFF005962,5317-FLPJF,2024-09-12,30% Discount,12.27,Yes,2024-09-14,Loyal,No
OFF005963,7621-VPNET,2023-02-07,30% Discount,8.59,Yes,2023-02-14,Loyal,No
OFF005964,4353-HYOJD,2023-01-15,30% Discount,14.96,No,,Regular,No
OFF005965,7267-FRMJW,2023-01-16,20% Discount,6.03,Yes,2023-01-19,Regular,No
OFF005966,4188-FRABG,2025-02-22,Premium Support,0.0,No,,Loyal,No
OFF005967,4128-ETESU,2025-09-21,20% Discount,29.91,No,,Loyal,No
OFF005968,0620-DLSLK,2023-02-20,Free Upgrade,0.0,No,,Regular,No
OFF005969,3850-OKINF,2024-06-22,Free 3 Months Streaming,0.0,No,,Loyal,No
OFF005970,1156-ZFYDO,2023-04-04,Loyalty Reward,0.0,No,,New,No
OFF005971,1156-ZFYDO,2025-11-19,Premium Support,0.0,No,,New,No
OFF005972,3295-YVUSR,2025-01-28,Premium Support,0.0,Yes,2025-01-28,New,No
OFF005973,3295-YVUSR,2024-01-26,Free 3 Months Streaming,0.0,Yes,2024-01-27,New,No
OFF005974,4119-ZYPZY,2025-12-07,Free 3 Months Streaming,0.0,Yes,2025-12-09,Loyal,No
OFF005975,7577-SWIFR,2023-08-06,Loyalty Reward,0.0,Yes,2023-08-11,New,No
OFF005976,0303-WMMRN,2023-12-08,20% Discount,1.93,Yes,2023-12-13,New,No
OFF005977,0303-WMMRN,2025-03-07,30% Discount,5.77,No,,New,No
OFF005978,6408-OTUBZ,2024-04-18,Free Upgrade,0.0,Yes,2024-04-20,Loyal,No
OFF005979,5204-HMGYF,2025-06-09,Extra 100GB Data,100.0,Yes,2025-06-10,Loyal,No
OFF005980,6196-HBOBZ,2024-06-18,Free Upgrade,0.0,No,,Loyal,No
OFF005981,3970-XGJDU,2024-11-16,Loyalty Reward,0.0,No,,Loyal,No
OFF005982,7017-VFULY,2023-07-05,Premium Support,0.0,No,,New,No
OFF005983,7017-VFULY,2025-08-14,Cashback ₹500,500.0,Yes,2025-08-15,New,No
OFF005984,5562-YJQGT,2024-03-18,20% Discount,2.04,Yes,2024-03-21,New,No
OFF005985,5562-YJQGT,2025-02-11,30% Discount,2.04,No,,New,No
OFF005986,8294-UIMBA,2025-02-18,Loyalty Reward,0.0,Yes,2025-02-22,Regular,No
OFF005987,8109-YUOHE,2024-05-23,Extra 100GB Data,100.0,No,,Regular,No
OFF005988,5928-QLDHB,2024-06-09,Free Upgrade,0.0,Yes,2024-06-10,New,No
OFF005989,5928-QLDHB,2025-07-10,Free 3 Months Streaming,0.0,Yes,2025-07-16,New,No
OFF005990,9840-EFJQB,2024-11-12,20% Discount,7.43,Yes,2024-11-13,New,No
OFF005991,6135-OZQVA,2024-10-19,Extra 100GB Data,100.0,Yes,2024-10-22,New,No
OFF005992,6135-OZQVA,2024-08-21,Free Upgrade,0.0,Yes,2024-08-22,New,No
OFF005993,2252-JHJGE,2025-01-03,20% Discount,10.4,Yes,2025-01-06,Loyal,No
OFF005994,7721-DVEKZ,2023-06-19,Cashback ₹500,500.0,Yes,2023-06-23,New,No
OFF005995,3566-VVORZ,2024-03-10,10% Discount,13.77,No,,Regular,No
OFF005996,2480-SQIOB,2023-03-06,Cashback ₹500,500.0,Yes,2023-03-11,New,No
OFF005997,0128-MKWSG,2024-08-02,30% Discount,9.16,Yes,2024-08-07,Regular,No
OFF005998,4350-ZTLPI,2025-04-15,10% Discount,32.69,Yes,2025-04-22,Loyal,No
OFF005999,0361-HJRDX,2024-10-20,10% Discount,12.87,Yes,2024-10-23,Loyal,No
OFF006000,3021-VLNRJ,2023-05-02,Loyalty Reward,0.0,Yes,2023-05-06,Loyal,No
OFF006001,2080-CAZNM,2025-08-24,Extra 100GB Data,100.0,Yes,2025-08-27,Loyal,No
OFF006002,1028-FFNJK,2023-12-15,Loyalty Reward,0.0,No,,Regular,No
OFF006003,3001-UNBTL,2023-06-06,Cashback ₹500,500.0,No,,Regular,No
OFF006004,3507-GASNP,2023-08-23,Free 3 Months Streaming,0.0,Yes,2023-08-28,Loyal,No
OFF006005,7096-ZNBZI,2024-07-11,10% Discount,5.29,Yes,2024-07-18,Loyal,No
OFF006006,0786-IVLAW,2024-05-06,Extra 100GB Data,100.0,Yes,2024-05-10,Loyal,No
OFF006007,6202-JVYEU,2025-06-27,Free Installation,0.0,No,,New,No
OFF006008,8591-TKMZH,2025-10-01,30% Discount,11.11,Yes,2025-10-07,Loyal,No
OFF006009,0734-OXWBT,2024-03-02,30% Discount,21.21,Yes,2024-03-08,New,No
OFF006010,0734-OXWBT,2024-08-16,Extra 100GB Data,100.0,Yes,2024-08-18,New,No
OFF006011,4282-ACRXS,2024-05-05,Loyalty Reward,0.0,Yes,2024-05-10,Loyal,No
OFF006012,6502-KUGLL,2025-11-14,Cashback ₹500,500.0,Yes,2025-11-20,Regular,No
OFF006013,1841-YSJGV,2024-01-13,10% Discount,11.0,Yes,2024-01-14,Loyal,No
OFF006014,5018-HEKFO,2025-04-27,Premium Support,0.0,Yes,2025-04-28,New,No
OFF006015,2282-YGNOR,2025-11-19,Cashback ₹500,500.0,Yes,2025-11-23,Regular,No
OFF006016,5336-UFNZP,2024-09-04,Free 3 Months Streaming,0.0,Yes,2024-09-07,Loyal,No
OFF006017,6854-EXGSF,2023-10-28,Loyalty Reward,0.0,Yes,2023-10-28,New,No
OFF006018,6854-EXGSF,2024-10-06,Extra 100GB Data,100.0,Yes,2024-10-09,New,No
OFF006019,5376-PCKNB,2025-08-14,Free Upgrade,0.0,No,,Loyal,No
OFF006020,8044-BGWPI,2025-10-14,Cashback ₹500,500.0,No,,Regular,No
OFF006021,4060-LDNLU,2024-06-18,Free Installation,0.0,Yes,2024-06-22,New,No
OFF006022,3589-PPVKW,2025-03-26,Premium Support,0.0,Yes,2025-03-28,New,No
OFF006023,5887-IKKYO,2025-01-26,Premium Support,0.0,Yes,2025-01-28,Loyal,No
OFF006024,1755-RMCXH,2025-09-17,Premium Support,0.0,No,,New,No
OFF006025,4299-SIMNS,2024-07-06,Cashback ₹500,500.0,Yes,2024-07-12,New,No
OFF006026,4299-SIMNS,2025-10-11,Free 3 Months Streaming,0.0,Yes,2025-10-16,New,No
OFF006027,7025-IWFHT,2024-03-25,Free 3 Months Streaming,0.0,Yes,2024-03-28,Loyal,No
OFF006028,8777-MBMTS,2024-06-22,10% Discount,31.75,Yes,2024-06-23,Loyal,No
OFF006029,6233-HXJMX,2023-08-17,20% Discount,26.79,No,,Loyal,No
OFF006030,5902-WBLSE,2024-12-01,Premium Support,0.0,Yes,2024-12-02,Loyal,No
OFF006031,3239-TPHPZ,2024-02-18,30% Discount,6.01,No,,Regular,No
OFF006032,5115-GZDEL,2025-07-16,Free 3 Months Streaming,0.0,Yes,2025-07-23,Loyal,No
OFF006033,2615-YVMYX,2025-06-16,Cashback ₹500,500.0,Yes,2025-06-20,Loyal,No
OFF006034,2851-STERV,2023-01-28,Premium Support,0.0,Yes,2023-01-28,Regular,No
OFF006035,8486-AYEQH,2025-10-07,Loyalty Reward,0.0,Yes,2025-10-09,Regular,No
OFF006036,2495-KZNFB,2023-01-25,Free 3 Months Streaming,0.0,Yes,2023-01-28,Regular,No
OFF006037,4560-WQAQW,2023-02-04,Free Installation,0.0,No,,Loyal,No
OFF006038,9309-BZGNT,2023-06-10,30% Discount,8.94,Yes,2023-06-16,Loyal,No
OFF006039,4274-DRSQT,2023-01-19,Premium Support,0.0,Yes,2023-01-25,Loyal,No
OFF006040,2027-DNKIV,2023-11-25,Premium Support,0.0,Yes,2023-11-28,Loyal,No
OFF006041,2885-HIJDH,2024-12-11,Extra 100GB Data,100.0,Yes,2024-12-14,Loyal,No
OFF006042,7673-BQGKU,2025-01-08,Loyalty Reward,0.0,Yes,2025-01-09,Loyal,No
OFF006043,6723-WSNTY,2025-02-15,Free 3 Months Streaming,0.0,Yes,2025-02-17,Loyal,No
OFF006044,1061-PNTHC,2024-02-12,30% Discount,21.92,Yes,2024-02-14,Loyal,No
OFF006045,0394-YONDK,2025-09-27,Cashback ₹500,500.0,No,,Loyal,No
OFF006046,6574-MCOEH,2025-06-17,Free 3 Months Streaming,0.0,No,,Regular,No
OFF006047,0997-YTLNY,2023-06-04,Free Installation,0.0,Yes,2023-06-11,Regular,No
OFF006048,9708-KFDBY,2023-07-21,Free Upgrade,0.0,No,,New,No
OFF006049,0774-RMNUW,2025-12-15,Loyalty Reward,0.0,Yes,2025-12-20,Loyal,No
OFF006050,2144-BFDSO,2025-09-06,20% Discount,21.75,Yes,2025-09-13,Loyal,No
OFF006051,8745-PVESG,2025-01-06,Free Upgrade,0.0,Yes,2025-01-10,Loyal,No
OFF006052,5647-FXOTP,2023-02-24,Free Installation,0.0,Yes,2023-02-28,Loyal,No
OFF006053,9700-ISPUP,2024-08-25,10% Discount,6.55,Yes,2024-08-28,New,No
OFF006054,9839-ETQOE,2025-04-16,Premium Support,0.0,Yes,2025-04-23,Loyal,No
OFF006055,9027-TMATR,2023-02-16,Premium Support,0.0,Yes,2023-02-21,Loyal,No
OFF006056,9110-HSGTV,2025-11-08,Extra 100GB Data,100.0,No,,Loyal,No
OFF006057,0704-VCUMB,2023-05-05,Loyalty Reward,0.0,Yes,2023-05-08,Loyal,No
OFF006058,2535-PBCGC,2024-12-26,Cashback ₹500,500.0,Yes,2024-12-28,Loyal,No
OFF006059,1470-PSXNM,2024-07-06,Extra 100GB Data,100.0,No,,Loyal,No
OFF006060,2498-XLDZR,2023-03-04,Free Installation,0.0,Yes,2023-03-07,Regular,No
OFF006061,9866-OCCKE,2023-07-19,Cashback ₹500,500.0,Yes,2023-07-26,Loyal,No
OFF006062,7901-IIDQV,2023-12-14,Free 3 Months Streaming,0.0,Yes,2023-12-21,Regular,No
OFF006063,2690-DVRVK,2023-08-17,Free Upgrade,0.0,Yes,2023-08-22,New,No
OFF006064,4565-EVZMJ,2024-02-08,Premium Support,0.0,Yes,2024-02-11,Loyal,No
OFF006065,3327-YBAKM,2025-07-20,Extra 100GB Data,100.0,Yes,2025-07-21,Loyal,No
OFF006066,6705-LNMDD,2023-05-13,Extra 100GB Data,100.0,Yes,2023-05-16,Regular,No
OFF006067,2580-ASVVY,2025-07-09,Free Installation,0.0,Yes,2025-07-13,Loyal,No
OFF006068,3370-GQEAL,2025-07-06,Extra 100GB Data,100.0,No,,Regular,No
OFF006069,5032-USPKF,2024-09-01,Extra 100GB Data,100.0,Yes,2024-09-08,Loyal,No
OFF006070,4254-QPEDE,2023-12-11,Cashback ₹500,500.0,No,,Loyal,No
OFF006071,6283-GITPX,2023-05-13,30% Discount,15.38,No,,Loyal,No
OFF006072,4273-MBHYA,2024-09-05,30% Discount,17.87,Yes,2024-09-11,New,No
OFF006073,4273-MBHYA,2023-10-23,Loyalty Reward,0.0,Yes,2023-10-25,New,No
OFF006074,4724-WXVWF,2023-11-07,Free Installation,0.0,Yes,2023-11-08,Loyal,No
OFF006075,5701-GUXDC,2025-07-20,Premium Support,0.0,Yes,2025-07-27,Regular,No
OFF006076,6082-GLJIX,2023-03-13,20% Discount,5.77,Yes,2023-03-16,Regular,No
OFF006077,0485-ZBSLN,2025-07-19,Extra 100GB Data,100.0,Yes,2025-07-24,Loyal,No
OFF006078,0847-HGRML,2024-08-16,Premium Support,0.0,No,,Loyal,No
OFF006079,8232-CTLKO,2025-12-07,Extra 100GB Data,100.0,Yes,2025-12-10,Loyal,No
OFF006080,9227-YBAXE,2024-07-03,Premium Support,0.0,Yes,2024-07-05,Loyal,No
OFF006081,9229-RQABD,2023-01-28,Free 3 Months Streaming,0.0,No,,Regular,No
OFF006082,8313-KTIHG,2023-06-10,Cashback ₹500,500.0,Yes,2023-06-12,New,No
OFF006083,8313-KTIHG,2024-06-09,Loyalty Reward,0.0,No,,New,No
OFF006084,5320-BRKGK,2023-05-25,30% Discount,7.58,Yes,2023-05-28,Loyal,No
OFF006085,6284-KMNUF,2025-04-09,Loyalty Reward,0.0,Yes,2025-04-12,Loyal,No
OFF006086,6143-JQKEA,2024-01-28,30% Discount,4.58,Yes,2024-01-28,New,No
OFF006087,8676-OOQEJ,2025-10-19,Extra 100GB Data,100.0,Yes,2025-10-25,New,No
OFF006088,8676-OOQEJ,2023-08-02,Cashback ₹500,500.0,Yes,2023-08-05,New,No
OFF006089,3936-QQFLL,2024-03-07,Free 3 Months Streaming,0.0,Yes,2024-03-08,New,No
OFF006090,5057-RKGLH,2025-01-21,10% Discount,4.07,No,,New,No
OFF006091,5057-RKGLH,2024-12-21,30% Discount,4.07,Yes,2024-12-23,New,No
OFF006092,8910-ICHIU,2023-02-24,Loyalty Reward,0.0,Yes,2023-02-28,Loyal,No
OFF006093,4097-YODCF,2023-05-04,Free Installation,0.0,Yes,2023-05-10,Regular,No
OFF006094,9786-YWNHU,2023-02-13,Premium Support,0.0,Yes,2023-02-18,Loyal,No
OFF006095,4049-ZPALD,2023-12-09,Free Installation,0.0,No,,Loyal,No
OFF006096,1310-QRITU,2025-03-05,Loyalty Reward,0.0,Yes,2025-03-07,Regular,No
OFF006097,8961-QDZZJ,2023-12-24,Premium Support,0.0,Yes,2023-12-25,Loyal,No
OFF006098,9715-SBVSU,2023-09-22,30% Discount,6.14,Yes,2023-09-28,Regular,No
OFF006099,8490-BXHEO,2023-04-07,20% Discount,8.05,Yes,2023-04-08,Regular,No
OFF006100,7929-SKFGK,2023-05-06,Free 3 Months Streaming,0.0,Yes,2023-05-07,Loyal,No
OFF006101,2300-RQGOI,2024-11-26,30% Discount,4.01,No,,Loyal,No
OFF006102,4998-IKFSE,2023-06-26,20% Discount,30.13,Yes,2023-06-28,Regular,No
OFF006103,8630-QSGXK,2025-04-27,20% Discount,15.04,Yes,2025-04-28,Loyal,No
OFF006104,2455-USLMV,2024-11-16,Extra 100GB Data,100.0,Yes,2024-11-20,Regular,No
OFF006105,9488-FVZCC,2023-06-23,Premium Support,0.0,Yes,2023-06-28,Loyal,No
OFF006106,5995-WWKKG,2025-12-07,Free 3 Months Streaming,0.0,No,,Loyal,No
OFF006107,9921-EZKBY,2025-05-15,Cashback ₹500,500.0,No,,Regular,No
OFF006108,4456-RHSNB,2024-10-04,30% Discount,9.92,Yes,2024-10-06,Regular,No
OFF006109,2481-SBOYW,2024-06-06,10% Discount,5.0,Yes,2024-06-08,Loyal,No
OFF006110,8660-BUETV,2025-04-18,Free Upgrade,0.0,Yes,2025-04-22,New,No
OFF006111,8660-BUETV,2023-10-10,Free Upgrade,0.0,No,,New,No
OFF006112,5696-CEIQJ,2024-02-12,Cashback ₹500,500.0,Yes,2024-02-18,Loyal,No
OFF006113,1696-HXOWK,2025-12-23,Free 3 Months Streaming,0.0,No,,Loyal,No
OFF006114,3026-ATZYV,2024-07-06,Extra 100GB Data,100.0,Yes,2024-07-10,Loyal,No
OFF006115,9970-QBCDA,2024-01-04,Premium Support,0.0,Yes,2024-01-06,New,No
OFF006116,9970-QBCDA,2025-02-09,Free Upgrade,0.0,Yes,2025-02-14,New,No
OFF006117,9496-IVVRP,2023-12-05,Free Upgrade,0.0,No,,New,No
OFF006118,9496-IVVRP,2024-12-09,Free Installation,0.0,Yes,2024-12-10,New,No
OFF006119,2657-VPXTA,2025-08-16,Free Installation,0.0,Yes,2025-08-17,New,No
OFF006120,9289-LBQVU,2024-09-24,Cashback ₹500,500.0,Yes,2024-09-28,Loyal,No
OFF006121,6933-FHBZC,2024-06-05,10% Discount,16.81,No,,Regular,No
OFF006122,8990-ZXLSU,2024-11-18,Loyalty Reward,0.0,Yes,2024-11-21,New,No
OFF006123,8990-ZXLSU,2024-03-02,Loyalty Reward,0.0,Yes,2024-03-05,New,No
OFF006124,2275-RBYQS,2024-06-03,30% Discount,9.08,Yes,2024-06-05,New,No
OFF006125,2275-RBYQS,2025-02-21,Loyalty Reward,0.0,No,,New,No
OFF006126,7609-YBPXG,2023-01-04,20% Discount,17.42,Yes,2023-01-09,Loyal,No
OFF006127,5519-TEEUH,2023-09-11,10% Discount,2.02,No,,Regular,No
OFF006128,7856-GANIL,2024-08-03,20% Discount,9.87,Yes,2024-08-10,Loyal,No
OFF006129,2676-OXPPQ,2024-04-06,Cashback ₹500,500.0,Yes,2024-04-12,New,No
OFF006130,2676-OXPPQ,2025-03-27,Free 3 Months Streaming,0.0,No,,New,No
OFF006131,3173-NVMPX,2023-03-23,Free 3 Months Streaming,0.0,Yes,2023-03-27,New,No
OFF006132,0248-PGHBZ,2024-10-07,10% Discount,18.49,Yes,2024-10-08,Loyal,No
OFF006133,2892-GESUL,2024-04-16,10% Discount,1.94,Yes,2024-04-17,Regular,No
OFF006134,7472-EQOAV,2023-04-05,Free Installation,0.0,No,,Loyal,No
OFF006135,2043-WVTQJ,2023-09-16,Free 3 Months Streaming,0.0,No,,New,No
OFF006136,5044-LRQAQ,2025-08-17,10% Discount,13.84,Yes,2025-08-24,New,No
OFF006137,5044-LRQAQ,2025-04-28,Loyalty Reward,0.0,No,,New,No
OFF006138,5985-BEHZK,2025-05-19,Free Installation,0.0,Yes,2025-05-20,Loyal,No
OFF006139,5919-VCZYM,2025-06-07,Extra 100GB Data,100.0,Yes,2025-06-09,New,No
OFF006140,9644-KVCNC,2025-05-27,Cashback ₹500,500.0,No,,Loyal,No
OFF006141,2137-DQMEV,2025-11-10,Free 3 Months Streaming,0.0,No,,Loyal,No
OFF006142,8174-LNWMW,2023-09-08,Extra 100GB Data,100.0,Yes,2023-09-12,Regular,No
OFF006143,9279-CJEOJ,2025-02-17,Free 3 Months Streaming,0.0,Yes,2025-02-24,Regular,No
OFF006144,6646-JPPHA,2024-02-01,30% Discount,23.65,Yes,2024-02-08,Regular,No
OFF006145,7658-UYUQS,2024-07-15,Loyalty Reward,0.0,Yes,2024-07-19,Regular,No
OFF006146,7880-XSOJX,2023-04-18,10% Discount,8.48,Yes,2023-04-25,New,No
OFF006147,4589-IUAJB,2023-10-03,Premium Support,0.0,Yes,2023-10-05,Loyal,No
OFF006148,8457-XIGKN,2025-07-02,Loyalty Reward,0.0,Yes,2025-07-06,Regular,No
OFF006149,8838-GPHZP,2023-11-20,Free 3 Months Streaming,0.0,Yes,2023-11-24,Loyal,No
OFF006150,8750-QWZAJ,2024-02-03,Premium Support,0.0,Yes,2024-02-08,Loyal,No
OFF006151,0675-NCDYU,2023-08-14,20% Discount,34.92,Yes,2023-08-17,Loyal,No
OFF006152,6339-DKLMK,2024-10-09,30% Discount,3.17,Yes,2024-10-14,Regular,No
OFF006153,5088-QZLRL,2025-05-19,Free 3 Months Streaming,0.0,Yes,2025-05-26,New,No
OFF006154,8023-QHAIO,2023-12-04,Loyalty Reward,0.0,No,,Loyal,No
OFF006155,4397-FRLTA,2024-03-12,20% Discount,2.02,Yes,2024-03-15,New,No
OFF006156,2302-OUZXB,2023-05-15,Extra 100GB Data,100.0,No,,Loyal,No
OFF006157,2270-CHBFN,2023-11-26,Free Installation,0.0,Yes,2023-11-28,Loyal,No
OFF006158,9107-UKCKY,2024-07-27,Loyalty Reward,0.0,No,,Loyal,No
OFF006159,4654-ULTTN,2025-11-19,10% Discount,14.96,Yes,2025-11-24,Loyal,No
OFF006160,1492-KGETH,2025-12-12,Loyalty Reward,0.0,No,,Loyal,No
OFF006161,8215-NGSPE,2025-03-23,Free 3 Months Streaming,0.0,Yes,2025-03-25,Loyal,No
OFF006162,7601-DHFWZ,2024-06-10,Premium Support,0.0,Yes,2024-06-11,Loyal,No
OFF006163,0487-VVUVK,2025-11-05,Free Upgrade,0.0,No,,Regular,No
OFF006164,5063-IUOKK,2024-12-25,Premium Support,0.0,Yes,2024-12-28,Regular,No
OFF006165,2308-STERM,2023-04-15,Premium Support,0.0,Yes,2023-04-21,New,No
OFF006166,2877-VDUER,2025-09-17,Cashback ₹500,500.0,No,,Regular,No
OFF006167,8049-WJCLQ,2024-08-15,Loyalty Reward,0.0,No,,New,No
OFF006168,9705-ZJBCG,2025-10-28,Cashback ₹500,500.0,No,,Regular,No
OFF006169,6847-KJLTS,2024-11-16,Loyalty Reward,0.0,No,,Loyal,No
OFF006170,9670-BPNXF,2025-09-10,Extra 100GB Data,100.0,Yes,2025-09-14,Loyal,No
OFF006171,3301-VKTGC,2025-09-25,30% Discount,8.55,No,,Loyal,No
OFF006172,9932-WBWIK,2025-01-22,Premium Support,0.0,No,,New,No
OFF006173,4462-CYWMH,2025-04-07,Premium Support,0.0,Yes,2025-04-12,Loyal,No
OFF006174,8963-MQVYN,2025-09-17,10% Discount,6.17,No,,Regular,No
OFF006175,9334-GWGOW,2024-03-21,Free 3 Months Streaming,0.0,Yes,2024-03-24,New,No
OFF006176,9334-GWGOW,2025-01-18,Free Installation,0.0,No,,New,No
OFF006177,6542-LWGXJ,2024-08-02,Loyalty Reward,0.0,No,,New,No
OFF006178,6542-LWGXJ,2025-01-11,Extra 100GB Data,100.0,No,,New,No
OFF006179,5567-GZKQY,2024-01-01,30% Discount,2.03,Yes,2024-01-02,Loyal,No
OFF006180,2087-QAREY,2025-10-28,Extra 100GB Data,100.0,Yes,2025-10-28,Regular,No
OFF006181,4423-JWZJN,2024-03-06,30% Discount,27.07,Yes,2024-03-09,Loyal,No
OFF006182,6490-FGZAT,2023-05-25,Loyalty Reward,0.0,Yes,2023-05-28,New,No
OFF006183,6490-FGZAT,2023-10-20,Cashback ₹500,500.0,Yes,2023-10-26,New,No
OFF006184,2320-TZRRH,2024-08-17,Premium Support,0.0,No,,Regular,No
OFF006185,6147-CBCRA,2024-02-10,Cashback ₹500,500.0,Yes,2024-02-16,Regular,No
OFF006186,6047-SUHPR,2024-04-10,10% Discount,11.96,Yes,2024-04-15,Loyal,No
OFF006187,9752-ZNQUT,2023-04-11,Free Installation,0.0,Yes,2023-04-18,New,No
OFF006188,9752-ZNQUT,2025-10-15,20% Discount,9.72,Yes,2025-10-19,New,No
OFF006189,1576-PFZIW,2024-07-16,Premium Support,0.0,Yes,2024-07-22,Loyal,No
OFF006190,5666-MBJPT,2024-01-22,20% Discount,7.53,No,,Loyal,No
OFF006191,3096-GKWEB,2024-09-04,Free 3 Months Streaming,0.0,No,,Regular,No
OFF006192,1121-QSIVB,2025-04-15,Free Installation,0.0,No,,Loyal,No
OFF006193,4396-KLSEH,2023-01-09,30% Discount,1.99,Yes,2023-01-15,New,No
OFF006194,6345-HOVES,2025-01-01,10% Discount,2.51,No,,Regular,No
OFF006195,6469-QJKZW,2024-04-11,Extra 100GB Data,100.0,Yes,2024-04-18,New,No
OFF006196,5915-DGNVC,2025-05-10,Free Installation,0.0,Yes,2025-05-15,Loyal,No
OFF006197,6260-XLACS,2023-05-13,10% Discount,1.97,Yes,2023-05-17,New,No
OFF006198,3566-CAAYU,2025-10-09,Loyalty Reward,0.0,No,,Loyal,No
OFF006199,9103-CXVOK,2023-12-17,Cashback ₹500,500.0,Yes,2023-12-21,New,No
OFF006200,9103-CXVOK,2024-01-16,Extra 100GB Data,100.0,Yes,2024-01-22,New,No
OFF006201,2896-TBNBE,2025-12-26,Premium Support,0.0,Yes,2025-12-28,Loyal,No
OFF006202,4475-NVTLU,2023-02-16,Free Installation,0.0,No,,Loyal,No
OFF006203,5399-ZIMKF,2024-10-04,Free Upgrade,0.0,No,,New,No
OFF006204,0336-KXKFK,2025-09-24,Loyalty Reward,0.0,Yes,2025-09-27,Loyal,No
OFF006205,3948-FVVRP,2023-11-17,Free 3 Months Streaming,0.0,Yes,2023-11-24,New,No
OFF006206,5327-XOKKY,2024-01-21,Free Upgrade,0.0,Yes,2024-01-23,Loyal,No
OFF006207,1813-JYWTO,2024-09-20,Loyalty Reward,0.0,Yes,2024-09-21,Loyal,No
OFF006208,6719-OXYBR,2023-03-24,Free 3 Months Streaming,0.0,Yes,2023-03-28,Regular,No
OFF006209,3312-ZWLGF,2024-12-14,Cashback ₹500,500.0,Yes,2024-12-20,Regular,No
OFF006210,0168-XZKBB,2025-10-28,30% Discount,26.05,Yes,2025-10-28,Regular,No
OFF006211,3785-NRHYR,2025-03-18,Cashback ₹500,500.0,No,,New,No
OFF006212,3785-NRHYR,2023-03-11,30% Discount,1.96,Yes,2023-03-12,New,No
OFF006213,4537-DKTAL,2023-08-22,Free Installation,0.0,Yes,2023-08-25,New,No
OFF006214,4537-DKTAL,2025-08-11,20% Discount,9.11,Yes,2025-08-16,New,No
OFF006215,7072-MBHEV,2024-06-04,Premium Support,0.0,Yes,2024-06-08,New,No
OFF006216,5602-BVFMK,2024-12-01,20% Discount,1.93,Yes,2024-12-08,Regular,No
OFF006217,6297-NOOPG,2025-09-17,Cashback ₹500,500.0,Yes,2025-09-22,Loyal,No
OFF006218,8050-DVOJX,2024-02-02,10% Discount,24.4,Yes,2024-02-09,Loyal,No
OFF006219,1089-XZWHH,2024-05-16,Premium Support,0.0,Yes,2024-05-20,Regular,No
OFF006220,6064-ZATLR,2024-07-09,10% Discount,10.57,Yes,2024-07-13,Regular,No
OFF006221,9648-BCHKM,2024-01-20,Premium Support,0.0,Yes,2024-01-24,Regular,No
OFF006222,8707-HOEDG,2023-11-26,Free Installation,0.0,Yes,2023-11-28,Loyal,No
OFF006223,4936-YPJNK,2023-02-05,Premium Support,0.0,No,,New,No
OFF006224,4936-YPJNK,2024-07-26,Free Installation,0.0,No,,New,No
OFF006225,4817-KEQSP,2025-12-02,20% Discount,5.96,No,,Loyal,No
OFF006226,5135-GRQJV,2024-04-22,30% Discount,11.45,Yes,2024-04-25,Loyal,No
OFF006227,3580-GICBM,2025-12-17,Free 3 Months Streaming,0.0,Yes,2025-12-24,Loyal,No
OFF006228,0932-YIXYU,2025-06-17,Loyalty Reward,0.0,No,,Loyal,No
OFF006229,7636-XUHWW,2025-09-15,20% Discount,5.97,Yes,2025-09-17,New,No
OFF006230,7636-XUHWW,2025-09-26,Extra 100GB Data,100.0,Yes,2025-09-28,New,No
OFF006231,6349-JDHQP,2025-12-10,Free 3 Months Streaming,0.0,Yes,2025-12-13,Loyal,No
OFF006232,5539-HIVAK,2023-10-23,Cashback ₹500,500.0,Yes,2023-10-25,Regular,No
OFF006233,1421-HCERK,2024-04-21,20% Discount,31.71,No,,Regular,No
OFF006234,0716-BQNDX,2023-02-20,Free Installation,0.0,No,,Loyal,No
OFF006235,1183-CANVH,2023-10-24,30% Discount,18.0,Yes,2023-10-28,Regular,No
OFF006236,3407-JMJQQ,2025-02-25,Cashback ₹500,500.0,Yes,2025-02-28,Loyal,No
OFF006237,1539-LNKHM,2023-03-15,Free 3 Months Streaming,0.0,Yes,2023-03-21,Regular,No
OFF006238,0289-IVARM,2023-12-26,30% Discount,18.16,Yes,2023-12-28,Regular,No
OFF006239,4057-FKCZK,2025-08-18,20% Discount,16.5,Yes,2025-08-23,Loyal,No
OFF006240,4291-TPNFG,2025-11-09,30% Discount,8.23,Yes,2025-11-14,Loyal,No
OFF006241,6087-YPWHO,2025-09-17,Free Installation,0.0,Yes,2025-09-19,Loyal,No
OFF006242,1722-LDZJS,2025-02-23,Premium Support,0.0,Yes,2025-02-28,Loyal,No
OFF006243,1818-ESQMW,2023-06-25,10% Discount,8.92,Yes,2023-06-28,Regular,No
OFF006244,7401-RUBNK,2025-01-09,Free Installation,0.0,No,,Regular,No
OFF006245,0980-PVMRC,2025-08-04,Loyalty Reward,0.0,No,,Loyal,No
OFF006246,7233-DRTRF,2024-07-27,Loyalty Reward,0.0,Yes,2024-07-28,Loyal,No
OFF006247,1162-ECVII,2025-01-17,Extra 100GB Data,100.0,Yes,2025-01-22,Loyal,No
OFF006248,7048-GXDAY,2024-04-24,Cashback ₹500,500.0,Yes,2024-04-28,Loyal,No
OFF006249,8571-ZCMCX,2025-09-12,Extra 100GB Data,100.0,Yes,2025-09-15,Loyal,No
OFF006250,7129-CAKJW,2023-02-03,Cashback ₹500,500.0,Yes,2023-02-08,Regular,No
OFF006251,8695-ARGXZ,2025-10-21,Cashback ₹500,500.0,No,,Regular,No
OFF006252,3570-YUEKJ,2023-02-27,10% Discount,14.86,Yes,2023-02-28,Loyal,No
OFF006253,1555-HAPSU,2025-01-12,Free Installation,0.0,Yes,2025-01-15,Loyal,No
OFF006254,6754-LZUKA,2025-03-01,20% Discount,16.18,Yes,2025-03-07,Loyal,No
OFF006255,8099-MZPUJ,2024-11-23,30% Discount,22.36,No,,Loyal,No
OFF006256,0787-LHDYT,2023-11-07,Cashback ₹500,500.0,No,,Regular,No
OFF006257,0374-IOEGQ,2025-07-03,Free Installation,0.0,Yes,2025-07-05,New,No
OFF006258,3396-DKDEL,2025-07-27,Premium Support,0.0,No,,Loyal,No
OFF006259,9112-WSNPU,2023-11-14,Free Installation,0.0,Yes,2023-11-15,Regular,No
OFF006260,0402-OAMEN,2023-09-28,30% Discount,2.45,No,,Loyal,No
OFF006261,6754-WKSHP,2024-07-07,Free Installation,0.0,No,,Regular,No
OFF006262,4976-LNFVV,2023-06-14,Loyalty Reward,0.0,No,,Regular,No
OFF006263,5055-MGMGF,2023-01-01,20% Discount,10.51,Yes,2023-01-03,Loyal,No
OFF006264,4641-FROLU,2024-06-24,20% Discount,1.93,No,,Regular,No
OFF006265,2862-JVEOY,2023-08-13,Extra 100GB Data,100.0,No,,New,No
OFF006266,2969-QWUBZ,2024-03-16,Free Installation,0.0,Yes,2024-03-18,New,No
OFF006267,2969-QWUBZ,2024-04-11,Premium Support,0.0,Yes,2024-04-18,New,No
OFF006268,2077-MPJQO,2024-03-13,Premium Support,0.0,Yes,2024-03-18,New,No
OFF006269,2077-MPJQO,2024-05-13,Loyalty Reward,0.0,Yes,2024-05-20,New,No
OFF006270,2971-SGAFL,2025-02-28,Free Installation,0.0,Yes,2025-02-28,Regular,No
OFF006271,2905-KFQUV,2023-08-21,Free Installation,0.0,No,,New,No
OFF006272,2905-KFQUV,2024-05-15,Extra 100GB Data,100.0,No,,New,No
OFF006273,3370-HXOPH,2024-11-16,Free 3 Months Streaming,0.0,No,,New,No
OFF006274,0281-CNTZX,2024-01-12,Free Installation,0.0,Yes,2024-01-15,Loyal,No
OFF006275,9114-VEPUF,2025-11-12,20% Discount,28.83,No,,Loyal,No
OFF006276,2338-BQEZT,2023-01-27,Free 3 Months Streaming,0.0,No,,Loyal,No
OFF006277,9873-MNDKV,2023-01-14,Free Installation,0.0,Yes,2023-01-19,New,No
OFF006278,9873-MNDKV,2024-02-15,Premium Support,0.0,Yes,2024-02-22,New,No
OFF006279,2194-IIQOF,2024-11-08,20% Discount,17.86,Yes,2024-11-14,Loyal,No
OFF006280,2621-UDNLU,2023-04-08,Cashback ₹500,500.0,Yes,2023-04-13,New,No
OFF006281,2621-UDNLU,2023-07-19,Extra 100GB Data,100.0,Yes,2023-07-26,New,No
OFF006282,7526-IVLYU,2023-03-16,20% Discount,1.96,Yes,2023-03-18,New,No
OFF006283,7526-IVLYU,2023-05-24,Free Installation,0.0,Yes,2023-05-28,New,No
OFF006284,2428-HYUNX,2024-09-15,Cashback ₹500,500.0,Yes,2024-09-22,Loyal,No
OFF006285,8909-BOLNL,2024-10-23,10% Discount,2.12,Yes,2024-10-27,New,No
OFF006286,3229-USWAR,2024-11-25,10% Discount,8.0,Yes,2024-11-28,Regular,No
OFF006287,2138-VFAPZ,2024-07-06,Free Upgrade,0.0,Yes,2024-07-10,Regular,No
OFF006288,9693-XMUOB,2024-02-21,Premium Support,0.0,No,,Loyal,No
OFF006289,3549-ZTMNH,2025-02-09,Free Upgrade,0.0,No,,Regular,No
OFF006290,1635-NZATJ,2023-06-19,Premium Support,0.0,Yes,2023-06-20,Loyal,No
OFF006291,0562-HKHML,2024-12-07,Premium Support,0.0,No,,Loyal,No
OFF006292,1455-HFBXA,2024-05-28,10% Discount,18.32,Yes,2024-05-28,Loyal,No
OFF006293,9402-CXWPL,2024-11-21,30% Discount,29.67,Yes,2024-11-25,Loyal,No
OFF006294,0082-LDZUE,2025-09-12,Cashback ₹500,500.0,No,,New,No
OFF006295,5343-SGUBI,2024-06-25,Free Installation,0.0,Yes,2024-06-28,Loyal,No
OFF006296,0856-NAOES,2024-02-18,30% Discount,12.18,Yes,2024-02-21,New,No
OFF006297,1976-AZZPJ,2025-07-04,Free Installation,0.0,No,,New,No
OFF006298,1976-AZZPJ,2023-10-27,Free 3 Months Streaming,0.0,Yes,2023-10-28,New,No
OFF006299,5183-KLYEM,2025-01-06,Cashback ₹500,500.0,Yes,2025-01-13,Loyal,No
OFF006300,5144-PQCDZ,2023-06-25,Premium Support,0.0,Yes,2023-06-27,New,No
OFF006301,8514-VZHEB,2024-10-17,Cashback ₹500,500.0,Yes,2024-10-18,Loyal,No
OFF006302,6625-IUTTT,2025-01-27,Free Installation,0.0,No,,Loyal,No
OFF006303,9355-NPPFS,2024-08-11,Free Upgrade,0.0,Yes,2024-08-17,Regular,No
OFF006304,1356-MKYSK,2024-05-09,30% Discount,23.6,Yes,2024-05-16,New,No
OFF006305,8398-TBIYD,2023-02-07,Loyalty Reward,0.0,Yes,2023-02-09,Loyal,No
OFF006306,2931-FSOHN,2024-08-14,Free Installation,0.0,Yes,2024-08-15,Regular,No
OFF006307,9971-ZWPBF,2023-11-17,Free Upgrade,0.0,No,,Regular,No
OFF006308,4712-AUQZO,2025-01-20,Cashback ₹500,500.0,Yes,2025-01-23,Regular,No
OFF006309,1414-YADCW,2023-05-06,10% Discount,8.46,No,,Loyal,No
OFF006310,2862-PFNIK,2025-02-20,Premium Support,0.0,No,,New,No
OFF006311,4430-YHXGG,2025-08-23,Extra 100GB Data,100.0,Yes,2025-08-26,New,No
OFF006312,6888-SBYAI,2024-01-15,20% Discount,5.07,Yes,2024-01-17,New,No
OFF006313,7169-YWAMK,2023-01-08,Free 3 Months Streaming,0.0,Yes,2023-01-10,Loyal,No
OFF006314,2729-VNVAP,2024-09-06,Extra 100GB Data,100.0,No,,Regular,No
OFF006315,2049-BAFNW,2025-01-15,10% Discount,10.77,No,,New,No
OFF006316,2049-BAFNW,2025-11-13,Extra 100GB Data,100.0,Yes,2025-11-20,New,No
OFF006317,3842-QTGDL,2024-09-28,Cashback ₹500,500.0,Yes,2024-09-28,Regular,No
OFF006318,9782-LGXMC,2024-02-02,30% Discount,12.35,Yes,2024-02-05,Loyal,No
OFF006319,5975-BAICR,2024-05-24,10% Discount,12.74,Yes,2024-05-25,Loyal,No
OFF006320,4673-KKSLS,2025-07-25,Cashback ₹500,500.0,No,,Regular,No
OFF006321,4853-OITSN,2024-08-02,30% Discount,26.75,No,,New,No
OFF006322,4853-OITSN,2023-11-22,30% Discount,17.83,Yes,2023-11-28,New,No
OFF006323,2324-EFHVG,2023-10-22,Loyalty Reward,0.0,No,,Loyal,No
OFF006324,7094-MSZAO,2024-01-20,30% Discount,2.01,Yes,2024-01-21,New,No
OFF006325,0780-XNZFN,2025-01-24,20% Discount,2.06,No,,Loyal,No
OFF006326,0239-OXEXL,2024-12-07,30% Discount,8.43,Yes,2024-12-13,Loyal,No
OFF006327,7049-GKVZY,2023-02-22,Loyalty Reward,0.0,No,,Regular,No
OFF006328,3721-CNZHX,2023-12-07,30% Discount,1.98,No,,Regular,No
OFF006329,1099-GODLO,2023-06-18,30% Discount,2.04,No,,New,No
OFF006330,1099-GODLO,2025-04-05,Free Installation,0.0,No,,New,No
OFF006331,2080-GKCWQ,2023-12-06,Free 3 Months Streaming,0.0,No,,New,No
OFF006332,2080-GKCWQ,2025-08-13,Free Installation,0.0,Yes,2025-08-17,New,No
OFF006333,2193-SFWQW,2024-11-05,Cashback ₹500,500.0,No,,Loyal,No
OFF006334,0442-TDYUO,2025-06-17,Premium Support,0.0,No,,Loyal,No
OFF006335,4367-NHWMM,2023-01-23,Free Upgrade,0.0,Yes,2023-01-28,New,No
OFF006336,6736-DHUQI,2025-08-02,Free 3 Months Streaming,0.0,Yes,2025-08-07,Loyal,No
OFF006337,4451-RWASJ,2025-12-06,Free Upgrade,0.0,Yes,2025-12-13,Regular,No
OFF006338,5917-HBSDW,2023-06-19,Free Upgrade,0.0,No,,Loyal,No
OFF006339,5671-UUNXD,2023-11-02,Free Upgrade,0.0,Yes,2023-11-06,Loyal,No
OFF006340,2325-NBPZG,2023-11-28,Premium Support,0.0,No,,New,No
OFF006341,2325-NBPZG,2024-10-24,Premium Support,0.0,Yes,2024-10-25,New,No
OFF006342,8859-DZTGQ,2023-09-13,Free Upgrade,0.0,Yes,2023-09-18,Regular,No
OFF006343,0020-JDNXP,2025-06-25,30% Discount,12.25,No,,Regular,No
OFF006344,2887-JPYLU,2025-07-16,Free Installation,0.0,Yes,2025-07-21,Loyal,No
OFF006345,4770-QAZXN,2024-07-04,Cashback ₹500,500.0,Yes,2024-07-08,Regular,No
OFF006346,4896-CPRPF,2024-04-12,Free Installation,0.0,No,,Regular,No
OFF006347,9714-EDSUC,2025-07-06,Free Upgrade,0.0,Yes,2025-07-09,New,No
OFF006348,9714-EDSUC,2023-08-07,Free Installation,0.0,No,,New,No
OFF006349,7353-YOWFP,2023-04-14,30% Discount,4.05,Yes,2023-04-15,New,No
OFF006350,8008-ESFLK,2024-03-24,30% Discount,33.15,Yes,2024-03-28,Loyal,No
OFF006351,7537-CBQUZ,2023-12-05,Free Upgrade,0.0,No,,Loyal,No
OFF006352,3363-EWLGO,2023-07-13,Premium Support,0.0,Yes,2023-07-14,New,No
OFF006353,4750-UKWJK,2023-02-06,20% Discount,1.96,No,,Loyal,No
OFF006354,4487-ZYJZK,2023-11-17,Extra 100GB Data,100.0,Yes,2023-11-18,Loyal,No
OFF006355,2959-FENLU,2023-05-17,Free 3 Months Streaming,0.0,No,,New,No
OFF006356,7634-HLQJR,2025-02-28,Extra 100GB Data,100.0,No,,Loyal,No
OFF006357,0487-RPVUM,2023-01-19,Loyalty Reward,0.0,No,,Loyal,No
OFF006358,4079-ULGFR,2025-06-01,Free 3 Months Streaming,0.0,Yes,2025-06-07,Regular,No
OFF006359,6599-SFQVE,2024-09-23,Free 3 Months Streaming,0.0,No,,New,No
OFF006360,0613-WUXUM,2024-07-18,Extra 100GB Data,100.0,No,,Loyal,No
OFF006361,4458-KVRBJ,2025-11-15,Free Installation,0.0,Yes,2025-11-21,Loyal,No
OFF006362,1397-XKKWR,2023-07-03,Free Installation,0.0,No,,New,No
OFF006363,0401-WDBXM,2025-10-03,10% Discount,21.11,Yes,2025-10-09,Loyal,No
OFF006364,6096-EGVTU,2024-10-10,Free Installation,0.0,Yes,2024-10-12,Loyal,No
OFF006365,5081-NWSUP,2024-02-03,10% Discount,12.98,No,,New,No
OFF006366,9691-HKOVS,2023-12-06,Premium Support,0.0,No,,Loyal,No
OFF006367,1468-DEFNC,2025-01-18,30% Discount,2.44,Yes,2025-01-23,Loyal,No
OFF006368,9625-QNLUX,2024-03-20,10% Discount,30.97,Yes,2024-03-25,Loyal,No
OFF006369,7110-BDTWG,2023-07-10,Premium Support,0.0,Yes,2023-07-17,Loyal,No
OFF006370,7493-GVFIO,2024-09-24,10% Discount,4.11,Yes,2024-09-28,Loyal,No
OFF006371,0690-SRQID,2023-09-25,Free 3 Months Streaming,0.0,Yes,2023-09-27,New,No
OFF006372,0690-SRQID,2023-03-07,Loyalty Reward,0.0,No,,New,No
OFF006373,9605-WGJVW,2024-12-12,20% Discount,14.04,Yes,2024-12-15,New,No
OFF006374,9605-WGJVW,2023-09-11,Extra 100GB Data,100.0,No,,New,No
OFF006375,9114-DPSIA,2024-03-03,Cashback ₹500,500.0,No,,Loyal,No
OFF006376,4700-UBQMV,2025-03-02,Free Installation,0.0,No,,Regular,No
OFF006377,7711-GQBZC,2024-05-22,Free 3 Months Streaming,0.0,Yes,2024-05-27,Loyal,No
OFF006378,7356-AYNJP,2024-04-25,Loyalty Reward,0.0,Yes,2024-04-28,New,No
OFF006379,7356-AYNJP,2024-09-02,10% Discount,2.39,Yes,2024-09-06,New,No
OFF006380,6286-SUUWT,2023-08-20,Free Upgrade,0.0,Yes,2023-08-24,New,No
OFF006381,8654-DHAOW,2024-01-04,Loyalty Reward,0.0,Yes,2024-01-11,New,No
OFF006382,8654-DHAOW,2023-06-14,Loyalty Reward,0.0,Yes,2023-06-15,New,No
OFF006383,1228-ZLNBX,2023-12-11,Loyalty Reward,0.0,Yes,2023-12-15,Regular,No
OFF006384,0080-EMYVY,2024-05-20,20% Discount,10.29,Yes,2024-05-22,Regular,No
OFF006385,7337-CINUD,2025-02-21,20% Discount,1.95,Yes,2025-02-23,New,No
OFF006386,0623-EJQEG,2024-09-26,Extra 100GB Data,100.0,No,,Loyal,No
OFF006387,7153-CHRBV,2024-08-12,10% Discount,11.86,Yes,2024-08-15,Loyal,No
OFF006388,6198-PNNSZ,2025-08-25,10% Discount,21.96,Yes,2025-08-26,Loyal,No
OFF006389,3317-VLGQT,2025-02-10,Free 3 Months Streaming,0.0,Yes,2025-02-12,Regular,No
OFF006390,5614-DNZCE,2023-09-22,20% Discount,19.47,No,,Loyal,No
OFF006391,9638-JIQYA,2025-07-15,30% Discount,4.98,No,,New,No
OFF006392,3258-SANFR,2023-02-03,Free Upgrade,0.0,Yes,2023-02-10,New,No
OFF006393,3726-TBHQT,2023-11-14,10% Discount,34.2,Yes,2023-11-16,Loyal,No
OFF006394,3039-MJSLN,2025-06-24,Free 3 Months Streaming,0.0,Yes,2025-06-25,New,No
OFF006395,3039-MJSLN,2025-05-05,Free 3 Months Streaming,0.0,Yes,2025-05-09,New,No
OFF006396,0178-CIIKR,2025-08-15,Premium Support,0.0,Yes,2025-08-18,New,No
OFF006397,5010-IPEAQ,2024-02-13,10% Discount,5.42,Yes,2024-02-15,Loyal,No
OFF006398,3069-SSVSN,2025-02-10,10% Discount,5.17,Yes,2025-02-14,New,No
OFF006399,5222-IMUKT,2024-01-04,Free Installation,0.0,Yes,2024-01-08,Regular,No
OFF006400,3845-FXCYS,2023-08-02,30% Discount,1.96,Yes,2023-08-09,New,No
OFF006401,5857-XRECV,2025-09-06,Free Installation,0.0,No,,New,No
OFF006402,4343-EJVQB,2024-11-16,10% Discount,22.3,Yes,2024-11-20,New,No
OFF006403,3427-GGZZI,2025-05-25,20% Discount,17.82,Yes,2025-05-28,Regular,No
OFF006404,3154-CFSZG,2024-01-13,10% Discount,9.01,Yes,2024-01-18,Loyal,No
OFF006405,2220-IAHLS,2024-10-28,Free 3 Months Streaming,0.0,Yes,2024-10-28,New,No
OFF006406,2220-IAHLS,2025-09-01,Extra 100GB Data,100.0,No,,New,No
OFF006407,2378-HTWFW,2023-09-01,Cashback ₹500,500.0,Yes,2023-09-06,Regular,No
OFF006408,4377-VDHYI,2025-07-13,Cashback ₹500,500.0,No,,Regular,No
OFF006409,3719-TDVQB,2024-03-04,Free Upgrade,0.0,Yes,2024-03-10,Loyal,No
OFF006410,0201-MIBOL,2025-05-18,Extra 100GB Data,100.0,Yes,2025-05-22,Loyal,No
OFF006411,4937-QPZPO,2025-12-07,10% Discount,19.98,Yes,2025-12-09,Loyal,No
OFF006412,2925-VDZHY,2024-10-08,Premium Support,0.0,Yes,2024-10-09,Loyal,No
OFF006413,3413-CSSTH,2023-07-26,Extra 100GB Data,100.0,Yes,2023-07-27,Loyal,No
OFF006414,8033-VCZGH,2025-01-28,Extra 100GB Data,100.0,No,,Loyal,No
OFF006415,8495-PRWFH,2024-04-27,Free Installation,0.0,Yes,2024-04-28,Loyal,No
OFF006416,5716-LIBJC,2024-12-11,Loyalty Reward,0.0,Yes,2024-12-18,Regular,No
OFF006417,2868-LLSKM,2024-10-10,Loyalty Reward,0.0,Yes,2024-10-17,Loyal,No
OFF006418,2988-QRAJY,2024-03-24,10% Discount,11.01,No,,Loyal,No
OFF006419,0071-NDAFP,2023-05-13,Premium Support,0.0,Yes,2023-05-14,Regular,No
OFF006420,7328-ZJAJO,2024-02-27,Free 3 Months Streaming,0.0,No,,Loyal,No
OFF006421,1090-PYKCI,2024-03-02,20% Discount,31.53,Yes,2024-03-06,Loyal,No
OFF006422,3058-WQDRE,2024-12-06,Free Installation,0.0,No,,Regular,No
OFF006423,2279-AXJJK,2023-04-26,Cashback ₹500,500.0,No,,Loyal,No
OFF006424,3417-TSCIC,2024-12-27,Free Installation,0.0,No,,Regular,No
OFF006425,6537-OTKMY,2025-01-28,Extra 100GB Data,100.0,Yes,2025-01-28,Regular,No
OFF006426,8999-EXMNO,2023-11-08,Premium Support,0.0,No,,Regular,No
OFF006427,6725-TPKJO,2025-09-26,Free Installation,0.0,Yes,2025-09-28,Loyal,No
OFF006428,1599-MMYRQ,2025-03-17,20% Discount,24.43,No,,Loyal,No
OFF006429,8821-KVZKQ,2024-02-09,Cashback ₹500,500.0,Yes,2024-02-11,Loyal,No
OFF006430,6434-TTGJP,2023-04-15,Cashback ₹500,500.0,Yes,2023-04-22,New,No
OFF006431,6434-TTGJP,2023-09-26,Extra 100GB Data,100.0,Yes,2023-09-28,New,No
OFF006432,0130-SXOUN,2023-11-20,Free Upgrade,0.0,Yes,2023-11-24,Loyal,No
OFF006433,8597-CTXVJ,2024-04-10,Loyalty Reward,0.0,Yes,2024-04-14,Loyal,No
OFF006434,6631-HMANX,2024-05-17,30% Discount,17.09,Yes,2024-05-22,Loyal,No
OFF006435,9962-BFPDU,2025-08-08,Free 3 Months Streaming,0.0,Yes,2025-08-13,New,No
OFF006436,9962-BFPDU,2025-03-07,Free Upgrade,0.0,Yes,2025-03-10,New,No
OFF006437,6394-HHHZM,2023-11-14,Loyalty Reward,0.0,Yes,2023-11-16,New,No
OFF006438,0665-XHDJU,2025-07-18,Free Installation,0.0,Yes,2025-07-23,Loyal,No
OFF006439,8265-HKSOW,2025-08-27,10% Discount,32.23,No,,Loyal,No
OFF006440,3544-FBCAS,2024-12-12,Loyalty Reward,0.0,Yes,2024-12-17,Loyal,No
OFF006441,5331-RGMTT,2025-07-06,Free Installation,0.0,Yes,2025-07-11,Loyal,No
OFF006442,4759-PXTAN,2025-07-02,Premium Support,0.0,No,,Loyal,No
OFF006443,7054-DMVAS,2023-07-27,Cashback ₹500,500.0,Yes,2023-07-28,Loyal,No
OFF006444,6549-BTYPG,2023-08-18,Free Installation,0.0,Yes,2023-08-22,Loyal,No
OFF006445,7823-JSOAG,2023-11-11,Cashback ₹500,500.0,Yes,2023-11-16,New,No
OFF006446,9374-YOLBJ,2025-10-01,Free Upgrade,0.0,Yes,2025-10-08,New,No
OFF006447,9933-QRGTX,2025-08-15,Free Installation,0.0,Yes,2025-08-17,Loyal,No
OFF006448,5066-GFJMM,2025-10-15,Free Upgrade,0.0,Yes,2025-10-16,New,No
OFF006449,5066-GFJMM,2023-04-04,Premium Support,0.0,Yes,2023-04-06,New,No
OFF006450,2661-GKBTK,2024-01-02,Free Upgrade,0.0,Yes,2024-01-06,Loyal,No
OFF006451,0458-HEUZG,2024-01-17,Free Upgrade,0.0,No,,Regular,No
OFF006452,0824-VWDPO,2025-11-16,Free 3 Months Streaming,0.0,Yes,2025-11-19,Loyal,No
OFF006453,2578-JQPHZ,2023-01-21,Cashback ₹500,500.0,No,,Loyal,No
OFF006454,3278-FSIXX,2024-05-24,Free Installation,0.0,No,,New,No
OFF006455,3278-FSIXX,2024-03-03,Free Upgrade,0.0,Yes,2024-03-06,New,No
OFF006456,9746-UGFAC,2023-06-11,Free 3 Months Streaming,0.0,No,,Regular,No
OFF006457,2946-KIQSP,2024-08-25,Extra 100GB Data,100.0,Yes,2024-08-28,Regular,No
OFF006458,0625-AFOHS,2024-11-15,20% Discount,6.06,Yes,2024-11-18,Regular,No
OFF006459,6726-WEXXK,2023-04-19,Cashback ₹500,500.0,Yes,2023-04-20,Regular,No
OFF006460,5003-OKNNK,2024-04-28,Premium Support,0.0,No,,Regular,No
OFF006461,0489-WMEMG,2025-06-18,Extra 100GB Data,100.0,No,,Regular,No
OFF006462,1354-YZFNB,2025-08-05,10% Discount,3.91,Yes,2025-08-11,New,No
OFF006463,1354-YZFNB,2023-06-04,Free 3 Months Streaming,0.0,Yes,2023-06-10,New,No
OFF006464,2812-ENYMO,2025-08-12,30% Discount,5.46,Yes,2025-08-18,Regular,No
OFF006465,2717-HVIZY,2023-01-08,Premium Support,0.0,Yes,2023-01-15,New,No
OFF006466,2717-HVIZY,2025-12-07,30% Discount,4.01,Yes,2025-12-12,New,No
OFF006467,3422-GALYP,2023-06-01,Free Installation,0.0,Yes,2023-06-04,New,No
OFF006468,3422-GALYP,2023-04-11,Cashback ₹500,500.0,Yes,2023-04-12,New,No
OFF006469,2890-WFBHU,2024-10-24,Loyalty Reward,0.0,Yes,2024-10-28,Loyal,No
OFF006470,0327-WFZSY,2025-08-03,20% Discount,30.0,No,,Loyal,No
OFF006471,7033-CLAMM,2024-01-11,Free Upgrade,0.0,Yes,2024-01-13,Loyal,No
OFF006472,4023-RTIQM,2025-12-12,Free Installation,0.0,Yes,2025-12-14,Regular,No
OFF006473,7356-IWLFW,2024-05-06,Free Installation,0.0,Yes,2024-05-07,Loyal,No
OFF006474,7872-RDDLZ,2023-11-06,Premium Support,0.0,Yes,2023-11-08,Loyal,No
OFF006475,6308-CQRBU,2023-10-27,Extra 100GB Data,100.0,No,,Loyal,No
OFF006476,0186-CAERR,2025-01-10,Free Installation,0.0,Yes,2025-01-14,Loyal,No
OFF006477,5442-BHQNG,2023-01-01,30% Discount,21.1,Yes,2023-01-07,New,No
OFF006478,5442-BHQNG,2023-03-15,Loyalty Reward,0.0,Yes,2023-03-20,New,No
OFF006479,5872-OEQNH,2023-09-08,Extra 100GB Data,100.0,No,,Loyal,No
OFF006480,5696-JVVQY,2025-03-09,Loyalty Reward,0.0,Yes,2025-03-13,Loyal,No
OFF006481,8946-BFWSG,2023-12-27,Free Upgrade,0.0,Yes,2023-12-28,Loyal,No
OFF006482,8845-LWKGE,2024-05-11,Free Installation,0.0,No,,Regular,No
OFF006483,0691-NIKRI,2023-09-16,Cashback ₹500,500.0,Yes,2023-09-19,Loyal,No
OFF006484,3736-BLEPA,2025-12-09,Loyalty Reward,0.0,No,,Regular,No
OFF006485,6603-QWSPR,2024-12-10,Free Installation,0.0,Yes,2024-12-16,Loyal,No
OFF006486,1929-ZCBHE,2024-10-18,Cashback ₹500,500.0,No,,Loyal,No
OFF006487,8647-SDTWQ,2025-05-06,30% Discount,7.43,Yes,2025-05-13,Loyal,No
OFF006488,2081-KJSQF,2025-09-10,Free Upgrade,0.0,Yes,2025-09-14,New,No
OFF006489,3323-CPBWR,2024-08-08,Free 3 Months Streaming,0.0,Yes,2024-08-15,Regular,No
OFF006490,0902-RFHOF,2023-03-27,Free Upgrade,0.0,No,,Loyal,No
OFF006491,6048-QBXKL,2023-09-17,Free 3 Months Streaming,0.0,No,,New,No
OFF006492,6048-QBXKL,2023-01-01,Free Upgrade,0.0,No,,New,No
OFF006493,3451-VAWLI,2025-03-08,Free 3 Months Streaming,0.0,Yes,2025-03-14,Regular,No
OFF006494,3407-QGWLG,2023-04-20,Free Installation,0.0,Yes,2023-04-27,New,No
OFF006495,2347-WKKAE,2025-10-07,Cashback ₹500,500.0,Yes,2025-10-11,Loyal,No
OFF006496,8735-DCXNF,2025-06-20,Free Installation,0.0,Yes,2025-06-22,New,No
OFF006497,3214-IYUUQ,2024-02-24,Free 3 Months Streaming,0.0,Yes,2024-02-28,Loyal,No
OFF006498,1936-UAFEH,2024-11-19,Free Upgrade,0.0,No,,Loyal,No
OFF006499,3587-PMCOY,2024-08-06,10% Discount,29.67,Yes,2024-08-10,New,No
OFF006500,3587-PMCOY,2025-05-21,Loyalty Reward,0.0,No,,New,No
OFF006501,1027-LKKQQ,2024-07-23,30% Discount,16.09,No,,Loyal,No
OFF006502,7148-XZPHA,2024-03-16,Free 3 Months Streaming,0.0,No,,Loyal,No
OFF006503,5309-TAIKL,2024-04-22,Loyalty Reward,0.0,No,,New,No
OFF006504,6856-RAURS,2023-06-25,Free 3 Months Streaming,0.0,Yes,2023-06-28,New,No
OFF006505,6856-RAURS,2025-10-24,10% Discount,22.47,Yes,2025-10-28,New,No
OFF006506,9717-IOAAF,2025-05-21,10% Discount,2.59,Yes,2025-05-28,Regular,No
OFF006507,2845-KDHVX,2025-09-03,30% Discount,6.83,Yes,2025-09-05,Loyal,No
OFF006508,6734-FQAJX,2024-02-08,Premium Support,0.0,No,,Loyal,No
OFF006509,1535-VTJOQ,2025-06-10,Extra 100GB Data,100.0,Yes,2025-06-14,Regular,No
OFF006510,0943-ZQPXH,2024-03-28,Extra 100GB Data,100.0,Yes,2024-03-28,Loyal,No
OFF006511,2378-VTKDH,2024-11-15,Free 3 Months Streaming,0.0,Yes,2024-11-18,Loyal,No
OFF006512,0927-CNGRH,2025-11-06,10% Discount,3.91,No,,New,No
OFF006513,2335-GSODA,2023-12-23,Extra 100GB Data,100.0,Yes,2023-12-24,Regular,No
OFF006514,1952-DVVSW,2024-06-19,20% Discount,6.03,Yes,2024-06-22,New,No
OFF006515,1952-DVVSW,2024-11-11,20% Discount,6.03,Yes,2024-11-18,New,No
OFF006516,9853-JFZDU,2023-01-04,30% Discount,5.69,Yes,2023-01-05,Regular,No
OFF006517,3777-XROBG,2025-03-25,20% Discount,3.91,Yes,2025-03-26,Loyal,No
OFF006518,3466-RITXD,2024-06-04,Free Upgrade,0.0,No,,Regular,No
OFF006519,2680-XKKNJ,2023-02-28,20% Discount,11.64,No,,New,No
OFF006520,7921-BEPCI,2023-03-04,Premium Support,0.0,Yes,2023-03-05,Loyal,No
OFF006521,8510-TMWYB,2025-10-20,Extra 100GB Data,100.0,Yes,2025-10-22,Loyal,No
OFF006522,3258-ZKPAI,2023-01-16,Loyalty Reward,0.0,Yes,2023-01-21,Loyal,No
OFF006523,1428-IEDPR,2025-02-02,Loyalty Reward,0.0,Yes,2025-02-03,Loyal,No
OFF006524,5298-GSTLM,2023-04-13,Free 3 Months Streaming,0.0,Yes,2023-04-18,Loyal,No
OFF006525,4450-YOOHP,2025-12-03,Extra 100GB Data,100.0,No,,Loyal,No
OFF006526,6121-TNHBO,2024-05-06,Free Installation,0.0,Yes,2024-05-08,Loyal,No
OFF006527,3472-QPRCH,2023-12-27,20% Discount,5.05,Yes,2023-12-28,Loyal,No
OFF006528,8224-UAXBZ,2023-12-13,Free Upgrade,0.0,No,,Loyal,No
OFF006529,9610-WCESF,2024-01-22,Free Upgrade,0.0,Yes,2024-01-28,Loyal,No
OFF006530,2486-WYVVE,2023-02-02,Loyalty Reward,0.0,Yes,2023-02-08,Regular,No
OFF006531,3865-ZYKAD,2025-01-24,20% Discount,16.98,No,,Loyal,No
OFF006532,1422-DGUBX,2023-11-24,Free Installation,0.0,No,,Regular,No
OFF006533,8668-KNZTI,2024-12-14,Loyalty Reward,0.0,No,,Loyal,No
OFF006534,0480-KYJVA,2025-04-04,Free 3 Months Streaming,0.0,Yes,2025-04-09,Loyal,No
OFF006535,3926-YZVVX,2025-05-13,Free 3 Months Streaming,0.0,Yes,2025-05-18,Loyal,No
OFF006536,6000-UKLWI,2025-03-18,Loyalty Reward,0.0,Yes,2025-03-20,Loyal,No
OFF006537,6332-FBZRI,2023-07-26,Free Upgrade,0.0,Yes,2023-07-28,Loyal,No
OFF006538,2096-XOTMO,2023-10-24,Loyalty Reward,0.0,Yes,2023-10-28,Regular,No
OFF006539,3266-FTKHB,2025-08-13,30% Discount,5.74,Yes,2025-08-15,Regular,No
OFF006540,8221-EQDGL,2023-03-02,Loyalty Reward,0.0,Yes,2023-03-06,Regular,No
OFF006541,2346-LOCWC,2024-05-04,Free 3 Months Streaming,0.0,Yes,2024-05-05,Loyal,No
OFF006542,0298-XACET,2024-11-15,Free Upgrade,0.0,Yes,2024-11-19,Loyal,No
OFF006543,7560-QJAVJ,2024-01-03,Premium Support,0.0,Yes,2024-01-06,Loyal,No
OFF006544,0254-WWRKD,2024-03-17,10% Discount,5.05,Yes,2024-03-23,Loyal,No
OFF006545,5339-PXDVH,2025-07-11,Free 3 Months Streaming,0.0,No,,New,No
OFF006546,2205-LPVGL,2025-05-26,Extra 100GB Data,100.0,Yes,2025-05-28,Loyal,No
OFF006547,4609-KNNWG,2024-10-10,Extra 100GB Data,100.0,No,,Regular,No
OFF006548,4868-AADLV,2023-06-08,10% Discount,11.62,No,,Loyal,No
OFF006549,2669-QVCRG,2024-02-05,10% Discount,8.13,Yes,2024-02-09,Loyal,No
OFF006550,2478-EEWWM,2024-03-23,Free 3 Months Streaming,0.0,Yes,2024-03-26,Loyal,No
OFF006551,9174-IHETN,2025-03-17,Extra 100GB Data,100.0,Yes,2025-03-24,Loyal,No
OFF006552,2233-TXSIU,2024-01-07,Extra 100GB Data,100.0,Yes,2024-01-09,Regular,No
OFF006553,3256-EZDBI,2025-12-10,Cashback ₹500,500.0,Yes,2025-12-17,Loyal,No
OFF006554,8164-OCKUJ,2024-06-21,Free 3 Months Streaming,0.0,Yes,2024-06-28,Loyal,No
OFF006555,3094-JOJAI,2023-07-26,20% Discount,22.25,Yes,2023-07-27,Regular,No
OFF006556,9494-MRNYX,2024-03-06,30% Discount,7.5,No,,New,No
OFF006557,9494-MRNYX,2025-09-07,Premium Support,0.0,Yes,2025-09-08,New,No
OFF006558,2599-CZABP,2025-10-20,30% Discount,4.46,Yes,2025-10-25,Regular,No
OFF006559,7945-PRBVF,2023-01-05,Cashback ₹500,500.0,No,,Regular,No
OFF006560,4544-RXFMG,2025-09-22,Loyalty Reward,0.0,No,,New,No
OFF006561,4544-RXFMG,2024-10-10,Loyalty Reward,0.0,No,,New,No
OFF006562,0859-YGKFW,2025-08-25,20% Discount,6.01,Yes,2025-08-28,Regular,No
OFF006563,1177-XZBJL,2023-11-27,10% Discount,6.42,Yes,2023-11-28,Loyal,No
OFF006564,9330-VOFSZ,2025-05-11,Free Upgrade,0.0,No,,Loyal,No
OFF006565,9389-ACWBI,2023-02-23,Loyalty Reward,0.0,Yes,2023-02-26,New,No
OFF006566,9389-ACWBI,2024-08-04,Free Installation,0.0,Yes,2024-08-08,New,No
OFF006567,2911-IJORQ,2024-12-17,Cashback ₹500,500.0,No,,Loyal,No
OFF006568,5921-NGYRH,2025-06-07,Cashback ₹500,500.0,Yes,2025-06-08,Loyal,No
OFF006569,5998-DZLYR,2024-12-28,30% Discount,9.44,Yes,2024-12-28,Loyal,No
OFF006570,9548-LERKT,2024-06-24,10% Discount,3.95,Yes,2024-06-26,Regular,No
OFF006571,2676-ISHSF,2024-04-21,10% Discount,6.09,Yes,2024-04-23,New,No
OFF006572,2676-ISHSF,2023-07-11,10% Discount,6.09,No,,New,No
OFF006573,9236-NDUCW,2024-09-24,30% Discount,10.53,Yes,2024-09-25,Regular,No
OFF006574,4753-PADAS,2023-10-02,Free 3 Months Streaming,0.0,Yes,2023-10-03,Loyal,No
OFF006575,7781-EWARA,2025-09-07,10% Discount,6.04,Yes,2025-09-12,Loyal,No
OFF006576,7018-FPXHH,2025-03-16,Cashback ₹500,500.0,Yes,2025-03-21,Loyal,No
OFF006577,5135-RDDQL,2024-01-14,10% Discount,15.19,Yes,2024-01-20,Loyal,No
OFF006578,9332-GYWLO,2023-10-02,Premium Support,0.0,No,,New,No
OFF006579,1092-WPIVQ,2024-08-01,Premium Support,0.0,Yes,2024-08-08,Regular,No
OFF006580,7233-IOQNP,2025-08-14,Free Upgrade,0.0,Yes,2025-08-20,Loyal,No
OFF006581,0230-UBYPQ,2024-05-19,10% Discount,7.22,Yes,2024-05-20,Loyal,No
OFF006582,1763-KUAAW,2025-04-16,Premium Support,0.0,Yes,2025-04-20,Regular,No
OFF006583,5949-HGVJL,2024-10-04,30% Discount,14.61,No,,Regular,No
OFF006584,5203-XEHAX,2024-04-28,Cashback ₹500,500.0,Yes,2024-04-28,Regular,No
OFF006585,8050-XGRVL,2024-08-25,30% Discount,16.43,Yes,2024-08-27,Loyal,No
OFF006586,5012-YSPJJ,2023-12-14,Free 3 Months Streaming,0.0,No,,Regular,No
OFF006587,6728-VOIFY,2023-09-25,10% Discount,19.2,Yes,2023-09-28,Loyal,No
OFF006588,8969-PRHFK,2023-06-15,30% Discount,5.89,Yes,2023-06-19,Regular,No
OFF006589,9801-NOSHQ,2023-02-08,Premium Support,0.0,No,,Regular,No
OFF006590,2159-TURXX,2025-11-12,30% Discount,2.01,Yes,2025-11-16,New,No
OFF006591,2159-TURXX,2023-12-19,Free 3 Months Streaming,0.0,Yes,2023-12-20,New,No
OFF006592,5647-URDKA,2024-05-05,30% Discount,1.97,No,,New,No
OFF006593,5647-URDKA,2025-06-25,20% Discount,1.97,No,,New,No
OFF006594,9626-WEQRM,2024-01-12,Free 3 Months Streaming,0.0,No,,New,No
OFF006595,2978-XXSOG,2024-10-07,Premium Support,0.0,Yes,2024-10-13,Regular,No
OFF006596,6953-PBDIN,2023-06-12,Premium Support,0.0,Yes,2023-06-16,Loyal,No
OFF006597,3898-BSJYF,2023-08-25,20% Discount,14.71,No,,New,No
OFF006598,3898-BSJYF,2024-06-06,Loyalty Reward,0.0,No,,New,No
OFF006599,7696-AMHOD,2023-03-22,Premium Support,0.0,Yes,2023-03-23,Loyal,No
OFF006600,6340-DACFT,2024-12-28,Extra 100GB Data,100.0,Yes,2024-12-28,Loyal,No
OFF006601,6813-GZQCG,2023-10-15,Premium Support,0.0,Yes,2023-10-18,Loyal,No
OFF006602,7426-GSWPO,2023-07-02,Free Installation,0.0,Yes,2023-07-05,Loyal,No
OFF006603,3118-UHVVQ,2025-07-27,Extra 100GB Data,100.0,No,,Loyal,No
OFF006604,3205-MXZRA,2024-01-03,Free Installation,0.0,No,,Regular,No
OFF006605,8317-BVKSO,2023-10-26,Loyalty Reward,0.0,Yes,2023-10-28,Regular,No
OFF006606,5702-KVQRD,2023-03-28,Loyalty Reward,0.0,No,,Loyal,No
OFF006607,0083-PIVIK,2024-03-09,Premium Support,0.0,No,,Loyal,No
OFF006608,6169-PGNCD,2025-01-03,Cashback ₹500,500.0,Yes,2025-01-10,Loyal,No
OFF006609,4657-FWVFY,2025-10-14,Free 3 Months Streaming,0.0,Yes,2025-10-21,Loyal,No
OFF006610,8690-UPCZI,2024-04-12,Free Upgrade,0.0,No,,Regular,No
OFF006611,8822-KNBHV,2025-04-28,Cashback ₹500,500.0,Yes,2025-04-28,Loyal,No
OFF006612,8404-FYDIB,2024-03-11,Extra 100GB Data,100.0,Yes,2024-03-12,Regular,No
OFF006613,2791-SFVEW,2025-06-24,Premium Support,0.0,Yes,2025-06-28,New,No
OFF006614,2791-SFVEW,2025-05-04,Extra 100GB Data,100.0,Yes,2025-05-09,New,No
OFF006615,6762-NSODU,2025-07-09,Extra 100GB Data,100.0,No,,Loyal,No
OFF006616,9979-RGMZT,2023-04-10,Extra 100GB Data,100.0,Yes,2023-04-17,New,No
OFF006617,9979-RGMZT,2023-07-19,Free 3 Months Streaming,0.0,Yes,2023-07-23,New,No
OFF006618,5474-LAMUQ,2023-01-14,Cashback ₹500,500.0,Yes,2023-01-16,Regular,No
OFF006619,3468-DRVQJ,2023-10-16,Premium Support,0.0,Yes,2023-10-21,New,No
OFF006620,1122-YJBCS,2025-05-24,20% Discount,5.37,Yes,2025-05-28,Loyal,No
OFF006621,4990-ALDGW,2025-12-06,Cashback ₹500,500.0,Yes,2025-12-09,Loyal,No
OFF006622,4816-OKWNX,2023-07-10,Extra 100GB Data,100.0,No,,Loyal,No
OFF006623,8006-PYCSW,2023-08-10,Free Upgrade,0.0,No,,New,No
OFF006624,8006-PYCSW,2024-10-02,10% Discount,4.02,Yes,2024-10-03,New,No
OFF006625,8722-PRFDV,2023-06-26,Free Upgrade,0.0,Yes,2023-06-28,Loyal,No
OFF006626,5850-BDWCY,2024-10-05,30% Discount,6.06,No,,New,No
OFF006627,2038-YSEZE,2024-08-16,Free 3 Months Streaming,0.0,Yes,2024-08-23,Regular,No
OFF006628,1705-GUHPV,2024-08-14,Loyalty Reward,0.0,Yes,2024-08-16,Loyal,No
OFF006629,4779-ZGICK,2023-12-28,Loyalty Reward,0.0,No,,Loyal,No
OFF006630,3967-KXAPS,2024-02-23,Cashback ₹500,500.0,No,,Loyal,No
OFF006631,6810-VCAEX,2025-08-04,Free 3 Months Streaming,0.0,Yes,2025-08-07,Loyal,No
OFF006632,0674-EYYZV,2024-09-08,Cashback ₹500,500.0,Yes,2024-09-11,New,No
OFF006633,0674-EYYZV,2023-03-19,Free Upgrade,0.0,Yes,2023-03-20,New,No
OFF006634,1395-OFUWC,2025-03-01,Free Upgrade,0.0,Yes,2025-03-02,Loyal,No
OFF006635,3588-WSTTJ,2024-06-08,Free Upgrade,0.0,No,,Regular,No
OFF006636,4075-WKNIU,2023-05-26,Cashback ₹500,500.0,No,,New,No
OFF006637,5090-EMGTC,2024-08-24,Extra 100GB Data,100.0,Yes,2024-08-27,Loyal,No
OFF006638,4186-ZBUEW,2025-07-24,Loyalty Reward,0.0,No,,Loyal,No
OFF006639,5274-XHAKY,2023-11-09,30% Discount,18.86,Yes,2023-11-13,Loyal,No
OFF006640,9388-ZEYVT,2023-06-20,Free 3 Months Streaming,0.0,Yes,2023-06-21,Loyal,No
OFF006641,7605-SNLQG,2023-08-28,20% Discount,15.07,No,,Loyal,No
OFF006642,5161-XEUVX,2023-07-04,10% Discount,28.29,No,,Loyal,No
OFF006643,8591-NXRCV,2024-03-27,Premium Support,0.0,Yes,2024-03-28,Loyal,No
OFF006644,7895-VONWT,2023-09-14,Free 3 Months Streaming,0.0,Yes,2023-09-20,Regular,No
OFF006645,4526-RMTLL,2025-02-03,Premium Support,0.0,No,,New,No
OFF006646,4526-RMTLL,2023-01-02,Cashback ₹500,500.0,Yes,2023-01-07,New,No
OFF006647,6253-GNHWH,2023-11-09,Loyalty Reward,0.0,No,,Loyal,No
OFF006648,4566-NECEV,2024-12-01,20% Discount,19.31,No,,New,No
OFF006649,4566-NECEV,2023-02-07,Free Upgrade,0.0,No,,New,No
OFF006650,3662-FXJFO,2025-11-05,Free Upgrade,0.0,Yes,2025-11-11,Loyal,No
OFF006651,2027-CWDNU,2024-04-16,Free Upgrade,0.0,Yes,2024-04-23,Regular,No
OFF006652,3733-ZEECP,2023-02-18,Loyalty Reward,0.0,No,,Regular,No
OFF006653,7878-RTCZG,2025-04-09,Free Installation,0.0,Yes,2025-04-12,New,No
OFF006654,7878-RTCZG,2025-05-28,30% Discount,1.99,Yes,2025-05-28,New,No
OFF006655,4989-LIXVT,2025-10-02,20% Discount,9.59,Yes,2025-10-06,Loyal,No
OFF006656,7315-WYOAW,2024-05-19,Loyalty Reward,0.0,Yes,2024-05-22,Regular,No
OFF006657,2509-TFPJU,2023-08-13,Free Installation,0.0,No,,Loyal,No
OFF006658,9530-GRMJG,2023-11-07,Cashback ₹500,500.0,Yes,2023-11-13,Loyal,No
OFF006659,5481-NTDOH,2023-12-28,Loyalty Reward,0.0,Yes,2023-12-28,Loyal,No
OFF006660,2068-WWXQZ,2024-10-18,Free Upgrade,0.0,No,,Loyal,No
OFF006661,0749-IRGQE,2023-02-27,Free Installation,0.0,Yes,2023-02-28,Regular,No
OFF006662,1272-ILHFG,2023-03-05,Cashback ₹500,500.0,Yes,2023-03-12,Regular,No
OFF006663,5666-CYCYZ,2024-11-07,Cashback ₹500,500.0,No,,Regular,No
OFF006664,4011-ARPHK,2023-10-15,Loyalty Reward,0.0,Yes,2023-10-19,Regular,No
OFF006665,7558-IMLMT,2023-01-26,Free 3 Months Streaming,0.0,No,,Loyal,No
OFF006666,3590-TCXTB,2023-11-24,Extra 100GB Data,100.0,No,,New,No
OFF006667,3590-TCXTB,2023-05-01,Premium Support,0.0,No,,New,No
OFF006668,6994-KERXL,2025-02-01,30% Discount,16.77,Yes,2025-02-08,New,No
OFF006669,6994-KERXL,2023-12-28,Premium Support,0.0,No,,New,No
OFF006670,2740-JFBOK,2024-12-08,Loyalty Reward,0.0,Yes,2024-12-10,New,No
OFF006671,8469-SNFFH,2023-07-19,10% Discount,15.88,Yes,2023-07-23,Loyal,No
OFF006672,1241-FPMOF,2025-10-21,Premium Support,0.0,Yes,2025-10-22,Loyal,No
OFF006673,9928-BZVLZ,2023-07-27,Free Upgrade,0.0,Yes,2023-07-28,Regular,No
OFF006674,4114-QMKVN,2025-04-26,Free Installation,0.0,Yes,2025-04-28,Loyal,No
OFF006675,2775-SEFEE,2024-03-17,Loyalty Reward,0.0,Yes,2024-03-18,New,No
OFF006676,2775-SEFEE,2023-07-27,10% Discount,18.57,Yes,2023-07-28,New,No
OFF006677,7956-XQWGU,2024-03-11,Extra 100GB Data,100.0,Yes,2024-03-13,Regular,No
OFF006678,2369-FEVNO,2025-07-15,Premium Support,0.0,Yes,2025-07-19,New,No
OFF006679,2369-FEVNO,2024-03-01,Free Upgrade,0.0,No,,New,No
OFF006680,7471-MQPOS,2025-02-27,Loyalty Reward,0.0,No,,Loyal,No
OFF006681,9845-QOMAD,2024-12-26,10% Discount,1.98,No,,Regular,No
OFF006682,7672-VFMXZ,2025-10-11,Loyalty Reward,0.0,Yes,2025-10-14,Loyal,No
OFF006683,9739-JLPQJ,2023-04-28,Loyalty Reward,0.0,Yes,2023-04-28,Loyal,No
OFF006684,3855-ONCAR,2025-09-27,30% Discount,23.67,Yes,2025-09-28,New,No
OFF006685,0970-QXPXW,2023-04-11,Cashback ₹500,500.0,Yes,2023-04-16,New,No
OFF006686,3259-KNMRR,2023-09-05,20% Discount,15.95,No,,Loyal,No
OFF006687,5893-KCLGT,2023-07-13,Loyalty Reward,0.0,Yes,2023-07-18,Loyal,No
OFF006688,0076-LVEPS,2025-07-09,Extra 100GB Data,100.0,No,,Regular,No
OFF006689,3640-JQGJG,2024-02-03,10% Discount,4.48,Yes,2024-02-04,Regular,No
OFF006690,1596-OQSPS,2024-10-15,Free Upgrade,0.0,No,,New,No
OFF006691,1596-OQSPS,2023-01-04,10% Discount,5.11,Yes,2023-01-07,New,No
OFF006692,9867-XOBQA,2025-04-20,20% Discount,10.63,No,,Regular,No
OFF006693,9546-KDTRB,2025-10-24,Free Upgrade,0.0,Yes,2025-10-28,Regular,No
OFF006694,1760-CAZHT,2024-03-07,30% Discount,6.24,Yes,2024-03-14,Regular,No
OFF006695,8441-SHIPE,2025-12-11,10% Discount,7.68,No,,Loyal,No
OFF006696,1047-RNXZV,2023-12-09,Extra 100GB Data,100.0,Yes,2023-12-12,Loyal,No
OFF006697,8725-JEDFD,2025-08-07,Extra 100GB Data,100.0,Yes,2025-08-11,Regular,No
OFF006698,7562-UXTPG,2024-01-05,Loyalty Reward,0.0,Yes,2024-01-08,Regular,No
OFF006699,8071-SBTRN,2025-02-25,Free 3 Months Streaming,0.0,Yes,2025-02-28,Loyal,No
OFF006700,6668-CNMFP,2024-04-05,Free 3 Months Streaming,0.0,Yes,2024-04-06,Regular,No
OFF006701,5626-MGTUK,2024-12-07,Free Installation,0.0,Yes,2024-12-13,Regular,No
OFF006702,4323-OHFOW,2023-03-07,Extra 100GB Data,100.0,No,,Loyal,No
OFF006703,4933-BSAIP,2025-06-20,Free Installation,0.0,Yes,2025-06-25,Loyal,No
OFF006704,2030-BTZRO,2023-11-19,10% Discount,4.08,No,,New,No
OFF006705,1116-DXXDF,2024-01-21,Premium Support,0.0,No,,Loyal,No
OFF006706,6563-VNPMN,2024-12-10,Extra 100GB Data,100.0,Yes,2024-12-14,Loyal,No
OFF006707,4707-MAXGU,2025-10-23,Cashback ₹500,500.0,Yes,2025-10-25,Loyal,No
OFF006708,5022-KVDQT,2024-01-22,20% Discount,16.26,Yes,2024-01-25,Regular,No
OFF006709,7976-CICYS,2025-03-25,Free Installation,0.0,Yes,2025-03-28,New,No
OFF006710,7976-CICYS,2025-04-21,Loyalty Reward,0.0,No,,New,No
OFF006711,2005-DWQZJ,2025-02-21,Free 3 Months Streaming,0.0,Yes,2025-02-27,New,No
OFF006712,8148-WOCMK,2024-09-12,30% Discount,3.92,Yes,2024-09-14,New,No
OFF006713,7815-PDTHL,2024-09-05,Extra 100GB Data,100.0,Yes,2024-09-08,Regular,No
OFF006714,9129-UXERG,2023-05-01,30% Discount,10.36,No,,Regular,No
OFF006715,3635-JBPSG,2023-03-21,Cashback ₹500,500.0,No,,Regular,No
OFF006716,7964-ZRKKG,2024-01-15,20% Discount,17.68,Yes,2024-01-18,Loyal,No
OFF006717,8217-QYOHV,2023-04-17,Free 3 Months Streaming,0.0,Yes,2023-04-22,New,No
OFF006718,5546-QUERU,2024-05-09,Free Upgrade,0.0,No,,Regular,No
OFF006719,6127-IYJOZ,2024-12-16,10% Discount,4.58,Yes,2024-12-17,New,No
OFF006720,6127-IYJOZ,2025-11-16,20% Discount,9.17,No,,New,No
OFF006721,5060-TQUQN,2024-06-09,10% Discount,8.36,No,,Regular,No
OFF006722,0531-XBKMM,2025-01-01,30% Discount,6.57,Yes,2025-01-07,Loyal,No
OFF006723,2408-PSJVE,2024-03-08,10% Discount,12.38,Yes,2024-03-14,Loyal,No
OFF006724,3508-CFVZL,2025-09-20,30% Discount,33.39,No,,Loyal,No
OFF006725,8792-AOROI,2024-09-04,Cashback ₹500,500.0,No,,New,No
OFF006726,3452-SRFEG,2025-10-15,Premium Support,0.0,Yes,2025-10-19,Loyal,No
OFF006727,5297-MDOIR,2024-09-23,Free Installation,0.0,No,,Loyal,No
OFF006728,6369-MCAKO,2024-07-07,Extra 100GB Data,100.0,Yes,2024-07-13,Loyal,No
OFF006729,4926-UMJZD,2025-06-07,Premium Support,0.0,No,,Regular,No
OFF006730,0682-USIXD,2023-12-15,20% Discount,17.21,Yes,2023-12-22,Regular,No
OFF006731,7078-NVFAM,2025-07-13,30% Discount,10.54,No,,Regular,No
OFF006732,2511-ALLCS,2023-02-20,Free Installation,0.0,Yes,2023-02-25,Regular,No
OFF006733,3191-CSNMG,2024-12-02,Premium Support,0.0,No,,New,No
OFF006734,3191-CSNMG,2023-08-20,Extra 100GB Data,100.0,Yes,2023-08-23,New,No
OFF006735,7952-OBOYL,2024-03-13,Free Upgrade,0.0,Yes,2024-03-17,New,No
OFF006736,7853-OETYL,2024-11-21,Premium Support,0.0,No,,New,No
OFF006737,7853-OETYL,2023-02-03,Free 3 Months Streaming,0.0,Yes,2023-02-09,New,No
OFF006738,1545-ACTAS,2025-08-21,Cashback ₹500,500.0,Yes,2025-08-27,Loyal,No
OFF006739,2363-BJLSL,2024-04-02,Free Installation,0.0,Yes,2024-04-03,Loyal,No
OFF006740,5820-PTRYM,2024-07-11,Free 3 Months Streaming,0.0,Yes,2024-07-14,Loyal,No
OFF006741,9609-BENEA,2024-08-20,Loyalty Reward,0.0,Yes,2024-08-24,Regular,No
OFF006742,6211-WHMYA,2023-10-28,Free Upgrade,0.0,No,,Loyal,No
OFF006743,9108-EJFJP,2023-09-17,Loyalty Reward,0.0,Yes,2023-09-20,New,No
OFF006744,9108-EJFJP,2024-05-07,Loyalty Reward,0.0,Yes,2024-05-09,New,No
OFF006745,0508-SQWPL,2024-01-03,Free Installation,0.0,Yes,2024-01-07,Loyal,No
OFF006746,2215-ZAFGX,2023-10-27,Cashback ₹500,500.0,No,,New,No
OFF006747,1304-SEGFY,2024-03-13,Premium Support,0.0,Yes,2024-03-17,Loyal,No
OFF006748,7242-EDTYC,2024-04-08,Loyalty Reward,0.0,Yes,2024-04-13,Loyal,No
OFF006749,5136-GFPMB,2025-10-18,Premium Support,0.0,Yes,2025-10-22,Loyal,No
OFF006750,2595-KIWPV,2023-08-28,30% Discount,1.97,Yes,2023-08-28,Regular,No
OFF006751,5243-SAOTC,2025-07-03,30% Discount,7.98,Yes,2025-07-06,Loyal,No
OFF006752,7619-PLRLP,2025-11-25,30% Discount,22.23,Yes,2025-11-28,Loyal,No
OFF006753,4710-NKCAW,2025-12-06,Loyalty Reward,0.0,No,,New,No
OFF006754,4710-NKCAW,2024-06-05,20% Discount,6.44,Yes,2024-06-09,New,No
OFF006755,5306-BVTKJ,2023-01-26,Extra 100GB Data,100.0,No,,Loyal,No
OFF006756,0357-NVCRI,2025-04-05,Free Installation,0.0,Yes,2025-04-08,Regular,No
OFF006757,2371-KFUOG,2025-12-18,Premium Support,0.0,Yes,2025-12-25,Loyal,No
OFF006758,6257-DTAYD,2025-01-13,Loyalty Reward,0.0,No,,Loyal,No
OFF006759,4616-ULAOA,2023-08-22,Extra 100GB Data,100.0,Yes,2023-08-26,Loyal,No
OFF006760,2758-RNWXS,2023-12-21,Cashback ₹500,500.0,Yes,2023-12-22,Regular,No
OFF006761,2314-TNDJQ,2024-06-11,10% Discount,11.13,No,,Loyal,No
OFF006762,2405-LBMUW,2025-04-07,Free 3 Months Streaming,0.0,No,,Loyal,No
OFF006763,3454-JFUBC,2024-01-17,10% Discount,2.0,Yes,2024-01-19,Loyal,No
OFF006764,2750-BJLSB,2024-11-25,Free Upgrade,0.0,Yes,2024-11-28,Loyal,No
OFF006765,3078-ZKNTS,2025-03-24,Free Installation,0.0,Yes,2025-03-25,Regular,No
OFF006766,4690-PKDQG,2024-03-03,Free 3 Months Streaming,0.0,No,,Loyal,No
OFF006767,9547-ITEFG,2024-01-17,Premium Support,0.0,Yes,2024-01-22,New,No
OFF006768,9547-ITEFG,2024-02-15,Loyalty Reward,0.0,Yes,2024-02-17,New,No
OFF006769,1264-FUHCX,2023-10-14,Free 3 Months Streaming,0.0,Yes,2023-10-21,Loyal,No
OFF006770,7789-CRUVC,2024-08-11,Free Installation,0.0,Yes,2024-08-17,Loyal,No
OFF006771,6598-KELSS,2024-01-22,Loyalty Reward,0.0,Yes,2024-01-28,Loyal,No
OFF006772,8468-FZTOE,2024-12-13,Cashback ₹500,500.0,Yes,2024-12-17,Loyal,No
OFF006773,6633-SYEUS,2025-10-27,Free 3 Months Streaming,0.0,Yes,2025-10-28,Regular,No
OFF006774,5981-ZVXOT,2025-05-07,20% Discount,32.5,Yes,2025-05-13,Regular,No
OFF006775,1684-FLBGS,2025-09-12,30% Discount,20.85,Yes,2025-09-19,Regular,No
OFF006776,1389-WNUIB,2025-04-08,Free Upgrade,0.0,Yes,2025-04-14,Regular,No
OFF006777,0376-OIWME,2024-01-14,20% Discount,18.72,Yes,2024-01-21,Loyal,No
OFF006778,0218-QNVAS,2024-03-27,Cashback ₹500,500.0,Yes,2024-03-28,Loyal,No
OFF006779,0804-YGEQV,2023-10-23,Extra 100GB Data,100.0,Yes,2023-10-27,Loyal,No
OFF006780,7164-BPTUT,2024-07-06,Cashback ₹500,500.0,No,,Loyal,No
OFF006781,2523-EWWZL,2025-01-25,Free Upgrade,0.0,No,,Regular,No
OFF006782,0928-XUTSN,2023-08-01,Free Installation,0.0,No,,Regular,No
OFF006783,9586-JGQKH,2023-02-06,Free Installation,0.0,Yes,2023-02-07,Loyal,No
OFF006784,4501-VCPFK,2024-01-18,Cashback ₹500,500.0,Yes,2024-01-20,Regular,No
OFF006785,2274-XUATA,2024-07-14,Cashback ₹500,500.0,Yes,2024-07-17,Loyal,No
OFF006786,6691-CCIHA,2025-05-11,Extra 100GB Data,100.0,Yes,2025-05-16,Loyal,No
OFF006787,1685-BQULA,2025-02-02,20% Discount,9.34,Yes,2025-02-04,Loyal,No
OFF006788,9053-EJUNL,2025-07-25,Extra 100GB Data,100.0,Yes,2025-07-26,Loyal,No
OFF006789,0666-UXTJO,2023-05-14,Free 3 Months Streaming,0.0,No,,Regular,No
OFF006790,1471-GIQKQ,2025-08-27,Free Installation,0.0,Yes,2025-08-28,New,No
OFF006791,1471-GIQKQ,2024-06-17,Free Upgrade,0.0,Yes,2024-06-18,New,No
OFF006792,7398-LXGYX,2024-09-27,10% Discount,16.96,Yes,2024-09-28,Loyal,No
OFF006793,2823-LKABH,2025-11-10,Free 3 Months Streaming,0.0,Yes,2025-11-14,Regular,No
OFF006794,0550-DCXLH,2025-03-06,Extra 100GB Data,100.0,Yes,2025-03-07,Regular,No
OFF006795,9281-CEDRU,2025-10-09,Extra 100GB Data,100.0,No,,Loyal,No
OFF006796,2235-DWLJU,2023-08-23,Free Upgrade,0.0,Yes,2023-08-28,New,No
OFF006797,2235-DWLJU,2024-05-20,Free Installation,0.0,Yes,2024-05-23,New,No
OFF006798,0871-OPBXW,2024-10-13,Premium Support,0.0,No,,New,No
OFF006799,3605-JISKB,2024-03-02,20% Discount,18.0,Yes,2024-03-04,Loyal,No
OFF006800,9767-FFLEM,2025-12-13,Free Upgrade,0.0,No,,Loyal,No
OFF006801,8456-QDAVC,2023-10-18,Premium Support,0.0,Yes,2023-10-19,Regular,No
OFF006802,7750-EYXWZ,2023-02-26,Free 3 Months Streaming,0.0,No,,Regular,No
OFF006803,3186-AJIEK,2024-03-14,Extra 100GB Data,100.0,Yes,2024-03-20,Loyal,No
